-- BUILD WITH MODEL TIME 191108T1555

drop database  if exists bcex;
create database bcex;
-- alter  database bcex  character set = utf8mb4  collate = utf8mb4_unicode_ci; -- 支持表情符号
use bcex;
set SESSION sql_mode='';

drop table  if exists platform_data;
create table platform_data (
	id                            	varchar(48)          not null            comment 'ID',
	name                          	varchar(200)                             comment '名称',
	description                   	longtext                                 comment '描述',
	version                       	int                                      comment '版本'
	
) ENGINE=InnoDB DEFAULT CHARSET=utf8mb4 COLLATE = utf8mb4_unicode_ci COMMENT = "平台";
-- primary key will be created later for better import performance

drop table  if exists change_request_type_data;
create table change_request_type_data (
	id                            	varchar(48)          not null            comment 'ID',
	name                          	varchar(16)                              comment '名称',
	code                          	varchar(40)                              comment '代码',
	icon                          	varchar(48)                              comment '图标',
	display_order                 	int                                      comment '显示顺序',
	platform                      	varchar(48)                              comment '平台',
	version                       	int                                      comment '版本'
	
) ENGINE=InnoDB DEFAULT CHARSET=utf8mb4 COLLATE = utf8mb4_unicode_ci COMMENT = "变更请求类型";
-- primary key will be created later for better import performance

drop table  if exists change_request_data;
create table change_request_data (
	id                            	varchar(48)          not null            comment 'ID',
	name                          	varchar(50)                              comment '名称',
	create_time                   	datetime                                 comment '创建时间',
	remote_ip                     	varchar(40)                              comment '远程Ip',
	request_type                  	varchar(48)                              comment '请求类型',
	platform                      	varchar(48)                              comment '平台',
	version                       	int                                      comment '版本'
	
) ENGINE=InnoDB DEFAULT CHARSET=utf8mb4 COLLATE = utf8mb4_unicode_ci COMMENT = "变更请求";
-- primary key will be created later for better import performance

drop table  if exists registration_data;
create table registration_data (
	id                            	varchar(48)          not null            comment 'ID',
	nick_name                     	varchar(200)                             comment '昵称',
	avatar                        	varchar(512) CHARACTER SET ascii COLLATE ascii_general_ci                     comment '头像',
	change_request                	varchar(48)                              comment '变更请求',
	version                       	int                                      comment '版本'
	
) ENGINE=InnoDB DEFAULT CHARSET=utf8mb4 COLLATE = utf8mb4_unicode_ci COMMENT = "登记";
-- primary key will be created later for better import performance

drop table  if exists start_exam_data;
create table start_exam_data (
	id                            	varchar(48)          not null            comment 'ID',
	nick_name                     	varchar(200)                             comment '昵称',
	user                          	varchar(48)                              comment '用户',
	change_request                	varchar(48)                              comment '变更请求',
	version                       	int                                      comment '版本'
	
) ENGINE=InnoDB DEFAULT CHARSET=utf8mb4 COLLATE = utf8mb4_unicode_ci COMMENT = "开始考试";
-- primary key will be created later for better import performance

drop table  if exists answer_question_data;
create table answer_question_data (
	id                            	varchar(48)          not null            comment 'ID',
	nick_name                     	varchar(200)                             comment '昵称',
	user                          	varchar(48)                              comment '用户',
	user_answer                   	varchar(48)                              comment '用户的答案',
	answer                        	varchar(20)                              comment '回答',
	change_request                	varchar(48)                              comment '变更请求',
	version                       	int                                      comment '版本'
	
) ENGINE=InnoDB DEFAULT CHARSET=utf8mb4 COLLATE = utf8mb4_unicode_ci COMMENT = "回答问题";
-- primary key will be created later for better import performance

drop table  if exists exam_status_data;
create table exam_status_data (
	id                            	varchar(48)          not null            comment 'ID',
	name                          	varchar(200)                             comment '名称',
	code                          	varchar(36)                              comment '代码',
	platform                      	varchar(48)                              comment '平台',
	version                       	int                                      comment '版本'
	
) ENGINE=InnoDB DEFAULT CHARSET=utf8mb4 COLLATE = utf8mb4_unicode_ci COMMENT = "考试状态";
-- primary key will be created later for better import performance

drop table  if exists question_data;
create table question_data (
	id                            	varchar(48)          not null            comment 'ID',
	topic                         	varchar(80)                              comment '主题',
	level                         	varchar(4)                               comment '水平',
	option_a                      	varchar(16)                              comment 'A选项',
	option_b                      	varchar(16)                              comment 'B选项',
	option_c                      	varchar(16)                              comment 'C选项',
	option_d                      	varchar(16)                              comment 'D选项',
	option_e                      	varchar(16)                              comment 'E选项',
	right_answer                  	varchar(4)                               comment '正确的答案',
	platform                      	varchar(48)                              comment '平台',
	version                       	int                                      comment '版本'
	
) ENGINE=InnoDB DEFAULT CHARSET=utf8mb4 COLLATE = utf8mb4_unicode_ci COMMENT = "检查问题";
-- primary key will be created later for better import performance

drop table  if exists exam_ranking_data;
create table exam_ranking_data (
	id                            	varchar(48)          not null            comment 'ID',
	name                          	varchar(20)                              comment '名称',
	avatar                        	varchar(512) CHARACTER SET ascii COLLATE ascii_general_ci                     comment '头像',
	platform                      	varchar(48)                              comment '平台',
	version                       	int                                      comment '版本'
	
) ENGINE=InnoDB DEFAULT CHARSET=utf8mb4 COLLATE = utf8mb4_unicode_ci COMMENT = "考试排名";
-- primary key will be created later for better import performance

drop table  if exists answer_data;
create table answer_data (
	id                            	varchar(48)          not null            comment 'ID',
	title                         	varchar(16)                              comment '标题',
	comment                       	varchar(56)                              comment '评论',
	question                      	varchar(48)                              comment '检查问题',
	version                       	int                                      comment '版本'
	
) ENGINE=InnoDB DEFAULT CHARSET=utf8mb4 COLLATE = utf8mb4_unicode_ci COMMENT = "回答";
-- primary key will be created later for better import performance

drop table  if exists wechat_user_data;
create table wechat_user_data (
	id                            	varchar(48)          not null            comment 'ID',
	name                          	varchar(200)                             comment '名称',
	avarta                        	varchar(512) CHARACTER SET ascii COLLATE ascii_general_ci                     comment 'Avarta',
	create_time                   	datetime                                 comment '创建时间',
	user_type                     	varchar(20)                              comment '用户类型',
	platform                      	varchar(48)                              comment '平台',
	version                       	int                                      comment '版本'
	
) ENGINE=InnoDB DEFAULT CHARSET=utf8mb4 COLLATE = utf8mb4_unicode_ci COMMENT = "微信用户";
-- primary key will be created later for better import performance

drop table  if exists wechat_login_info_data;
create table wechat_login_info_data (
	id                            	varchar(48)          not null            comment 'ID',
	wechat_user                   	varchar(48)                              comment '微信用户',
	app_id                        	varchar(100)                             comment '应用程序Id',
	open_id                       	varchar(100)                             comment '开放Id',
	session_key                   	varchar(200)                             comment '会话密钥',
	last_update_time              	datetime                                 comment '最后更新时间',
	version                       	int                                      comment '版本'
	
) ENGINE=InnoDB DEFAULT CHARSET=utf8mb4 COLLATE = utf8mb4_unicode_ci COMMENT = "微信登录信息";
-- primary key will be created later for better import performance

drop table  if exists exam_data;
create table exam_data (
	id                            	varchar(48)          not null            comment 'ID',
	name                          	varchar(200)                             comment '名称',
	create_time                   	datetime                                 comment '创建时间',
	status                        	varchar(48)                              comment '状态',
	user                          	varchar(48)                              comment '用户',
	score                         	int                                      comment '分数',
	version                       	int                                      comment '版本'
	
) ENGINE=InnoDB DEFAULT CHARSET=utf8mb4 COLLATE = utf8mb4_unicode_ci COMMENT = "考试";
-- primary key will be created later for better import performance

drop table  if exists user_answer_data;
create table user_answer_data (
	id                            	varchar(48)          not null            comment 'ID',
	topic                         	varchar(80)                              comment '主题',
	user_select                   	varchar(4)                               comment '用户选择',
	question                      	varchar(48)                              comment '检查问题',
	exam                          	varchar(48)                              comment '考试',
	version                       	int                                      comment '版本'
	
) ENGINE=InnoDB DEFAULT CHARSET=utf8mb4 COLLATE = utf8mb4_unicode_ci COMMENT = "用户的答案";
-- primary key will be created later for better import performance

drop table  if exists fault_answer_data;
create table fault_answer_data (
	id                            	varchar(48)          not null            comment 'ID',
	topic                         	varchar(80)                              comment '主题',
	your_answer                   	varchar(16)                              comment '你的答案',
	right_answer                  	varchar(16)                              comment '正确的答案',
	create_time                   	datetime                                 comment '创建时间',
	user                          	varchar(48)                              comment '用户',
	exam                          	varchar(48)                              comment '考试',
	version                       	int                                      comment '版本'
	
) ENGINE=InnoDB DEFAULT CHARSET=utf8mb4 COLLATE = utf8mb4_unicode_ci COMMENT = "错误的答案";
-- primary key will be created later for better import performance

drop table  if exists user_domain_data;
create table user_domain_data (
	id                            	varchar(48)          not null            comment 'ID',
	name                          	varchar(16)                              comment '名称',
	version                       	int                                      comment '版本'
	
) ENGINE=InnoDB DEFAULT CHARSET=utf8mb4 COLLATE = utf8mb4_unicode_ci COMMENT = "用户域";
-- primary key will be created later for better import performance

drop table  if exists user_white_list_data;
create table user_white_list_data (
	id                            	varchar(48)          not null            comment 'ID',
	user_identity                 	varchar(40)                              comment '用户身份',
	user_special_functions        	varchar(200)                             comment '用户特殊功能',
	domain                        	varchar(48)                              comment '域',
	version                       	int                                      comment '版本'
	
) ENGINE=InnoDB DEFAULT CHARSET=utf8mb4 COLLATE = utf8mb4_unicode_ci COMMENT = "用户白名单";
-- primary key will be created later for better import performance

drop table  if exists sec_user_data;
create table sec_user_data (
	id                            	varchar(48)          not null            comment 'ID',
	login                         	varchar(256)                             comment '登录',
	mobile                        	varchar(11)                              comment '手机号码',
	email                         	varchar(256)                             comment '电子邮件',
	pwd                           	varchar(64)                              comment '密码',
	weixin_openid                 	varchar(128)                             comment '微信openid',
	weixin_appid                  	varchar(128)                             comment '微信Appid',
	access_token                  	varchar(128)                             comment '访问令牌',
	verification_code             	int                                      comment '验证码',
	verification_code_expire      	datetime                                 comment '验证码过期',
	last_login_time               	datetime                                 comment '最后登录时间',
	domain                        	varchar(48)                              comment '域',
	blocking                      	varchar(48)                              comment '屏蔽',
	current_status                	varchar(28)                              comment '当前状态',
	version                       	int                                      comment '版本'
	
) ENGINE=InnoDB DEFAULT CHARSET=utf8mb4 COLLATE = utf8mb4_unicode_ci COMMENT = "安全用户";
-- primary key will be created later for better import performance

drop table  if exists sec_user_blocking_data;
create table sec_user_blocking_data (
	id                            	varchar(48)          not null            comment 'ID',
	who                           	varchar(52)                              comment '谁',
	block_time                    	datetime                                 comment '块时间',
	comments                      	varchar(96)                              comment '评论',
	version                       	int                                      comment '版本'
	
) ENGINE=InnoDB DEFAULT CHARSET=utf8mb4 COLLATE = utf8mb4_unicode_ci COMMENT = "用户屏蔽";
-- primary key will be created later for better import performance

drop table  if exists user_app_data;
create table user_app_data (
	id                            	varchar(48)          not null            comment 'ID',
	title                         	varchar(300)                             comment '标题',
	sec_user                      	varchar(48)                              comment '安全用户',
	app_icon                      	varchar(36)                              comment '应用程序图标',
	full_access                   	tinyint                                  comment '完全访问',
	permission                    	varchar(16)                              comment '许可',
	object_type                   	varchar(100)                             comment '访问对象类型',
	object_id                     	varchar(40)                              comment '对象ID',
	location                      	varchar(48)                              comment '位置',
	version                       	int                                      comment '版本'
	
) ENGINE=InnoDB DEFAULT CHARSET=utf8mb4 COLLATE = utf8mb4_unicode_ci COMMENT = "用户应用程序";
-- primary key will be created later for better import performance

drop table  if exists quick_link_data;
create table quick_link_data (
	id                            	varchar(48)          not null            comment 'ID',
	name                          	varchar(200)                             comment '名称',
	icon                          	varchar(200)                             comment '图标',
	image_path                    	varchar(512) CHARACTER SET ascii COLLATE ascii_general_ci                     comment '图片路径',
	link_target                   	varchar(200)                             comment '链接的目标',
	create_time                   	datetime                                 comment '创建时间',
	app                           	varchar(48)                              comment '应用程序',
	version                       	int                                      comment '版本'
	
) ENGINE=InnoDB DEFAULT CHARSET=utf8mb4 COLLATE = utf8mb4_unicode_ci COMMENT = "快速链接";
-- primary key will be created later for better import performance

drop table  if exists list_access_data;
create table list_access_data (
	id                            	varchar(48)          not null            comment 'ID',
	name                          	varchar(200)                             comment '名称',
	internal_name                 	varchar(200)                             comment '内部名称',
	read_permission               	tinyint                                  comment '读权限',
	create_permission             	tinyint                                  comment '创建权限',
	delete_permission             	tinyint                                  comment '删除权限',
	update_permission             	tinyint                                  comment '更新权限',
	execution_permission          	tinyint                                  comment '执行权限',
	app                           	varchar(48)                              comment '应用程序',
	version                       	int                                      comment '版本'
	
) ENGINE=InnoDB DEFAULT CHARSET=utf8mb4 COLLATE = utf8mb4_unicode_ci COMMENT = "访问列表";
-- primary key will be created later for better import performance

drop table  if exists object_access_data;
create table object_access_data (
	id                            	varchar(48)          not null            comment 'ID',
	name                          	varchar(28)                              comment '名称',
	object_type                   	varchar(112)                             comment '访问对象类型',
	list1                         	varchar(80)                              comment '列表1',
	list2                         	varchar(80)                              comment '列表2',
	list3                         	varchar(80)                              comment '列表3',
	list4                         	varchar(80)                              comment '列表4',
	list5                         	varchar(80)                              comment '列表5',
	list6                         	varchar(80)                              comment '列表6',
	list7                         	varchar(80)                              comment '列表7',
	list8                         	varchar(80)                              comment '列表8',
	list9                         	varchar(80)                              comment '列表9',
	app                           	varchar(48)                              comment '应用程序',
	version                       	int                                      comment '版本'
	
) ENGINE=InnoDB DEFAULT CHARSET=utf8mb4 COLLATE = utf8mb4_unicode_ci COMMENT = "对象访问";
-- primary key will be created later for better import performance

drop table  if exists login_history_data;
create table login_history_data (
	id                            	varchar(48)          not null            comment 'ID',
	login_time                    	datetime                                 comment '登录时间',
	from_ip                       	varchar(44)                              comment '来自IP',
	description                   	varchar(16)                              comment '描述',
	sec_user                      	varchar(48)                              comment '安全用户',
	version                       	int                                      comment '版本'
	
) ENGINE=InnoDB DEFAULT CHARSET=utf8mb4 COLLATE = utf8mb4_unicode_ci COMMENT = "登录历史";
-- primary key will be created later for better import performance

drop table  if exists generic_form_data;
create table generic_form_data (
	id                            	varchar(48)          not null            comment 'ID',
	title                         	varchar(20)                              comment '标题',
	description                   	varchar(48)                              comment '描述',
	version                       	int                                      comment '版本'
	
) ENGINE=InnoDB DEFAULT CHARSET=utf8mb4 COLLATE = utf8mb4_unicode_ci COMMENT = "通用的形式";
-- primary key will be created later for better import performance

drop table  if exists form_message_data;
create table form_message_data (
	id                            	varchar(48)          not null            comment 'ID',
	title                         	varchar(24)                              comment '标题',
	form                          	varchar(48)                              comment '形式',
	level                         	varchar(28)                              comment '水平',
	version                       	int                                      comment '版本'
	
) ENGINE=InnoDB DEFAULT CHARSET=utf8mb4 COLLATE = utf8mb4_unicode_ci COMMENT = "表单信息";
-- primary key will be created later for better import performance

drop table  if exists form_field_message_data;
create table form_field_message_data (
	id                            	varchar(48)          not null            comment 'ID',
	title                         	varchar(16)                              comment '标题',
	parameter_name                	varchar(16)                              comment '参数名称',
	form                          	varchar(48)                              comment '形式',
	level                         	varchar(28)                              comment '水平',
	version                       	int                                      comment '版本'
	
) ENGINE=InnoDB DEFAULT CHARSET=utf8mb4 COLLATE = utf8mb4_unicode_ci COMMENT = "表单字段的信息";
-- primary key will be created later for better import performance

drop table  if exists form_field_data;
create table form_field_data (
	id                            	varchar(48)          not null            comment 'ID',
	label                         	varchar(12)                              comment '标签',
	locale_key                    	varchar(44)                              comment '语言环境的关键',
	parameter_name                	varchar(16)                              comment '参数名称',
	type                          	varchar(36)                              comment '类型',
	form                          	varchar(48)                              comment '形式',
	placeholder                   	varchar(48)                              comment '占位符',
	default_value                 	varchar(12)                              comment '默认值',
	description                   	varchar(48)                              comment '描述',
	field_group                   	varchar(16)                              comment '字段组',
	minimum_value                 	varchar(60)                              comment '最小值',
	maximum_value                 	varchar(72)                              comment '最大值',
	required                      	tinyint                                  comment '要求',
	disabled                      	tinyint                                  comment '禁用',
	custom_rendering              	tinyint                                  comment '自定义渲染',
	candidate_values              	varchar(12)                              comment '候选人的价值观',
	suggest_values                	varchar(12)                              comment '建议值',
	version                       	int                                      comment '版本'
	
) ENGINE=InnoDB DEFAULT CHARSET=utf8mb4 COLLATE = utf8mb4_unicode_ci COMMENT = "表单字段";
-- primary key will be created later for better import performance

drop table  if exists form_action_data;
create table form_action_data (
	id                            	varchar(48)          not null            comment 'ID',
	label                         	varchar(8)                               comment '标签',
	locale_key                    	varchar(16)                              comment '语言环境的关键',
	action_key                    	varchar(24)                              comment '行动的关键',
	level                         	varchar(28)                              comment '水平',
	url                           	varchar(168)                             comment 'url',
	form                          	varchar(48)                              comment '形式',
	version                       	int                                      comment '版本'
	
) ENGINE=InnoDB DEFAULT CHARSET=utf8mb4 COLLATE = utf8mb4_unicode_ci COMMENT = "表单动作";
-- primary key will be created later for better import performance

drop table  if exists candidate_container_data;
create table candidate_container_data (
	id                            	varchar(48)          not null            comment 'ID',
	name                          	varchar(28)                              comment '名称',
	version                       	int                                      comment '版本'
	
) ENGINE=InnoDB DEFAULT CHARSET=utf8mb4 COLLATE = utf8mb4_unicode_ci COMMENT = "候选人容器";
-- primary key will be created later for better import performance

drop table  if exists candidate_element_data;
create table candidate_element_data (
	id                            	varchar(48)          not null            comment 'ID',
	name                          	varchar(200)                             comment '名称',
	type                          	varchar(200)                             comment '类型',
	image                         	varchar(512) CHARACTER SET ascii COLLATE ascii_general_ci                     comment '图片',
	container                     	varchar(48)                              comment '容器',
	version                       	int                                      comment '版本'
	
) ENGINE=InnoDB DEFAULT CHARSET=utf8mb4 COLLATE = utf8mb4_unicode_ci COMMENT = "候选人元素";
-- primary key will be created later for better import performance




insert into platform_data values
	('P000001','链问链答考试中台','    一段样例文字。    一段样例文字。\n可以分段。可以分段。\n\n可以空行。可以空行。\n\n','1');

insert into change_request_type_data values
	('REGISTER','注册','REGISTER','download','1','P000001','1'),
	('START_EXAM','开始考试','START_EXAM','swap','2','P000001','1'),
	('ANSWER','答题','ANSWER','upload','3','P000001','1');

insert into change_request_data values
	('CR000001','注册','2019-10-19 22:37:46','8.8.8.8','REGISTER','P000001','1'),
	('CR000002','开始考试','2019-10-27 00:30:39','8.8.8.8','REGISTER','P000001','1'),
	('CR000003','答题','2019-10-20 19:38:57','8.8.8.8','REGISTER','P000001','1'),
	('CR000004','注册','2019-10-24 14:17:32','8.8.8.8','REGISTER','P000001','1'),
	('CR000005','开始考试','2019-10-31 00:44:49','8.8.8.8','REGISTER','P000001','1'),
	('CR000006','答题','2019-10-21 12:16:16','8.8.8.8','REGISTER','P000001','1'),
	('CR000007','注册','2019-10-31 18:53:27','8.8.8.8','REGISTER','P000001','1'),
	('CR000008','开始考试','2019-11-04 18:18:33','8.8.8.8','REGISTER','P000001','1'),
	('CR000009','答题','2019-11-03 02:15:02','8.8.8.8','REGISTER','P000001','1'),
	('CR000010','注册','2019-10-23 05:58:52','8.8.8.8','REGISTER','P000001','1'),
	('CR000011','开始考试','2019-10-27 23:12:54','8.8.8.8','REGISTER','P000001','1'),
	('CR000012','答题','2019-10-21 03:05:26','8.8.8.8','REGISTER','P000001','1'),
	('CR000013','注册','2019-11-05 07:16:35','8.8.8.8','START_EXAM','P000001','1'),
	('CR000014','开始考试','2019-10-25 09:19:48','8.8.8.8','START_EXAM','P000001','1'),
	('CR000015','答题','2019-10-18 16:26:30','8.8.8.8','START_EXAM','P000001','1'),
	('CR000016','注册','2019-10-29 03:10:44','8.8.8.8','START_EXAM','P000001','1'),
	('CR000017','开始考试','2019-10-31 07:26:38','8.8.8.8','START_EXAM','P000001','1'),
	('CR000018','答题','2019-10-26 07:04:12','8.8.8.8','START_EXAM','P000001','1'),
	('CR000019','注册','2019-10-23 07:31:24','8.8.8.8','START_EXAM','P000001','1'),
	('CR000020','开始考试','2019-11-01 02:44:02','8.8.8.8','START_EXAM','P000001','1'),
	('CR000021','答题','2019-10-30 22:45:39','8.8.8.8','START_EXAM','P000001','1'),
	('CR000022','注册','2019-10-30 07:43:12','8.8.8.8','START_EXAM','P000001','1'),
	('CR000023','开始考试','2019-11-02 11:50:02','8.8.8.8','START_EXAM','P000001','1'),
	('CR000024','答题','2019-10-26 01:44:18','8.8.8.8','START_EXAM','P000001','1'),
	('CR000025','注册','2019-10-21 12:58:51','8.8.8.8','ANSWER','P000001','1'),
	('CR000026','开始考试','2019-10-23 16:36:45','8.8.8.8','ANSWER','P000001','1'),
	('CR000027','答题','2019-11-02 04:22:11','8.8.8.8','ANSWER','P000001','1'),
	('CR000028','注册','2019-10-26 13:48:30','8.8.8.8','ANSWER','P000001','1'),
	('CR000029','开始考试','2019-10-20 07:28:30','8.8.8.8','ANSWER','P000001','1'),
	('CR000030','答题','2019-10-31 12:20:22','8.8.8.8','ANSWER','P000001','1'),
	('CR000031','注册','2019-10-20 14:27:08','8.8.8.8','ANSWER','P000001','1'),
	('CR000032','开始考试','2019-11-05 17:11:42','8.8.8.8','ANSWER','P000001','1'),
	('CR000033','答题','2019-11-07 11:04:14','8.8.8.8','ANSWER','P000001','1'),
	('CR000034','注册','2019-10-24 16:41:50','8.8.8.8','ANSWER','P000001','1'),
	('CR000035','开始考试','2019-10-27 18:04:46','8.8.8.8','ANSWER','P000001','1'),
	('CR000036','答题','2019-11-08 12:28:12','8.8.8.8','ANSWER','P000001','1');

insert into registration_data values
	('R000001','豆豆鬼','https://demo.doublechaintech.com/demodata/imageManager/genImage/share00/400/200/grey/','CR000001','1'),
	('R000002','豆豆鬼0002','https://demo.doublechaintech.com/demodata/imageManager/genImage/share00/400/200/grey/','CR000001','1'),
	('R000003','豆豆鬼0003','https://demo.doublechaintech.com/demodata/imageManager/genImage/share00/400/200/grey/','CR000001','1'),
	('R000004','豆豆鬼0004','https://demo.doublechaintech.com/demodata/imageManager/genImage/share00/400/200/grey/','CR000001','1'),
	('R000005','豆豆鬼0005','https://demo.doublechaintech.com/demodata/imageManager/genImage/share00/400/200/grey/','CR000001','1'),
	('R000006','豆豆鬼0006','https://demo.doublechaintech.com/demodata/imageManager/genImage/share00/400/200/grey/','CR000001','1'),
	('R000007','豆豆鬼0007','https://demo.doublechaintech.com/demodata/imageManager/genImage/share00/400/200/grey/','CR000002','1'),
	('R000008','豆豆鬼0008','https://demo.doublechaintech.com/demodata/imageManager/genImage/share00/400/200/grey/','CR000002','1'),
	('R000009','豆豆鬼0009','https://demo.doublechaintech.com/demodata/imageManager/genImage/share00/400/200/grey/','CR000002','1'),
	('R000010','豆豆鬼0010','https://demo.doublechaintech.com/demodata/imageManager/genImage/share00/400/200/grey/','CR000002','1'),
	('R000011','豆豆鬼0011','https://demo.doublechaintech.com/demodata/imageManager/genImage/share00/400/200/grey/','CR000002','1'),
	('R000012','豆豆鬼0012','https://demo.doublechaintech.com/demodata/imageManager/genImage/share00/400/200/grey/','CR000002','1'),
	('R000013','豆豆鬼0013','https://demo.doublechaintech.com/demodata/imageManager/genImage/share00/400/200/grey/','CR000003','1'),
	('R000014','豆豆鬼0014','https://demo.doublechaintech.com/demodata/imageManager/genImage/share00/400/200/grey/','CR000003','1'),
	('R000015','豆豆鬼0015','https://demo.doublechaintech.com/demodata/imageManager/genImage/share00/400/200/grey/','CR000003','1'),
	('R000016','豆豆鬼0016','https://demo.doublechaintech.com/demodata/imageManager/genImage/share00/400/200/grey/','CR000003','1'),
	('R000017','豆豆鬼0017','https://demo.doublechaintech.com/demodata/imageManager/genImage/share00/400/200/grey/','CR000003','1'),
	('R000018','豆豆鬼0018','https://demo.doublechaintech.com/demodata/imageManager/genImage/share00/400/200/grey/','CR000003','1'),
	('R000019','豆豆鬼0019','https://demo.doublechaintech.com/demodata/imageManager/genImage/share00/400/200/grey/','CR000004','1'),
	('R000020','豆豆鬼0020','https://demo.doublechaintech.com/demodata/imageManager/genImage/share00/400/200/grey/','CR000004','1'),
	('R000021','豆豆鬼0021','https://demo.doublechaintech.com/demodata/imageManager/genImage/share00/400/200/grey/','CR000004','1'),
	('R000022','豆豆鬼0022','https://demo.doublechaintech.com/demodata/imageManager/genImage/share00/400/200/grey/','CR000004','1'),
	('R000023','豆豆鬼0023','https://demo.doublechaintech.com/demodata/imageManager/genImage/share00/400/200/grey/','CR000004','1'),
	('R000024','豆豆鬼0024','https://demo.doublechaintech.com/demodata/imageManager/genImage/share00/400/200/grey/','CR000004','1'),
	('R000025','豆豆鬼0025','https://demo.doublechaintech.com/demodata/imageManager/genImage/share00/400/200/grey/','CR000005','1'),
	('R000026','豆豆鬼0026','https://demo.doublechaintech.com/demodata/imageManager/genImage/share00/400/200/grey/','CR000005','1'),
	('R000027','豆豆鬼0027','https://demo.doublechaintech.com/demodata/imageManager/genImage/share00/400/200/grey/','CR000005','1'),
	('R000028','豆豆鬼0028','https://demo.doublechaintech.com/demodata/imageManager/genImage/share00/400/200/grey/','CR000005','1'),
	('R000029','豆豆鬼0029','https://demo.doublechaintech.com/demodata/imageManager/genImage/share00/400/200/grey/','CR000005','1'),
	('R000030','豆豆鬼0030','https://demo.doublechaintech.com/demodata/imageManager/genImage/share00/400/200/grey/','CR000005','1'),
	('R000031','豆豆鬼0031','https://demo.doublechaintech.com/demodata/imageManager/genImage/share00/400/200/grey/','CR000006','1'),
	('R000032','豆豆鬼0032','https://demo.doublechaintech.com/demodata/imageManager/genImage/share00/400/200/grey/','CR000006','1'),
	('R000033','豆豆鬼0033','https://demo.doublechaintech.com/demodata/imageManager/genImage/share00/400/200/grey/','CR000006','1'),
	('R000034','豆豆鬼0034','https://demo.doublechaintech.com/demodata/imageManager/genImage/share00/400/200/grey/','CR000006','1'),
	('R000035','豆豆鬼0035','https://demo.doublechaintech.com/demodata/imageManager/genImage/share00/400/200/grey/','CR000006','1'),
	('R000036','豆豆鬼0036','https://demo.doublechaintech.com/demodata/imageManager/genImage/share00/400/200/grey/','CR000006','1'),
	('R000037','豆豆鬼0037','https://demo.doublechaintech.com/demodata/imageManager/genImage/share00/400/200/grey/','CR000007','1'),
	('R000038','豆豆鬼0038','https://demo.doublechaintech.com/demodata/imageManager/genImage/share00/400/200/grey/','CR000007','1'),
	('R000039','豆豆鬼0039','https://demo.doublechaintech.com/demodata/imageManager/genImage/share00/400/200/grey/','CR000007','1'),
	('R000040','豆豆鬼0040','https://demo.doublechaintech.com/demodata/imageManager/genImage/share00/400/200/grey/','CR000007','1'),
	('R000041','豆豆鬼0041','https://demo.doublechaintech.com/demodata/imageManager/genImage/share00/400/200/grey/','CR000007','1'),
	('R000042','豆豆鬼0042','https://demo.doublechaintech.com/demodata/imageManager/genImage/share00/400/200/grey/','CR000007','1'),
	('R000043','豆豆鬼0043','https://demo.doublechaintech.com/demodata/imageManager/genImage/share00/400/200/grey/','CR000008','1'),
	('R000044','豆豆鬼0044','https://demo.doublechaintech.com/demodata/imageManager/genImage/share00/400/200/grey/','CR000008','1'),
	('R000045','豆豆鬼0045','https://demo.doublechaintech.com/demodata/imageManager/genImage/share00/400/200/grey/','CR000008','1'),
	('R000046','豆豆鬼0046','https://demo.doublechaintech.com/demodata/imageManager/genImage/share00/400/200/grey/','CR000008','1'),
	('R000047','豆豆鬼0047','https://demo.doublechaintech.com/demodata/imageManager/genImage/share00/400/200/grey/','CR000008','1'),
	('R000048','豆豆鬼0048','https://demo.doublechaintech.com/demodata/imageManager/genImage/share00/400/200/grey/','CR000008','1'),
	('R000049','豆豆鬼0049','https://demo.doublechaintech.com/demodata/imageManager/genImage/share00/400/200/grey/','CR000009','1'),
	('R000050','豆豆鬼0050','https://demo.doublechaintech.com/demodata/imageManager/genImage/share00/400/200/grey/','CR000009','1'),
	('R000051','豆豆鬼0051','https://demo.doublechaintech.com/demodata/imageManager/genImage/share00/400/200/grey/','CR000009','1'),
	('R000052','豆豆鬼0052','https://demo.doublechaintech.com/demodata/imageManager/genImage/share00/400/200/grey/','CR000009','1'),
	('R000053','豆豆鬼0053','https://demo.doublechaintech.com/demodata/imageManager/genImage/share00/400/200/grey/','CR000009','1'),
	('R000054','豆豆鬼0054','https://demo.doublechaintech.com/demodata/imageManager/genImage/share00/400/200/grey/','CR000009','1'),
	('R000055','豆豆鬼0055','https://demo.doublechaintech.com/demodata/imageManager/genImage/share00/400/200/grey/','CR000010','1'),
	('R000056','豆豆鬼0056','https://demo.doublechaintech.com/demodata/imageManager/genImage/share00/400/200/grey/','CR000010','1'),
	('R000057','豆豆鬼0057','https://demo.doublechaintech.com/demodata/imageManager/genImage/share00/400/200/grey/','CR000010','1'),
	('R000058','豆豆鬼0058','https://demo.doublechaintech.com/demodata/imageManager/genImage/share00/400/200/grey/','CR000010','1'),
	('R000059','豆豆鬼0059','https://demo.doublechaintech.com/demodata/imageManager/genImage/share00/400/200/grey/','CR000010','1'),
	('R000060','豆豆鬼0060','https://demo.doublechaintech.com/demodata/imageManager/genImage/share00/400/200/grey/','CR000010','1'),
	('R000061','豆豆鬼0061','https://demo.doublechaintech.com/demodata/imageManager/genImage/share00/400/200/grey/','CR000011','1'),
	('R000062','豆豆鬼0062','https://demo.doublechaintech.com/demodata/imageManager/genImage/share00/400/200/grey/','CR000011','1'),
	('R000063','豆豆鬼0063','https://demo.doublechaintech.com/demodata/imageManager/genImage/share00/400/200/grey/','CR000011','1'),
	('R000064','豆豆鬼0064','https://demo.doublechaintech.com/demodata/imageManager/genImage/share00/400/200/grey/','CR000011','1'),
	('R000065','豆豆鬼0065','https://demo.doublechaintech.com/demodata/imageManager/genImage/share00/400/200/grey/','CR000011','1'),
	('R000066','豆豆鬼0066','https://demo.doublechaintech.com/demodata/imageManager/genImage/share00/400/200/grey/','CR000011','1'),
	('R000067','豆豆鬼0067','https://demo.doublechaintech.com/demodata/imageManager/genImage/share00/400/200/grey/','CR000012','1'),
	('R000068','豆豆鬼0068','https://demo.doublechaintech.com/demodata/imageManager/genImage/share00/400/200/grey/','CR000012','1'),
	('R000069','豆豆鬼0069','https://demo.doublechaintech.com/demodata/imageManager/genImage/share00/400/200/grey/','CR000012','1'),
	('R000070','豆豆鬼0070','https://demo.doublechaintech.com/demodata/imageManager/genImage/share00/400/200/grey/','CR000012','1'),
	('R000071','豆豆鬼0071','https://demo.doublechaintech.com/demodata/imageManager/genImage/share00/400/200/grey/','CR000012','1'),
	('R000072','豆豆鬼0072','https://demo.doublechaintech.com/demodata/imageManager/genImage/share00/400/200/grey/','CR000012','1'),
	('R000073','豆豆鬼0073','https://demo.doublechaintech.com/demodata/imageManager/genImage/share00/400/200/grey/','CR000013','1'),
	('R000074','豆豆鬼0074','https://demo.doublechaintech.com/demodata/imageManager/genImage/share00/400/200/grey/','CR000013','1'),
	('R000075','豆豆鬼0075','https://demo.doublechaintech.com/demodata/imageManager/genImage/share00/400/200/grey/','CR000013','1'),
	('R000076','豆豆鬼0076','https://demo.doublechaintech.com/demodata/imageManager/genImage/share00/400/200/grey/','CR000013','1'),
	('R000077','豆豆鬼0077','https://demo.doublechaintech.com/demodata/imageManager/genImage/share00/400/200/grey/','CR000013','1'),
	('R000078','豆豆鬼0078','https://demo.doublechaintech.com/demodata/imageManager/genImage/share00/400/200/grey/','CR000013','1'),
	('R000079','豆豆鬼0079','https://demo.doublechaintech.com/demodata/imageManager/genImage/share00/400/200/grey/','CR000014','1'),
	('R000080','豆豆鬼0080','https://demo.doublechaintech.com/demodata/imageManager/genImage/share00/400/200/grey/','CR000014','1'),
	('R000081','豆豆鬼0081','https://demo.doublechaintech.com/demodata/imageManager/genImage/share00/400/200/grey/','CR000014','1'),
	('R000082','豆豆鬼0082','https://demo.doublechaintech.com/demodata/imageManager/genImage/share00/400/200/grey/','CR000014','1'),
	('R000083','豆豆鬼0083','https://demo.doublechaintech.com/demodata/imageManager/genImage/share00/400/200/grey/','CR000014','1'),
	('R000084','豆豆鬼0084','https://demo.doublechaintech.com/demodata/imageManager/genImage/share00/400/200/grey/','CR000014','1'),
	('R000085','豆豆鬼0085','https://demo.doublechaintech.com/demodata/imageManager/genImage/share00/400/200/grey/','CR000015','1'),
	('R000086','豆豆鬼0086','https://demo.doublechaintech.com/demodata/imageManager/genImage/share00/400/200/grey/','CR000015','1'),
	('R000087','豆豆鬼0087','https://demo.doublechaintech.com/demodata/imageManager/genImage/share00/400/200/grey/','CR000015','1'),
	('R000088','豆豆鬼0088','https://demo.doublechaintech.com/demodata/imageManager/genImage/share00/400/200/grey/','CR000015','1'),
	('R000089','豆豆鬼0089','https://demo.doublechaintech.com/demodata/imageManager/genImage/share00/400/200/grey/','CR000015','1'),
	('R000090','豆豆鬼0090','https://demo.doublechaintech.com/demodata/imageManager/genImage/share00/400/200/grey/','CR000015','1'),
	('R000091','豆豆鬼0091','https://demo.doublechaintech.com/demodata/imageManager/genImage/share00/400/200/grey/','CR000016','1'),
	('R000092','豆豆鬼0092','https://demo.doublechaintech.com/demodata/imageManager/genImage/share00/400/200/grey/','CR000016','1'),
	('R000093','豆豆鬼0093','https://demo.doublechaintech.com/demodata/imageManager/genImage/share00/400/200/grey/','CR000016','1'),
	('R000094','豆豆鬼0094','https://demo.doublechaintech.com/demodata/imageManager/genImage/share00/400/200/grey/','CR000016','1'),
	('R000095','豆豆鬼0095','https://demo.doublechaintech.com/demodata/imageManager/genImage/share00/400/200/grey/','CR000016','1'),
	('R000096','豆豆鬼0096','https://demo.doublechaintech.com/demodata/imageManager/genImage/share00/400/200/grey/','CR000016','1'),
	('R000097','豆豆鬼0097','https://demo.doublechaintech.com/demodata/imageManager/genImage/share00/400/200/grey/','CR000017','1'),
	('R000098','豆豆鬼0098','https://demo.doublechaintech.com/demodata/imageManager/genImage/share00/400/200/grey/','CR000017','1'),
	('R000099','豆豆鬼0099','https://demo.doublechaintech.com/demodata/imageManager/genImage/share00/400/200/grey/','CR000017','1'),
	('R000100','豆豆鬼0100','https://demo.doublechaintech.com/demodata/imageManager/genImage/share00/400/200/grey/','CR000017','1'),
	('R000101','豆豆鬼0101','https://demo.doublechaintech.com/demodata/imageManager/genImage/share00/400/200/grey/','CR000017','1'),
	('R000102','豆豆鬼0102','https://demo.doublechaintech.com/demodata/imageManager/genImage/share00/400/200/grey/','CR000017','1'),
	('R000103','豆豆鬼0103','https://demo.doublechaintech.com/demodata/imageManager/genImage/share00/400/200/grey/','CR000018','1'),
	('R000104','豆豆鬼0104','https://demo.doublechaintech.com/demodata/imageManager/genImage/share00/400/200/grey/','CR000018','1'),
	('R000105','豆豆鬼0105','https://demo.doublechaintech.com/demodata/imageManager/genImage/share00/400/200/grey/','CR000018','1'),
	('R000106','豆豆鬼0106','https://demo.doublechaintech.com/demodata/imageManager/genImage/share00/400/200/grey/','CR000018','1'),
	('R000107','豆豆鬼0107','https://demo.doublechaintech.com/demodata/imageManager/genImage/share00/400/200/grey/','CR000018','1'),
	('R000108','豆豆鬼0108','https://demo.doublechaintech.com/demodata/imageManager/genImage/share00/400/200/grey/','CR000018','1'),
	('R000109','豆豆鬼0109','https://demo.doublechaintech.com/demodata/imageManager/genImage/share00/400/200/grey/','CR000019','1'),
	('R000110','豆豆鬼0110','https://demo.doublechaintech.com/demodata/imageManager/genImage/share00/400/200/grey/','CR000019','1'),
	('R000111','豆豆鬼0111','https://demo.doublechaintech.com/demodata/imageManager/genImage/share00/400/200/grey/','CR000019','1'),
	('R000112','豆豆鬼0112','https://demo.doublechaintech.com/demodata/imageManager/genImage/share00/400/200/grey/','CR000019','1'),
	('R000113','豆豆鬼0113','https://demo.doublechaintech.com/demodata/imageManager/genImage/share00/400/200/grey/','CR000019','1'),
	('R000114','豆豆鬼0114','https://demo.doublechaintech.com/demodata/imageManager/genImage/share00/400/200/grey/','CR000019','1'),
	('R000115','豆豆鬼0115','https://demo.doublechaintech.com/demodata/imageManager/genImage/share00/400/200/grey/','CR000020','1'),
	('R000116','豆豆鬼0116','https://demo.doublechaintech.com/demodata/imageManager/genImage/share00/400/200/grey/','CR000020','1'),
	('R000117','豆豆鬼0117','https://demo.doublechaintech.com/demodata/imageManager/genImage/share00/400/200/grey/','CR000020','1'),
	('R000118','豆豆鬼0118','https://demo.doublechaintech.com/demodata/imageManager/genImage/share00/400/200/grey/','CR000020','1'),
	('R000119','豆豆鬼0119','https://demo.doublechaintech.com/demodata/imageManager/genImage/share00/400/200/grey/','CR000020','1'),
	('R000120','豆豆鬼0120','https://demo.doublechaintech.com/demodata/imageManager/genImage/share00/400/200/grey/','CR000020','1'),
	('R000121','豆豆鬼0121','https://demo.doublechaintech.com/demodata/imageManager/genImage/share00/400/200/grey/','CR000021','1'),
	('R000122','豆豆鬼0122','https://demo.doublechaintech.com/demodata/imageManager/genImage/share00/400/200/grey/','CR000021','1'),
	('R000123','豆豆鬼0123','https://demo.doublechaintech.com/demodata/imageManager/genImage/share00/400/200/grey/','CR000021','1'),
	('R000124','豆豆鬼0124','https://demo.doublechaintech.com/demodata/imageManager/genImage/share00/400/200/grey/','CR000021','1'),
	('R000125','豆豆鬼0125','https://demo.doublechaintech.com/demodata/imageManager/genImage/share00/400/200/grey/','CR000021','1'),
	('R000126','豆豆鬼0126','https://demo.doublechaintech.com/demodata/imageManager/genImage/share00/400/200/grey/','CR000021','1'),
	('R000127','豆豆鬼0127','https://demo.doublechaintech.com/demodata/imageManager/genImage/share00/400/200/grey/','CR000022','1'),
	('R000128','豆豆鬼0128','https://demo.doublechaintech.com/demodata/imageManager/genImage/share00/400/200/grey/','CR000022','1'),
	('R000129','豆豆鬼0129','https://demo.doublechaintech.com/demodata/imageManager/genImage/share00/400/200/grey/','CR000022','1'),
	('R000130','豆豆鬼0130','https://demo.doublechaintech.com/demodata/imageManager/genImage/share00/400/200/grey/','CR000022','1'),
	('R000131','豆豆鬼0131','https://demo.doublechaintech.com/demodata/imageManager/genImage/share00/400/200/grey/','CR000022','1'),
	('R000132','豆豆鬼0132','https://demo.doublechaintech.com/demodata/imageManager/genImage/share00/400/200/grey/','CR000022','1'),
	('R000133','豆豆鬼0133','https://demo.doublechaintech.com/demodata/imageManager/genImage/share00/400/200/grey/','CR000023','1'),
	('R000134','豆豆鬼0134','https://demo.doublechaintech.com/demodata/imageManager/genImage/share00/400/200/grey/','CR000023','1'),
	('R000135','豆豆鬼0135','https://demo.doublechaintech.com/demodata/imageManager/genImage/share00/400/200/grey/','CR000023','1'),
	('R000136','豆豆鬼0136','https://demo.doublechaintech.com/demodata/imageManager/genImage/share00/400/200/grey/','CR000023','1'),
	('R000137','豆豆鬼0137','https://demo.doublechaintech.com/demodata/imageManager/genImage/share00/400/200/grey/','CR000023','1'),
	('R000138','豆豆鬼0138','https://demo.doublechaintech.com/demodata/imageManager/genImage/share00/400/200/grey/','CR000023','1'),
	('R000139','豆豆鬼0139','https://demo.doublechaintech.com/demodata/imageManager/genImage/share00/400/200/grey/','CR000024','1'),
	('R000140','豆豆鬼0140','https://demo.doublechaintech.com/demodata/imageManager/genImage/share00/400/200/grey/','CR000024','1'),
	('R000141','豆豆鬼0141','https://demo.doublechaintech.com/demodata/imageManager/genImage/share00/400/200/grey/','CR000024','1'),
	('R000142','豆豆鬼0142','https://demo.doublechaintech.com/demodata/imageManager/genImage/share00/400/200/grey/','CR000024','1'),
	('R000143','豆豆鬼0143','https://demo.doublechaintech.com/demodata/imageManager/genImage/share00/400/200/grey/','CR000024','1'),
	('R000144','豆豆鬼0144','https://demo.doublechaintech.com/demodata/imageManager/genImage/share00/400/200/grey/','CR000024','1'),
	('R000145','豆豆鬼0145','https://demo.doublechaintech.com/demodata/imageManager/genImage/share00/400/200/grey/','CR000025','1'),
	('R000146','豆豆鬼0146','https://demo.doublechaintech.com/demodata/imageManager/genImage/share00/400/200/grey/','CR000025','1'),
	('R000147','豆豆鬼0147','https://demo.doublechaintech.com/demodata/imageManager/genImage/share00/400/200/grey/','CR000025','1'),
	('R000148','豆豆鬼0148','https://demo.doublechaintech.com/demodata/imageManager/genImage/share00/400/200/grey/','CR000025','1'),
	('R000149','豆豆鬼0149','https://demo.doublechaintech.com/demodata/imageManager/genImage/share00/400/200/grey/','CR000025','1'),
	('R000150','豆豆鬼0150','https://demo.doublechaintech.com/demodata/imageManager/genImage/share00/400/200/grey/','CR000025','1'),
	('R000151','豆豆鬼0151','https://demo.doublechaintech.com/demodata/imageManager/genImage/share00/400/200/grey/','CR000026','1'),
	('R000152','豆豆鬼0152','https://demo.doublechaintech.com/demodata/imageManager/genImage/share00/400/200/grey/','CR000026','1'),
	('R000153','豆豆鬼0153','https://demo.doublechaintech.com/demodata/imageManager/genImage/share00/400/200/grey/','CR000026','1'),
	('R000154','豆豆鬼0154','https://demo.doublechaintech.com/demodata/imageManager/genImage/share00/400/200/grey/','CR000026','1'),
	('R000155','豆豆鬼0155','https://demo.doublechaintech.com/demodata/imageManager/genImage/share00/400/200/grey/','CR000026','1'),
	('R000156','豆豆鬼0156','https://demo.doublechaintech.com/demodata/imageManager/genImage/share00/400/200/grey/','CR000026','1'),
	('R000157','豆豆鬼0157','https://demo.doublechaintech.com/demodata/imageManager/genImage/share00/400/200/grey/','CR000027','1'),
	('R000158','豆豆鬼0158','https://demo.doublechaintech.com/demodata/imageManager/genImage/share00/400/200/grey/','CR000027','1'),
	('R000159','豆豆鬼0159','https://demo.doublechaintech.com/demodata/imageManager/genImage/share00/400/200/grey/','CR000027','1'),
	('R000160','豆豆鬼0160','https://demo.doublechaintech.com/demodata/imageManager/genImage/share00/400/200/grey/','CR000027','1'),
	('R000161','豆豆鬼0161','https://demo.doublechaintech.com/demodata/imageManager/genImage/share00/400/200/grey/','CR000027','1'),
	('R000162','豆豆鬼0162','https://demo.doublechaintech.com/demodata/imageManager/genImage/share00/400/200/grey/','CR000027','1'),
	('R000163','豆豆鬼0163','https://demo.doublechaintech.com/demodata/imageManager/genImage/share00/400/200/grey/','CR000028','1'),
	('R000164','豆豆鬼0164','https://demo.doublechaintech.com/demodata/imageManager/genImage/share00/400/200/grey/','CR000028','1'),
	('R000165','豆豆鬼0165','https://demo.doublechaintech.com/demodata/imageManager/genImage/share00/400/200/grey/','CR000028','1'),
	('R000166','豆豆鬼0166','https://demo.doublechaintech.com/demodata/imageManager/genImage/share00/400/200/grey/','CR000028','1'),
	('R000167','豆豆鬼0167','https://demo.doublechaintech.com/demodata/imageManager/genImage/share00/400/200/grey/','CR000028','1'),
	('R000168','豆豆鬼0168','https://demo.doublechaintech.com/demodata/imageManager/genImage/share00/400/200/grey/','CR000028','1'),
	('R000169','豆豆鬼0169','https://demo.doublechaintech.com/demodata/imageManager/genImage/share00/400/200/grey/','CR000029','1'),
	('R000170','豆豆鬼0170','https://demo.doublechaintech.com/demodata/imageManager/genImage/share00/400/200/grey/','CR000029','1'),
	('R000171','豆豆鬼0171','https://demo.doublechaintech.com/demodata/imageManager/genImage/share00/400/200/grey/','CR000029','1'),
	('R000172','豆豆鬼0172','https://demo.doublechaintech.com/demodata/imageManager/genImage/share00/400/200/grey/','CR000029','1'),
	('R000173','豆豆鬼0173','https://demo.doublechaintech.com/demodata/imageManager/genImage/share00/400/200/grey/','CR000029','1'),
	('R000174','豆豆鬼0174','https://demo.doublechaintech.com/demodata/imageManager/genImage/share00/400/200/grey/','CR000029','1'),
	('R000175','豆豆鬼0175','https://demo.doublechaintech.com/demodata/imageManager/genImage/share00/400/200/grey/','CR000030','1'),
	('R000176','豆豆鬼0176','https://demo.doublechaintech.com/demodata/imageManager/genImage/share00/400/200/grey/','CR000030','1'),
	('R000177','豆豆鬼0177','https://demo.doublechaintech.com/demodata/imageManager/genImage/share00/400/200/grey/','CR000030','1'),
	('R000178','豆豆鬼0178','https://demo.doublechaintech.com/demodata/imageManager/genImage/share00/400/200/grey/','CR000030','1'),
	('R000179','豆豆鬼0179','https://demo.doublechaintech.com/demodata/imageManager/genImage/share00/400/200/grey/','CR000030','1'),
	('R000180','豆豆鬼0180','https://demo.doublechaintech.com/demodata/imageManager/genImage/share00/400/200/grey/','CR000030','1'),
	('R000181','豆豆鬼0181','https://demo.doublechaintech.com/demodata/imageManager/genImage/share00/400/200/grey/','CR000031','1'),
	('R000182','豆豆鬼0182','https://demo.doublechaintech.com/demodata/imageManager/genImage/share00/400/200/grey/','CR000031','1'),
	('R000183','豆豆鬼0183','https://demo.doublechaintech.com/demodata/imageManager/genImage/share00/400/200/grey/','CR000031','1'),
	('R000184','豆豆鬼0184','https://demo.doublechaintech.com/demodata/imageManager/genImage/share00/400/200/grey/','CR000031','1'),
	('R000185','豆豆鬼0185','https://demo.doublechaintech.com/demodata/imageManager/genImage/share00/400/200/grey/','CR000031','1'),
	('R000186','豆豆鬼0186','https://demo.doublechaintech.com/demodata/imageManager/genImage/share00/400/200/grey/','CR000031','1'),
	('R000187','豆豆鬼0187','https://demo.doublechaintech.com/demodata/imageManager/genImage/share00/400/200/grey/','CR000032','1'),
	('R000188','豆豆鬼0188','https://demo.doublechaintech.com/demodata/imageManager/genImage/share00/400/200/grey/','CR000032','1'),
	('R000189','豆豆鬼0189','https://demo.doublechaintech.com/demodata/imageManager/genImage/share00/400/200/grey/','CR000032','1'),
	('R000190','豆豆鬼0190','https://demo.doublechaintech.com/demodata/imageManager/genImage/share00/400/200/grey/','CR000032','1'),
	('R000191','豆豆鬼0191','https://demo.doublechaintech.com/demodata/imageManager/genImage/share00/400/200/grey/','CR000032','1'),
	('R000192','豆豆鬼0192','https://demo.doublechaintech.com/demodata/imageManager/genImage/share00/400/200/grey/','CR000032','1'),
	('R000193','豆豆鬼0193','https://demo.doublechaintech.com/demodata/imageManager/genImage/share00/400/200/grey/','CR000033','1'),
	('R000194','豆豆鬼0194','https://demo.doublechaintech.com/demodata/imageManager/genImage/share00/400/200/grey/','CR000033','1'),
	('R000195','豆豆鬼0195','https://demo.doublechaintech.com/demodata/imageManager/genImage/share00/400/200/grey/','CR000033','1'),
	('R000196','豆豆鬼0196','https://demo.doublechaintech.com/demodata/imageManager/genImage/share00/400/200/grey/','CR000033','1'),
	('R000197','豆豆鬼0197','https://demo.doublechaintech.com/demodata/imageManager/genImage/share00/400/200/grey/','CR000033','1'),
	('R000198','豆豆鬼0198','https://demo.doublechaintech.com/demodata/imageManager/genImage/share00/400/200/grey/','CR000033','1'),
	('R000199','豆豆鬼0199','https://demo.doublechaintech.com/demodata/imageManager/genImage/share00/400/200/grey/','CR000034','1'),
	('R000200','豆豆鬼0200','https://demo.doublechaintech.com/demodata/imageManager/genImage/share00/400/200/grey/','CR000034','1'),
	('R000201','豆豆鬼0201','https://demo.doublechaintech.com/demodata/imageManager/genImage/share00/400/200/grey/','CR000034','1'),
	('R000202','豆豆鬼0202','https://demo.doublechaintech.com/demodata/imageManager/genImage/share00/400/200/grey/','CR000034','1'),
	('R000203','豆豆鬼0203','https://demo.doublechaintech.com/demodata/imageManager/genImage/share00/400/200/grey/','CR000034','1'),
	('R000204','豆豆鬼0204','https://demo.doublechaintech.com/demodata/imageManager/genImage/share00/400/200/grey/','CR000034','1'),
	('R000205','豆豆鬼0205','https://demo.doublechaintech.com/demodata/imageManager/genImage/share00/400/200/grey/','CR000035','1'),
	('R000206','豆豆鬼0206','https://demo.doublechaintech.com/demodata/imageManager/genImage/share00/400/200/grey/','CR000035','1'),
	('R000207','豆豆鬼0207','https://demo.doublechaintech.com/demodata/imageManager/genImage/share00/400/200/grey/','CR000035','1'),
	('R000208','豆豆鬼0208','https://demo.doublechaintech.com/demodata/imageManager/genImage/share00/400/200/grey/','CR000035','1'),
	('R000209','豆豆鬼0209','https://demo.doublechaintech.com/demodata/imageManager/genImage/share00/400/200/grey/','CR000035','1'),
	('R000210','豆豆鬼0210','https://demo.doublechaintech.com/demodata/imageManager/genImage/share00/400/200/grey/','CR000035','1'),
	('R000211','豆豆鬼0211','https://demo.doublechaintech.com/demodata/imageManager/genImage/share00/400/200/grey/','CR000036','1'),
	('R000212','豆豆鬼0212','https://demo.doublechaintech.com/demodata/imageManager/genImage/share00/400/200/grey/','CR000036','1'),
	('R000213','豆豆鬼0213','https://demo.doublechaintech.com/demodata/imageManager/genImage/share00/400/200/grey/','CR000036','1'),
	('R000214','豆豆鬼0214','https://demo.doublechaintech.com/demodata/imageManager/genImage/share00/400/200/grey/','CR000036','1'),
	('R000215','豆豆鬼0215','https://demo.doublechaintech.com/demodata/imageManager/genImage/share00/400/200/grey/','CR000036','1'),
	('R000216','豆豆鬼0216','https://demo.doublechaintech.com/demodata/imageManager/genImage/share00/400/200/grey/','CR000036','1');

insert into start_exam_data values
	('SE000001','豆豆鬼参与考试','WU000001','CR000001','1'),
	('SE000002','豆豆鬼参与考试0002','WU000001','CR000001','1'),
	('SE000003','豆豆鬼参与考试0003','WU000001','CR000001','1'),
	('SE000004','豆豆鬼参与考试0004','WU000001','CR000001','1'),
	('SE000005','豆豆鬼参与考试0005','WU000001','CR000001','1'),
	('SE000006','豆豆鬼参与考试0006','WU000001','CR000001','1'),
	('SE000007','豆豆鬼参与考试0007','WU000001','CR000002','1'),
	('SE000008','豆豆鬼参与考试0008','WU000001','CR000002','1'),
	('SE000009','豆豆鬼参与考试0009','WU000001','CR000002','1'),
	('SE000010','豆豆鬼参与考试0010','WU000001','CR000002','1'),
	('SE000011','豆豆鬼参与考试0011','WU000001','CR000002','1'),
	('SE000012','豆豆鬼参与考试0012','WU000001','CR000002','1'),
	('SE000013','豆豆鬼参与考试0013','WU000001','CR000003','1'),
	('SE000014','豆豆鬼参与考试0014','WU000001','CR000003','1'),
	('SE000015','豆豆鬼参与考试0015','WU000001','CR000003','1'),
	('SE000016','豆豆鬼参与考试0016','WU000001','CR000003','1'),
	('SE000017','豆豆鬼参与考试0017','WU000001','CR000003','1'),
	('SE000018','豆豆鬼参与考试0018','WU000001','CR000003','1'),
	('SE000019','豆豆鬼参与考试0019','WU000001','CR000004','1'),
	('SE000020','豆豆鬼参与考试0020','WU000001','CR000004','1'),
	('SE000021','豆豆鬼参与考试0021','WU000001','CR000004','1'),
	('SE000022','豆豆鬼参与考试0022','WU000001','CR000004','1'),
	('SE000023','豆豆鬼参与考试0023','WU000001','CR000004','1'),
	('SE000024','豆豆鬼参与考试0024','WU000001','CR000004','1'),
	('SE000025','豆豆鬼参与考试0025','WU000001','CR000005','1'),
	('SE000026','豆豆鬼参与考试0026','WU000001','CR000005','1'),
	('SE000027','豆豆鬼参与考试0027','WU000001','CR000005','1'),
	('SE000028','豆豆鬼参与考试0028','WU000001','CR000005','1'),
	('SE000029','豆豆鬼参与考试0029','WU000001','CR000005','1'),
	('SE000030','豆豆鬼参与考试0030','WU000001','CR000005','1'),
	('SE000031','豆豆鬼参与考试0031','WU000001','CR000006','1'),
	('SE000032','豆豆鬼参与考试0032','WU000001','CR000006','1'),
	('SE000033','豆豆鬼参与考试0033','WU000001','CR000006','1'),
	('SE000034','豆豆鬼参与考试0034','WU000001','CR000006','1'),
	('SE000035','豆豆鬼参与考试0035','WU000001','CR000006','1'),
	('SE000036','豆豆鬼参与考试0036','WU000001','CR000006','1'),
	('SE000037','豆豆鬼参与考试0037','WU000002','CR000007','1'),
	('SE000038','豆豆鬼参与考试0038','WU000002','CR000007','1'),
	('SE000039','豆豆鬼参与考试0039','WU000002','CR000007','1'),
	('SE000040','豆豆鬼参与考试0040','WU000002','CR000007','1'),
	('SE000041','豆豆鬼参与考试0041','WU000002','CR000007','1'),
	('SE000042','豆豆鬼参与考试0042','WU000002','CR000007','1'),
	('SE000043','豆豆鬼参与考试0043','WU000002','CR000008','1'),
	('SE000044','豆豆鬼参与考试0044','WU000002','CR000008','1'),
	('SE000045','豆豆鬼参与考试0045','WU000002','CR000008','1'),
	('SE000046','豆豆鬼参与考试0046','WU000002','CR000008','1'),
	('SE000047','豆豆鬼参与考试0047','WU000002','CR000008','1'),
	('SE000048','豆豆鬼参与考试0048','WU000002','CR000008','1'),
	('SE000049','豆豆鬼参与考试0049','WU000002','CR000009','1'),
	('SE000050','豆豆鬼参与考试0050','WU000002','CR000009','1'),
	('SE000051','豆豆鬼参与考试0051','WU000002','CR000009','1'),
	('SE000052','豆豆鬼参与考试0052','WU000002','CR000009','1'),
	('SE000053','豆豆鬼参与考试0053','WU000002','CR000009','1'),
	('SE000054','豆豆鬼参与考试0054','WU000002','CR000009','1'),
	('SE000055','豆豆鬼参与考试0055','WU000002','CR000010','1'),
	('SE000056','豆豆鬼参与考试0056','WU000002','CR000010','1'),
	('SE000057','豆豆鬼参与考试0057','WU000002','CR000010','1'),
	('SE000058','豆豆鬼参与考试0058','WU000002','CR000010','1'),
	('SE000059','豆豆鬼参与考试0059','WU000002','CR000010','1'),
	('SE000060','豆豆鬼参与考试0060','WU000002','CR000010','1'),
	('SE000061','豆豆鬼参与考试0061','WU000002','CR000011','1'),
	('SE000062','豆豆鬼参与考试0062','WU000002','CR000011','1'),
	('SE000063','豆豆鬼参与考试0063','WU000002','CR000011','1'),
	('SE000064','豆豆鬼参与考试0064','WU000002','CR000011','1'),
	('SE000065','豆豆鬼参与考试0065','WU000002','CR000011','1'),
	('SE000066','豆豆鬼参与考试0066','WU000002','CR000011','1'),
	('SE000067','豆豆鬼参与考试0067','WU000002','CR000012','1'),
	('SE000068','豆豆鬼参与考试0068','WU000002','CR000012','1'),
	('SE000069','豆豆鬼参与考试0069','WU000002','CR000012','1'),
	('SE000070','豆豆鬼参与考试0070','WU000002','CR000012','1'),
	('SE000071','豆豆鬼参与考试0071','WU000002','CR000012','1'),
	('SE000072','豆豆鬼参与考试0072','WU000002','CR000012','1'),
	('SE000073','豆豆鬼参与考试0073','WU000003','CR000013','1'),
	('SE000074','豆豆鬼参与考试0074','WU000003','CR000013','1'),
	('SE000075','豆豆鬼参与考试0075','WU000003','CR000013','1'),
	('SE000076','豆豆鬼参与考试0076','WU000003','CR000013','1'),
	('SE000077','豆豆鬼参与考试0077','WU000003','CR000013','1'),
	('SE000078','豆豆鬼参与考试0078','WU000003','CR000013','1'),
	('SE000079','豆豆鬼参与考试0079','WU000003','CR000014','1'),
	('SE000080','豆豆鬼参与考试0080','WU000003','CR000014','1'),
	('SE000081','豆豆鬼参与考试0081','WU000003','CR000014','1'),
	('SE000082','豆豆鬼参与考试0082','WU000003','CR000014','1'),
	('SE000083','豆豆鬼参与考试0083','WU000003','CR000014','1'),
	('SE000084','豆豆鬼参与考试0084','WU000003','CR000014','1'),
	('SE000085','豆豆鬼参与考试0085','WU000003','CR000015','1'),
	('SE000086','豆豆鬼参与考试0086','WU000003','CR000015','1'),
	('SE000087','豆豆鬼参与考试0087','WU000003','CR000015','1'),
	('SE000088','豆豆鬼参与考试0088','WU000003','CR000015','1'),
	('SE000089','豆豆鬼参与考试0089','WU000003','CR000015','1'),
	('SE000090','豆豆鬼参与考试0090','WU000003','CR000015','1'),
	('SE000091','豆豆鬼参与考试0091','WU000003','CR000016','1'),
	('SE000092','豆豆鬼参与考试0092','WU000003','CR000016','1'),
	('SE000093','豆豆鬼参与考试0093','WU000003','CR000016','1'),
	('SE000094','豆豆鬼参与考试0094','WU000003','CR000016','1'),
	('SE000095','豆豆鬼参与考试0095','WU000003','CR000016','1'),
	('SE000096','豆豆鬼参与考试0096','WU000003','CR000016','1'),
	('SE000097','豆豆鬼参与考试0097','WU000003','CR000017','1'),
	('SE000098','豆豆鬼参与考试0098','WU000003','CR000017','1'),
	('SE000099','豆豆鬼参与考试0099','WU000003','CR000017','1'),
	('SE000100','豆豆鬼参与考试0100','WU000003','CR000017','1'),
	('SE000101','豆豆鬼参与考试0101','WU000003','CR000017','1'),
	('SE000102','豆豆鬼参与考试0102','WU000003','CR000017','1'),
	('SE000103','豆豆鬼参与考试0103','WU000003','CR000018','1'),
	('SE000104','豆豆鬼参与考试0104','WU000003','CR000018','1'),
	('SE000105','豆豆鬼参与考试0105','WU000003','CR000018','1'),
	('SE000106','豆豆鬼参与考试0106','WU000003','CR000018','1'),
	('SE000107','豆豆鬼参与考试0107','WU000003','CR000018','1'),
	('SE000108','豆豆鬼参与考试0108','WU000003','CR000018','1'),
	('SE000109','豆豆鬼参与考试0109','WU000004','CR000019','1'),
	('SE000110','豆豆鬼参与考试0110','WU000004','CR000019','1'),
	('SE000111','豆豆鬼参与考试0111','WU000004','CR000019','1'),
	('SE000112','豆豆鬼参与考试0112','WU000004','CR000019','1'),
	('SE000113','豆豆鬼参与考试0113','WU000004','CR000019','1'),
	('SE000114','豆豆鬼参与考试0114','WU000004','CR000019','1'),
	('SE000115','豆豆鬼参与考试0115','WU000004','CR000020','1'),
	('SE000116','豆豆鬼参与考试0116','WU000004','CR000020','1'),
	('SE000117','豆豆鬼参与考试0117','WU000004','CR000020','1'),
	('SE000118','豆豆鬼参与考试0118','WU000004','CR000020','1'),
	('SE000119','豆豆鬼参与考试0119','WU000004','CR000020','1'),
	('SE000120','豆豆鬼参与考试0120','WU000004','CR000020','1'),
	('SE000121','豆豆鬼参与考试0121','WU000004','CR000021','1'),
	('SE000122','豆豆鬼参与考试0122','WU000004','CR000021','1'),
	('SE000123','豆豆鬼参与考试0123','WU000004','CR000021','1'),
	('SE000124','豆豆鬼参与考试0124','WU000004','CR000021','1'),
	('SE000125','豆豆鬼参与考试0125','WU000004','CR000021','1'),
	('SE000126','豆豆鬼参与考试0126','WU000004','CR000021','1'),
	('SE000127','豆豆鬼参与考试0127','WU000004','CR000022','1'),
	('SE000128','豆豆鬼参与考试0128','WU000004','CR000022','1'),
	('SE000129','豆豆鬼参与考试0129','WU000004','CR000022','1'),
	('SE000130','豆豆鬼参与考试0130','WU000004','CR000022','1'),
	('SE000131','豆豆鬼参与考试0131','WU000004','CR000022','1'),
	('SE000132','豆豆鬼参与考试0132','WU000004','CR000022','1'),
	('SE000133','豆豆鬼参与考试0133','WU000004','CR000023','1'),
	('SE000134','豆豆鬼参与考试0134','WU000004','CR000023','1'),
	('SE000135','豆豆鬼参与考试0135','WU000004','CR000023','1'),
	('SE000136','豆豆鬼参与考试0136','WU000004','CR000023','1'),
	('SE000137','豆豆鬼参与考试0137','WU000004','CR000023','1'),
	('SE000138','豆豆鬼参与考试0138','WU000004','CR000023','1'),
	('SE000139','豆豆鬼参与考试0139','WU000004','CR000024','1'),
	('SE000140','豆豆鬼参与考试0140','WU000004','CR000024','1'),
	('SE000141','豆豆鬼参与考试0141','WU000004','CR000024','1'),
	('SE000142','豆豆鬼参与考试0142','WU000004','CR000024','1'),
	('SE000143','豆豆鬼参与考试0143','WU000004','CR000024','1'),
	('SE000144','豆豆鬼参与考试0144','WU000004','CR000024','1'),
	('SE000145','豆豆鬼参与考试0145','WU000005','CR000025','1'),
	('SE000146','豆豆鬼参与考试0146','WU000005','CR000025','1'),
	('SE000147','豆豆鬼参与考试0147','WU000005','CR000025','1'),
	('SE000148','豆豆鬼参与考试0148','WU000005','CR000025','1'),
	('SE000149','豆豆鬼参与考试0149','WU000005','CR000025','1'),
	('SE000150','豆豆鬼参与考试0150','WU000005','CR000025','1'),
	('SE000151','豆豆鬼参与考试0151','WU000005','CR000026','1'),
	('SE000152','豆豆鬼参与考试0152','WU000005','CR000026','1'),
	('SE000153','豆豆鬼参与考试0153','WU000005','CR000026','1'),
	('SE000154','豆豆鬼参与考试0154','WU000005','CR000026','1'),
	('SE000155','豆豆鬼参与考试0155','WU000005','CR000026','1'),
	('SE000156','豆豆鬼参与考试0156','WU000005','CR000026','1'),
	('SE000157','豆豆鬼参与考试0157','WU000005','CR000027','1'),
	('SE000158','豆豆鬼参与考试0158','WU000005','CR000027','1'),
	('SE000159','豆豆鬼参与考试0159','WU000005','CR000027','1'),
	('SE000160','豆豆鬼参与考试0160','WU000005','CR000027','1'),
	('SE000161','豆豆鬼参与考试0161','WU000005','CR000027','1'),
	('SE000162','豆豆鬼参与考试0162','WU000005','CR000027','1'),
	('SE000163','豆豆鬼参与考试0163','WU000005','CR000028','1'),
	('SE000164','豆豆鬼参与考试0164','WU000005','CR000028','1'),
	('SE000165','豆豆鬼参与考试0165','WU000005','CR000028','1'),
	('SE000166','豆豆鬼参与考试0166','WU000005','CR000028','1'),
	('SE000167','豆豆鬼参与考试0167','WU000005','CR000028','1'),
	('SE000168','豆豆鬼参与考试0168','WU000005','CR000028','1'),
	('SE000169','豆豆鬼参与考试0169','WU000005','CR000029','1'),
	('SE000170','豆豆鬼参与考试0170','WU000005','CR000029','1'),
	('SE000171','豆豆鬼参与考试0171','WU000005','CR000029','1'),
	('SE000172','豆豆鬼参与考试0172','WU000005','CR000029','1'),
	('SE000173','豆豆鬼参与考试0173','WU000005','CR000029','1'),
	('SE000174','豆豆鬼参与考试0174','WU000005','CR000029','1'),
	('SE000175','豆豆鬼参与考试0175','WU000005','CR000030','1'),
	('SE000176','豆豆鬼参与考试0176','WU000005','CR000030','1'),
	('SE000177','豆豆鬼参与考试0177','WU000005','CR000030','1'),
	('SE000178','豆豆鬼参与考试0178','WU000005','CR000030','1'),
	('SE000179','豆豆鬼参与考试0179','WU000005','CR000030','1'),
	('SE000180','豆豆鬼参与考试0180','WU000005','CR000030','1'),
	('SE000181','豆豆鬼参与考试0181','WU000006','CR000031','1'),
	('SE000182','豆豆鬼参与考试0182','WU000006','CR000031','1'),
	('SE000183','豆豆鬼参与考试0183','WU000006','CR000031','1'),
	('SE000184','豆豆鬼参与考试0184','WU000006','CR000031','1'),
	('SE000185','豆豆鬼参与考试0185','WU000006','CR000031','1'),
	('SE000186','豆豆鬼参与考试0186','WU000006','CR000031','1'),
	('SE000187','豆豆鬼参与考试0187','WU000006','CR000032','1'),
	('SE000188','豆豆鬼参与考试0188','WU000006','CR000032','1'),
	('SE000189','豆豆鬼参与考试0189','WU000006','CR000032','1'),
	('SE000190','豆豆鬼参与考试0190','WU000006','CR000032','1'),
	('SE000191','豆豆鬼参与考试0191','WU000006','CR000032','1'),
	('SE000192','豆豆鬼参与考试0192','WU000006','CR000032','1'),
	('SE000193','豆豆鬼参与考试0193','WU000006','CR000033','1'),
	('SE000194','豆豆鬼参与考试0194','WU000006','CR000033','1'),
	('SE000195','豆豆鬼参与考试0195','WU000006','CR000033','1'),
	('SE000196','豆豆鬼参与考试0196','WU000006','CR000033','1'),
	('SE000197','豆豆鬼参与考试0197','WU000006','CR000033','1'),
	('SE000198','豆豆鬼参与考试0198','WU000006','CR000033','1'),
	('SE000199','豆豆鬼参与考试0199','WU000006','CR000034','1'),
	('SE000200','豆豆鬼参与考试0200','WU000006','CR000034','1'),
	('SE000201','豆豆鬼参与考试0201','WU000006','CR000034','1'),
	('SE000202','豆豆鬼参与考试0202','WU000006','CR000034','1'),
	('SE000203','豆豆鬼参与考试0203','WU000006','CR000034','1'),
	('SE000204','豆豆鬼参与考试0204','WU000006','CR000034','1'),
	('SE000205','豆豆鬼参与考试0205','WU000006','CR000035','1'),
	('SE000206','豆豆鬼参与考试0206','WU000006','CR000035','1'),
	('SE000207','豆豆鬼参与考试0207','WU000006','CR000035','1'),
	('SE000208','豆豆鬼参与考试0208','WU000006','CR000035','1'),
	('SE000209','豆豆鬼参与考试0209','WU000006','CR000035','1'),
	('SE000210','豆豆鬼参与考试0210','WU000006','CR000035','1'),
	('SE000211','豆豆鬼参与考试0211','WU000006','CR000036','1'),
	('SE000212','豆豆鬼参与考试0212','WU000006','CR000036','1'),
	('SE000213','豆豆鬼参与考试0213','WU000006','CR000036','1'),
	('SE000214','豆豆鬼参与考试0214','WU000006','CR000036','1'),
	('SE000215','豆豆鬼参与考试0215','WU000006','CR000036','1'),
	('SE000216','豆豆鬼参与考试0216','WU000006','CR000036','1');

insert into answer_question_data values
	('AQ000001','豆豆鬼参与考试','WU000001','UA000001','A','CR000001','1'),
	('AQ000002','豆豆鬼参与考试0002','WU000001','UA000001','B','CR000001','1'),
	('AQ000003','豆豆鬼参与考试0003','WU000001','UA000001','C','CR000001','1'),
	('AQ000004','豆豆鬼参与考试0004','WU000001','UA000001','A','CR000001','1'),
	('AQ000005','豆豆鬼参与考试0005','WU000001','UA000001','B','CR000001','1'),
	('AQ000006','豆豆鬼参与考试0006','WU000001','UA000001','C','CR000001','1'),
	('AQ000007','豆豆鬼参与考试0007','WU000001','UA000002','A','CR000001','1'),
	('AQ000008','豆豆鬼参与考试0008','WU000001','UA000002','B','CR000001','1'),
	('AQ000009','豆豆鬼参与考试0009','WU000001','UA000002','C','CR000001','1'),
	('AQ000010','豆豆鬼参与考试0010','WU000001','UA000002','A','CR000001','1'),
	('AQ000011','豆豆鬼参与考试0011','WU000001','UA000002','B','CR000001','1'),
	('AQ000012','豆豆鬼参与考试0012','WU000001','UA000002','C','CR000001','1'),
	('AQ000013','豆豆鬼参与考试0013','WU000001','UA000003','A','CR000001','1'),
	('AQ000014','豆豆鬼参与考试0014','WU000001','UA000003','B','CR000001','1'),
	('AQ000015','豆豆鬼参与考试0015','WU000001','UA000003','C','CR000001','1'),
	('AQ000016','豆豆鬼参与考试0016','WU000001','UA000003','A','CR000001','1'),
	('AQ000017','豆豆鬼参与考试0017','WU000001','UA000003','B','CR000001','1'),
	('AQ000018','豆豆鬼参与考试0018','WU000001','UA000003','C','CR000001','1'),
	('AQ000019','豆豆鬼参与考试0019','WU000001','UA000004','A','CR000001','1'),
	('AQ000020','豆豆鬼参与考试0020','WU000001','UA000004','B','CR000001','1'),
	('AQ000021','豆豆鬼参与考试0021','WU000001','UA000004','C','CR000001','1'),
	('AQ000022','豆豆鬼参与考试0022','WU000001','UA000004','A','CR000001','1'),
	('AQ000023','豆豆鬼参与考试0023','WU000001','UA000004','B','CR000001','1'),
	('AQ000024','豆豆鬼参与考试0024','WU000001','UA000004','C','CR000001','1'),
	('AQ000025','豆豆鬼参与考试0025','WU000001','UA000005','A','CR000001','1'),
	('AQ000026','豆豆鬼参与考试0026','WU000001','UA000005','B','CR000001','1'),
	('AQ000027','豆豆鬼参与考试0027','WU000001','UA000005','C','CR000001','1'),
	('AQ000028','豆豆鬼参与考试0028','WU000001','UA000005','A','CR000001','1'),
	('AQ000029','豆豆鬼参与考试0029','WU000001','UA000005','B','CR000001','1'),
	('AQ000030','豆豆鬼参与考试0030','WU000001','UA000005','C','CR000001','1'),
	('AQ000031','豆豆鬼参与考试0031','WU000001','UA000006','A','CR000001','1'),
	('AQ000032','豆豆鬼参与考试0032','WU000001','UA000006','B','CR000001','1'),
	('AQ000033','豆豆鬼参与考试0033','WU000001','UA000006','C','CR000001','1'),
	('AQ000034','豆豆鬼参与考试0034','WU000001','UA000006','A','CR000001','1'),
	('AQ000035','豆豆鬼参与考试0035','WU000001','UA000006','B','CR000001','1'),
	('AQ000036','豆豆鬼参与考试0036','WU000001','UA000006','C','CR000001','1'),
	('AQ000037','豆豆鬼参与考试0037','WU000001','UA000007','A','CR000002','1'),
	('AQ000038','豆豆鬼参与考试0038','WU000001','UA000007','B','CR000002','1'),
	('AQ000039','豆豆鬼参与考试0039','WU000001','UA000007','C','CR000002','1'),
	('AQ000040','豆豆鬼参与考试0040','WU000001','UA000007','A','CR000002','1'),
	('AQ000041','豆豆鬼参与考试0041','WU000001','UA000007','B','CR000002','1'),
	('AQ000042','豆豆鬼参与考试0042','WU000001','UA000007','C','CR000002','1'),
	('AQ000043','豆豆鬼参与考试0043','WU000001','UA000008','A','CR000002','1'),
	('AQ000044','豆豆鬼参与考试0044','WU000001','UA000008','B','CR000002','1'),
	('AQ000045','豆豆鬼参与考试0045','WU000001','UA000008','C','CR000002','1'),
	('AQ000046','豆豆鬼参与考试0046','WU000001','UA000008','A','CR000002','1'),
	('AQ000047','豆豆鬼参与考试0047','WU000001','UA000008','B','CR000002','1'),
	('AQ000048','豆豆鬼参与考试0048','WU000001','UA000008','C','CR000002','1'),
	('AQ000049','豆豆鬼参与考试0049','WU000001','UA000009','A','CR000002','1'),
	('AQ000050','豆豆鬼参与考试0050','WU000001','UA000009','B','CR000002','1'),
	('AQ000051','豆豆鬼参与考试0051','WU000001','UA000009','C','CR000002','1'),
	('AQ000052','豆豆鬼参与考试0052','WU000001','UA000009','A','CR000002','1'),
	('AQ000053','豆豆鬼参与考试0053','WU000001','UA000009','B','CR000002','1'),
	('AQ000054','豆豆鬼参与考试0054','WU000001','UA000009','C','CR000002','1'),
	('AQ000055','豆豆鬼参与考试0055','WU000001','UA000010','A','CR000002','1'),
	('AQ000056','豆豆鬼参与考试0056','WU000001','UA000010','B','CR000002','1'),
	('AQ000057','豆豆鬼参与考试0057','WU000001','UA000010','C','CR000002','1'),
	('AQ000058','豆豆鬼参与考试0058','WU000001','UA000010','A','CR000002','1'),
	('AQ000059','豆豆鬼参与考试0059','WU000001','UA000010','B','CR000002','1'),
	('AQ000060','豆豆鬼参与考试0060','WU000001','UA000010','C','CR000002','1'),
	('AQ000061','豆豆鬼参与考试0061','WU000001','UA000011','A','CR000002','1'),
	('AQ000062','豆豆鬼参与考试0062','WU000001','UA000011','B','CR000002','1'),
	('AQ000063','豆豆鬼参与考试0063','WU000001','UA000011','C','CR000002','1'),
	('AQ000064','豆豆鬼参与考试0064','WU000001','UA000011','A','CR000002','1'),
	('AQ000065','豆豆鬼参与考试0065','WU000001','UA000011','B','CR000002','1'),
	('AQ000066','豆豆鬼参与考试0066','WU000001','UA000011','C','CR000002','1'),
	('AQ000067','豆豆鬼参与考试0067','WU000001','UA000012','A','CR000002','1'),
	('AQ000068','豆豆鬼参与考试0068','WU000001','UA000012','B','CR000002','1'),
	('AQ000069','豆豆鬼参与考试0069','WU000001','UA000012','C','CR000002','1'),
	('AQ000070','豆豆鬼参与考试0070','WU000001','UA000012','A','CR000002','1'),
	('AQ000071','豆豆鬼参与考试0071','WU000001','UA000012','B','CR000002','1'),
	('AQ000072','豆豆鬼参与考试0072','WU000001','UA000012','C','CR000002','1'),
	('AQ000073','豆豆鬼参与考试0073','WU000001','UA000013','A','CR000003','1'),
	('AQ000074','豆豆鬼参与考试0074','WU000001','UA000013','B','CR000003','1'),
	('AQ000075','豆豆鬼参与考试0075','WU000001','UA000013','C','CR000003','1'),
	('AQ000076','豆豆鬼参与考试0076','WU000001','UA000013','A','CR000003','1'),
	('AQ000077','豆豆鬼参与考试0077','WU000001','UA000013','B','CR000003','1'),
	('AQ000078','豆豆鬼参与考试0078','WU000001','UA000013','C','CR000003','1'),
	('AQ000079','豆豆鬼参与考试0079','WU000001','UA000014','A','CR000003','1'),
	('AQ000080','豆豆鬼参与考试0080','WU000001','UA000014','B','CR000003','1'),
	('AQ000081','豆豆鬼参与考试0081','WU000001','UA000014','C','CR000003','1'),
	('AQ000082','豆豆鬼参与考试0082','WU000001','UA000014','A','CR000003','1'),
	('AQ000083','豆豆鬼参与考试0083','WU000001','UA000014','B','CR000003','1'),
	('AQ000084','豆豆鬼参与考试0084','WU000001','UA000014','C','CR000003','1'),
	('AQ000085','豆豆鬼参与考试0085','WU000001','UA000015','A','CR000003','1'),
	('AQ000086','豆豆鬼参与考试0086','WU000001','UA000015','B','CR000003','1'),
	('AQ000087','豆豆鬼参与考试0087','WU000001','UA000015','C','CR000003','1'),
	('AQ000088','豆豆鬼参与考试0088','WU000001','UA000015','A','CR000003','1'),
	('AQ000089','豆豆鬼参与考试0089','WU000001','UA000015','B','CR000003','1'),
	('AQ000090','豆豆鬼参与考试0090','WU000001','UA000015','C','CR000003','1'),
	('AQ000091','豆豆鬼参与考试0091','WU000001','UA000016','A','CR000003','1'),
	('AQ000092','豆豆鬼参与考试0092','WU000001','UA000016','B','CR000003','1'),
	('AQ000093','豆豆鬼参与考试0093','WU000001','UA000016','C','CR000003','1'),
	('AQ000094','豆豆鬼参与考试0094','WU000001','UA000016','A','CR000003','1'),
	('AQ000095','豆豆鬼参与考试0095','WU000001','UA000016','B','CR000003','1'),
	('AQ000096','豆豆鬼参与考试0096','WU000001','UA000016','C','CR000003','1'),
	('AQ000097','豆豆鬼参与考试0097','WU000001','UA000017','A','CR000003','1'),
	('AQ000098','豆豆鬼参与考试0098','WU000001','UA000017','B','CR000003','1'),
	('AQ000099','豆豆鬼参与考试0099','WU000001','UA000017','C','CR000003','1'),
	('AQ000100','豆豆鬼参与考试0100','WU000001','UA000017','A','CR000003','1'),
	('AQ000101','豆豆鬼参与考试0101','WU000001','UA000017','B','CR000003','1'),
	('AQ000102','豆豆鬼参与考试0102','WU000001','UA000017','C','CR000003','1'),
	('AQ000103','豆豆鬼参与考试0103','WU000001','UA000018','A','CR000003','1'),
	('AQ000104','豆豆鬼参与考试0104','WU000001','UA000018','B','CR000003','1'),
	('AQ000105','豆豆鬼参与考试0105','WU000001','UA000018','C','CR000003','1'),
	('AQ000106','豆豆鬼参与考试0106','WU000001','UA000018','A','CR000003','1'),
	('AQ000107','豆豆鬼参与考试0107','WU000001','UA000018','B','CR000003','1'),
	('AQ000108','豆豆鬼参与考试0108','WU000001','UA000018','C','CR000003','1'),
	('AQ000109','豆豆鬼参与考试0109','WU000001','UA000019','A','CR000004','1'),
	('AQ000110','豆豆鬼参与考试0110','WU000001','UA000019','B','CR000004','1'),
	('AQ000111','豆豆鬼参与考试0111','WU000001','UA000019','C','CR000004','1'),
	('AQ000112','豆豆鬼参与考试0112','WU000001','UA000019','A','CR000004','1'),
	('AQ000113','豆豆鬼参与考试0113','WU000001','UA000019','B','CR000004','1'),
	('AQ000114','豆豆鬼参与考试0114','WU000001','UA000019','C','CR000004','1'),
	('AQ000115','豆豆鬼参与考试0115','WU000001','UA000020','A','CR000004','1'),
	('AQ000116','豆豆鬼参与考试0116','WU000001','UA000020','B','CR000004','1'),
	('AQ000117','豆豆鬼参与考试0117','WU000001','UA000020','C','CR000004','1'),
	('AQ000118','豆豆鬼参与考试0118','WU000001','UA000020','A','CR000004','1'),
	('AQ000119','豆豆鬼参与考试0119','WU000001','UA000020','B','CR000004','1'),
	('AQ000120','豆豆鬼参与考试0120','WU000001','UA000020','C','CR000004','1'),
	('AQ000121','豆豆鬼参与考试0121','WU000001','UA000021','A','CR000004','1'),
	('AQ000122','豆豆鬼参与考试0122','WU000001','UA000021','B','CR000004','1'),
	('AQ000123','豆豆鬼参与考试0123','WU000001','UA000021','C','CR000004','1'),
	('AQ000124','豆豆鬼参与考试0124','WU000001','UA000021','A','CR000004','1'),
	('AQ000125','豆豆鬼参与考试0125','WU000001','UA000021','B','CR000004','1'),
	('AQ000126','豆豆鬼参与考试0126','WU000001','UA000021','C','CR000004','1'),
	('AQ000127','豆豆鬼参与考试0127','WU000001','UA000022','A','CR000004','1'),
	('AQ000128','豆豆鬼参与考试0128','WU000001','UA000022','B','CR000004','1'),
	('AQ000129','豆豆鬼参与考试0129','WU000001','UA000022','C','CR000004','1'),
	('AQ000130','豆豆鬼参与考试0130','WU000001','UA000022','A','CR000004','1'),
	('AQ000131','豆豆鬼参与考试0131','WU000001','UA000022','B','CR000004','1'),
	('AQ000132','豆豆鬼参与考试0132','WU000001','UA000022','C','CR000004','1'),
	('AQ000133','豆豆鬼参与考试0133','WU000001','UA000023','A','CR000004','1'),
	('AQ000134','豆豆鬼参与考试0134','WU000001','UA000023','B','CR000004','1'),
	('AQ000135','豆豆鬼参与考试0135','WU000001','UA000023','C','CR000004','1'),
	('AQ000136','豆豆鬼参与考试0136','WU000001','UA000023','A','CR000004','1'),
	('AQ000137','豆豆鬼参与考试0137','WU000001','UA000023','B','CR000004','1'),
	('AQ000138','豆豆鬼参与考试0138','WU000001','UA000023','C','CR000004','1'),
	('AQ000139','豆豆鬼参与考试0139','WU000001','UA000024','A','CR000004','1'),
	('AQ000140','豆豆鬼参与考试0140','WU000001','UA000024','B','CR000004','1'),
	('AQ000141','豆豆鬼参与考试0141','WU000001','UA000024','C','CR000004','1'),
	('AQ000142','豆豆鬼参与考试0142','WU000001','UA000024','A','CR000004','1'),
	('AQ000143','豆豆鬼参与考试0143','WU000001','UA000024','B','CR000004','1'),
	('AQ000144','豆豆鬼参与考试0144','WU000001','UA000024','C','CR000004','1'),
	('AQ000145','豆豆鬼参与考试0145','WU000001','UA000025','A','CR000005','1'),
	('AQ000146','豆豆鬼参与考试0146','WU000001','UA000025','B','CR000005','1'),
	('AQ000147','豆豆鬼参与考试0147','WU000001','UA000025','C','CR000005','1'),
	('AQ000148','豆豆鬼参与考试0148','WU000001','UA000025','A','CR000005','1'),
	('AQ000149','豆豆鬼参与考试0149','WU000001','UA000025','B','CR000005','1'),
	('AQ000150','豆豆鬼参与考试0150','WU000001','UA000025','C','CR000005','1'),
	('AQ000151','豆豆鬼参与考试0151','WU000001','UA000026','A','CR000005','1'),
	('AQ000152','豆豆鬼参与考试0152','WU000001','UA000026','B','CR000005','1'),
	('AQ000153','豆豆鬼参与考试0153','WU000001','UA000026','C','CR000005','1'),
	('AQ000154','豆豆鬼参与考试0154','WU000001','UA000026','A','CR000005','1'),
	('AQ000155','豆豆鬼参与考试0155','WU000001','UA000026','B','CR000005','1'),
	('AQ000156','豆豆鬼参与考试0156','WU000001','UA000026','C','CR000005','1'),
	('AQ000157','豆豆鬼参与考试0157','WU000001','UA000027','A','CR000005','1'),
	('AQ000158','豆豆鬼参与考试0158','WU000001','UA000027','B','CR000005','1'),
	('AQ000159','豆豆鬼参与考试0159','WU000001','UA000027','C','CR000005','1'),
	('AQ000160','豆豆鬼参与考试0160','WU000001','UA000027','A','CR000005','1'),
	('AQ000161','豆豆鬼参与考试0161','WU000001','UA000027','B','CR000005','1'),
	('AQ000162','豆豆鬼参与考试0162','WU000001','UA000027','C','CR000005','1'),
	('AQ000163','豆豆鬼参与考试0163','WU000001','UA000028','A','CR000005','1'),
	('AQ000164','豆豆鬼参与考试0164','WU000001','UA000028','B','CR000005','1'),
	('AQ000165','豆豆鬼参与考试0165','WU000001','UA000028','C','CR000005','1'),
	('AQ000166','豆豆鬼参与考试0166','WU000001','UA000028','A','CR000005','1'),
	('AQ000167','豆豆鬼参与考试0167','WU000001','UA000028','B','CR000005','1'),
	('AQ000168','豆豆鬼参与考试0168','WU000001','UA000028','C','CR000005','1'),
	('AQ000169','豆豆鬼参与考试0169','WU000001','UA000029','A','CR000005','1'),
	('AQ000170','豆豆鬼参与考试0170','WU000001','UA000029','B','CR000005','1'),
	('AQ000171','豆豆鬼参与考试0171','WU000001','UA000029','C','CR000005','1'),
	('AQ000172','豆豆鬼参与考试0172','WU000001','UA000029','A','CR000005','1'),
	('AQ000173','豆豆鬼参与考试0173','WU000001','UA000029','B','CR000005','1'),
	('AQ000174','豆豆鬼参与考试0174','WU000001','UA000029','C','CR000005','1'),
	('AQ000175','豆豆鬼参与考试0175','WU000001','UA000030','A','CR000005','1'),
	('AQ000176','豆豆鬼参与考试0176','WU000001','UA000030','B','CR000005','1'),
	('AQ000177','豆豆鬼参与考试0177','WU000001','UA000030','C','CR000005','1'),
	('AQ000178','豆豆鬼参与考试0178','WU000001','UA000030','A','CR000005','1'),
	('AQ000179','豆豆鬼参与考试0179','WU000001','UA000030','B','CR000005','1'),
	('AQ000180','豆豆鬼参与考试0180','WU000001','UA000030','C','CR000005','1'),
	('AQ000181','豆豆鬼参与考试0181','WU000001','UA000031','A','CR000006','1'),
	('AQ000182','豆豆鬼参与考试0182','WU000001','UA000031','B','CR000006','1'),
	('AQ000183','豆豆鬼参与考试0183','WU000001','UA000031','C','CR000006','1'),
	('AQ000184','豆豆鬼参与考试0184','WU000001','UA000031','A','CR000006','1'),
	('AQ000185','豆豆鬼参与考试0185','WU000001','UA000031','B','CR000006','1'),
	('AQ000186','豆豆鬼参与考试0186','WU000001','UA000031','C','CR000006','1'),
	('AQ000187','豆豆鬼参与考试0187','WU000001','UA000032','A','CR000006','1'),
	('AQ000188','豆豆鬼参与考试0188','WU000001','UA000032','B','CR000006','1'),
	('AQ000189','豆豆鬼参与考试0189','WU000001','UA000032','C','CR000006','1'),
	('AQ000190','豆豆鬼参与考试0190','WU000001','UA000032','A','CR000006','1'),
	('AQ000191','豆豆鬼参与考试0191','WU000001','UA000032','B','CR000006','1'),
	('AQ000192','豆豆鬼参与考试0192','WU000001','UA000032','C','CR000006','1'),
	('AQ000193','豆豆鬼参与考试0193','WU000001','UA000033','A','CR000006','1'),
	('AQ000194','豆豆鬼参与考试0194','WU000001','UA000033','B','CR000006','1'),
	('AQ000195','豆豆鬼参与考试0195','WU000001','UA000033','C','CR000006','1'),
	('AQ000196','豆豆鬼参与考试0196','WU000001','UA000033','A','CR000006','1'),
	('AQ000197','豆豆鬼参与考试0197','WU000001','UA000033','B','CR000006','1'),
	('AQ000198','豆豆鬼参与考试0198','WU000001','UA000033','C','CR000006','1'),
	('AQ000199','豆豆鬼参与考试0199','WU000001','UA000034','A','CR000006','1'),
	('AQ000200','豆豆鬼参与考试0200','WU000001','UA000034','B','CR000006','1'),
	('AQ000201','豆豆鬼参与考试0201','WU000001','UA000034','C','CR000006','1'),
	('AQ000202','豆豆鬼参与考试0202','WU000001','UA000034','A','CR000006','1'),
	('AQ000203','豆豆鬼参与考试0203','WU000001','UA000034','B','CR000006','1'),
	('AQ000204','豆豆鬼参与考试0204','WU000001','UA000034','C','CR000006','1'),
	('AQ000205','豆豆鬼参与考试0205','WU000001','UA000035','A','CR000006','1'),
	('AQ000206','豆豆鬼参与考试0206','WU000001','UA000035','B','CR000006','1'),
	('AQ000207','豆豆鬼参与考试0207','WU000001','UA000035','C','CR000006','1'),
	('AQ000208','豆豆鬼参与考试0208','WU000001','UA000035','A','CR000006','1'),
	('AQ000209','豆豆鬼参与考试0209','WU000001','UA000035','B','CR000006','1'),
	('AQ000210','豆豆鬼参与考试0210','WU000001','UA000035','C','CR000006','1'),
	('AQ000211','豆豆鬼参与考试0211','WU000001','UA000036','A','CR000006','1'),
	('AQ000212','豆豆鬼参与考试0212','WU000001','UA000036','B','CR000006','1'),
	('AQ000213','豆豆鬼参与考试0213','WU000001','UA000036','C','CR000006','1'),
	('AQ000214','豆豆鬼参与考试0214','WU000001','UA000036','A','CR000006','1'),
	('AQ000215','豆豆鬼参与考试0215','WU000001','UA000036','B','CR000006','1'),
	('AQ000216','豆豆鬼参与考试0216','WU000001','UA000036','C','CR000006','1'),
	('AQ000217','豆豆鬼参与考试0217','WU000002','UA000037','A','CR000007','1'),
	('AQ000218','豆豆鬼参与考试0218','WU000002','UA000037','B','CR000007','1'),
	('AQ000219','豆豆鬼参与考试0219','WU000002','UA000037','C','CR000007','1'),
	('AQ000220','豆豆鬼参与考试0220','WU000002','UA000037','A','CR000007','1'),
	('AQ000221','豆豆鬼参与考试0221','WU000002','UA000037','B','CR000007','1'),
	('AQ000222','豆豆鬼参与考试0222','WU000002','UA000037','C','CR000007','1'),
	('AQ000223','豆豆鬼参与考试0223','WU000002','UA000038','A','CR000007','1'),
	('AQ000224','豆豆鬼参与考试0224','WU000002','UA000038','B','CR000007','1'),
	('AQ000225','豆豆鬼参与考试0225','WU000002','UA000038','C','CR000007','1'),
	('AQ000226','豆豆鬼参与考试0226','WU000002','UA000038','A','CR000007','1'),
	('AQ000227','豆豆鬼参与考试0227','WU000002','UA000038','B','CR000007','1'),
	('AQ000228','豆豆鬼参与考试0228','WU000002','UA000038','C','CR000007','1'),
	('AQ000229','豆豆鬼参与考试0229','WU000002','UA000039','A','CR000007','1'),
	('AQ000230','豆豆鬼参与考试0230','WU000002','UA000039','B','CR000007','1'),
	('AQ000231','豆豆鬼参与考试0231','WU000002','UA000039','C','CR000007','1'),
	('AQ000232','豆豆鬼参与考试0232','WU000002','UA000039','A','CR000007','1'),
	('AQ000233','豆豆鬼参与考试0233','WU000002','UA000039','B','CR000007','1'),
	('AQ000234','豆豆鬼参与考试0234','WU000002','UA000039','C','CR000007','1'),
	('AQ000235','豆豆鬼参与考试0235','WU000002','UA000040','A','CR000007','1'),
	('AQ000236','豆豆鬼参与考试0236','WU000002','UA000040','B','CR000007','1'),
	('AQ000237','豆豆鬼参与考试0237','WU000002','UA000040','C','CR000007','1'),
	('AQ000238','豆豆鬼参与考试0238','WU000002','UA000040','A','CR000007','1'),
	('AQ000239','豆豆鬼参与考试0239','WU000002','UA000040','B','CR000007','1'),
	('AQ000240','豆豆鬼参与考试0240','WU000002','UA000040','C','CR000007','1'),
	('AQ000241','豆豆鬼参与考试0241','WU000002','UA000041','A','CR000007','1'),
	('AQ000242','豆豆鬼参与考试0242','WU000002','UA000041','B','CR000007','1'),
	('AQ000243','豆豆鬼参与考试0243','WU000002','UA000041','C','CR000007','1'),
	('AQ000244','豆豆鬼参与考试0244','WU000002','UA000041','A','CR000007','1'),
	('AQ000245','豆豆鬼参与考试0245','WU000002','UA000041','B','CR000007','1'),
	('AQ000246','豆豆鬼参与考试0246','WU000002','UA000041','C','CR000007','1'),
	('AQ000247','豆豆鬼参与考试0247','WU000002','UA000042','A','CR000007','1'),
	('AQ000248','豆豆鬼参与考试0248','WU000002','UA000042','B','CR000007','1'),
	('AQ000249','豆豆鬼参与考试0249','WU000002','UA000042','C','CR000007','1'),
	('AQ000250','豆豆鬼参与考试0250','WU000002','UA000042','A','CR000007','1'),
	('AQ000251','豆豆鬼参与考试0251','WU000002','UA000042','B','CR000007','1'),
	('AQ000252','豆豆鬼参与考试0252','WU000002','UA000042','C','CR000007','1'),
	('AQ000253','豆豆鬼参与考试0253','WU000002','UA000043','A','CR000008','1'),
	('AQ000254','豆豆鬼参与考试0254','WU000002','UA000043','B','CR000008','1'),
	('AQ000255','豆豆鬼参与考试0255','WU000002','UA000043','C','CR000008','1'),
	('AQ000256','豆豆鬼参与考试0256','WU000002','UA000043','A','CR000008','1'),
	('AQ000257','豆豆鬼参与考试0257','WU000002','UA000043','B','CR000008','1'),
	('AQ000258','豆豆鬼参与考试0258','WU000002','UA000043','C','CR000008','1'),
	('AQ000259','豆豆鬼参与考试0259','WU000002','UA000044','A','CR000008','1'),
	('AQ000260','豆豆鬼参与考试0260','WU000002','UA000044','B','CR000008','1'),
	('AQ000261','豆豆鬼参与考试0261','WU000002','UA000044','C','CR000008','1'),
	('AQ000262','豆豆鬼参与考试0262','WU000002','UA000044','A','CR000008','1'),
	('AQ000263','豆豆鬼参与考试0263','WU000002','UA000044','B','CR000008','1'),
	('AQ000264','豆豆鬼参与考试0264','WU000002','UA000044','C','CR000008','1'),
	('AQ000265','豆豆鬼参与考试0265','WU000002','UA000045','A','CR000008','1'),
	('AQ000266','豆豆鬼参与考试0266','WU000002','UA000045','B','CR000008','1'),
	('AQ000267','豆豆鬼参与考试0267','WU000002','UA000045','C','CR000008','1'),
	('AQ000268','豆豆鬼参与考试0268','WU000002','UA000045','A','CR000008','1'),
	('AQ000269','豆豆鬼参与考试0269','WU000002','UA000045','B','CR000008','1'),
	('AQ000270','豆豆鬼参与考试0270','WU000002','UA000045','C','CR000008','1'),
	('AQ000271','豆豆鬼参与考试0271','WU000002','UA000046','A','CR000008','1'),
	('AQ000272','豆豆鬼参与考试0272','WU000002','UA000046','B','CR000008','1'),
	('AQ000273','豆豆鬼参与考试0273','WU000002','UA000046','C','CR000008','1'),
	('AQ000274','豆豆鬼参与考试0274','WU000002','UA000046','A','CR000008','1'),
	('AQ000275','豆豆鬼参与考试0275','WU000002','UA000046','B','CR000008','1'),
	('AQ000276','豆豆鬼参与考试0276','WU000002','UA000046','C','CR000008','1'),
	('AQ000277','豆豆鬼参与考试0277','WU000002','UA000047','A','CR000008','1'),
	('AQ000278','豆豆鬼参与考试0278','WU000002','UA000047','B','CR000008','1'),
	('AQ000279','豆豆鬼参与考试0279','WU000002','UA000047','C','CR000008','1'),
	('AQ000280','豆豆鬼参与考试0280','WU000002','UA000047','A','CR000008','1'),
	('AQ000281','豆豆鬼参与考试0281','WU000002','UA000047','B','CR000008','1'),
	('AQ000282','豆豆鬼参与考试0282','WU000002','UA000047','C','CR000008','1'),
	('AQ000283','豆豆鬼参与考试0283','WU000002','UA000048','A','CR000008','1'),
	('AQ000284','豆豆鬼参与考试0284','WU000002','UA000048','B','CR000008','1'),
	('AQ000285','豆豆鬼参与考试0285','WU000002','UA000048','C','CR000008','1'),
	('AQ000286','豆豆鬼参与考试0286','WU000002','UA000048','A','CR000008','1'),
	('AQ000287','豆豆鬼参与考试0287','WU000002','UA000048','B','CR000008','1'),
	('AQ000288','豆豆鬼参与考试0288','WU000002','UA000048','C','CR000008','1'),
	('AQ000289','豆豆鬼参与考试0289','WU000002','UA000049','A','CR000009','1'),
	('AQ000290','豆豆鬼参与考试0290','WU000002','UA000049','B','CR000009','1'),
	('AQ000291','豆豆鬼参与考试0291','WU000002','UA000049','C','CR000009','1'),
	('AQ000292','豆豆鬼参与考试0292','WU000002','UA000049','A','CR000009','1'),
	('AQ000293','豆豆鬼参与考试0293','WU000002','UA000049','B','CR000009','1'),
	('AQ000294','豆豆鬼参与考试0294','WU000002','UA000049','C','CR000009','1'),
	('AQ000295','豆豆鬼参与考试0295','WU000002','UA000050','A','CR000009','1'),
	('AQ000296','豆豆鬼参与考试0296','WU000002','UA000050','B','CR000009','1'),
	('AQ000297','豆豆鬼参与考试0297','WU000002','UA000050','C','CR000009','1'),
	('AQ000298','豆豆鬼参与考试0298','WU000002','UA000050','A','CR000009','1'),
	('AQ000299','豆豆鬼参与考试0299','WU000002','UA000050','B','CR000009','1'),
	('AQ000300','豆豆鬼参与考试0300','WU000002','UA000050','C','CR000009','1'),
	('AQ000301','豆豆鬼参与考试0301','WU000002','UA000051','A','CR000009','1'),
	('AQ000302','豆豆鬼参与考试0302','WU000002','UA000051','B','CR000009','1'),
	('AQ000303','豆豆鬼参与考试0303','WU000002','UA000051','C','CR000009','1'),
	('AQ000304','豆豆鬼参与考试0304','WU000002','UA000051','A','CR000009','1'),
	('AQ000305','豆豆鬼参与考试0305','WU000002','UA000051','B','CR000009','1'),
	('AQ000306','豆豆鬼参与考试0306','WU000002','UA000051','C','CR000009','1'),
	('AQ000307','豆豆鬼参与考试0307','WU000002','UA000052','A','CR000009','1'),
	('AQ000308','豆豆鬼参与考试0308','WU000002','UA000052','B','CR000009','1'),
	('AQ000309','豆豆鬼参与考试0309','WU000002','UA000052','C','CR000009','1'),
	('AQ000310','豆豆鬼参与考试0310','WU000002','UA000052','A','CR000009','1'),
	('AQ000311','豆豆鬼参与考试0311','WU000002','UA000052','B','CR000009','1'),
	('AQ000312','豆豆鬼参与考试0312','WU000002','UA000052','C','CR000009','1'),
	('AQ000313','豆豆鬼参与考试0313','WU000002','UA000053','A','CR000009','1'),
	('AQ000314','豆豆鬼参与考试0314','WU000002','UA000053','B','CR000009','1'),
	('AQ000315','豆豆鬼参与考试0315','WU000002','UA000053','C','CR000009','1'),
	('AQ000316','豆豆鬼参与考试0316','WU000002','UA000053','A','CR000009','1'),
	('AQ000317','豆豆鬼参与考试0317','WU000002','UA000053','B','CR000009','1'),
	('AQ000318','豆豆鬼参与考试0318','WU000002','UA000053','C','CR000009','1'),
	('AQ000319','豆豆鬼参与考试0319','WU000002','UA000054','A','CR000009','1'),
	('AQ000320','豆豆鬼参与考试0320','WU000002','UA000054','B','CR000009','1'),
	('AQ000321','豆豆鬼参与考试0321','WU000002','UA000054','C','CR000009','1'),
	('AQ000322','豆豆鬼参与考试0322','WU000002','UA000054','A','CR000009','1'),
	('AQ000323','豆豆鬼参与考试0323','WU000002','UA000054','B','CR000009','1'),
	('AQ000324','豆豆鬼参与考试0324','WU000002','UA000054','C','CR000009','1'),
	('AQ000325','豆豆鬼参与考试0325','WU000002','UA000055','A','CR000010','1'),
	('AQ000326','豆豆鬼参与考试0326','WU000002','UA000055','B','CR000010','1'),
	('AQ000327','豆豆鬼参与考试0327','WU000002','UA000055','C','CR000010','1'),
	('AQ000328','豆豆鬼参与考试0328','WU000002','UA000055','A','CR000010','1'),
	('AQ000329','豆豆鬼参与考试0329','WU000002','UA000055','B','CR000010','1'),
	('AQ000330','豆豆鬼参与考试0330','WU000002','UA000055','C','CR000010','1'),
	('AQ000331','豆豆鬼参与考试0331','WU000002','UA000056','A','CR000010','1'),
	('AQ000332','豆豆鬼参与考试0332','WU000002','UA000056','B','CR000010','1'),
	('AQ000333','豆豆鬼参与考试0333','WU000002','UA000056','C','CR000010','1'),
	('AQ000334','豆豆鬼参与考试0334','WU000002','UA000056','A','CR000010','1'),
	('AQ000335','豆豆鬼参与考试0335','WU000002','UA000056','B','CR000010','1'),
	('AQ000336','豆豆鬼参与考试0336','WU000002','UA000056','C','CR000010','1'),
	('AQ000337','豆豆鬼参与考试0337','WU000002','UA000057','A','CR000010','1'),
	('AQ000338','豆豆鬼参与考试0338','WU000002','UA000057','B','CR000010','1'),
	('AQ000339','豆豆鬼参与考试0339','WU000002','UA000057','C','CR000010','1'),
	('AQ000340','豆豆鬼参与考试0340','WU000002','UA000057','A','CR000010','1'),
	('AQ000341','豆豆鬼参与考试0341','WU000002','UA000057','B','CR000010','1'),
	('AQ000342','豆豆鬼参与考试0342','WU000002','UA000057','C','CR000010','1'),
	('AQ000343','豆豆鬼参与考试0343','WU000002','UA000058','A','CR000010','1'),
	('AQ000344','豆豆鬼参与考试0344','WU000002','UA000058','B','CR000010','1'),
	('AQ000345','豆豆鬼参与考试0345','WU000002','UA000058','C','CR000010','1'),
	('AQ000346','豆豆鬼参与考试0346','WU000002','UA000058','A','CR000010','1'),
	('AQ000347','豆豆鬼参与考试0347','WU000002','UA000058','B','CR000010','1'),
	('AQ000348','豆豆鬼参与考试0348','WU000002','UA000058','C','CR000010','1'),
	('AQ000349','豆豆鬼参与考试0349','WU000002','UA000059','A','CR000010','1'),
	('AQ000350','豆豆鬼参与考试0350','WU000002','UA000059','B','CR000010','1'),
	('AQ000351','豆豆鬼参与考试0351','WU000002','UA000059','C','CR000010','1'),
	('AQ000352','豆豆鬼参与考试0352','WU000002','UA000059','A','CR000010','1'),
	('AQ000353','豆豆鬼参与考试0353','WU000002','UA000059','B','CR000010','1'),
	('AQ000354','豆豆鬼参与考试0354','WU000002','UA000059','C','CR000010','1'),
	('AQ000355','豆豆鬼参与考试0355','WU000002','UA000060','A','CR000010','1'),
	('AQ000356','豆豆鬼参与考试0356','WU000002','UA000060','B','CR000010','1'),
	('AQ000357','豆豆鬼参与考试0357','WU000002','UA000060','C','CR000010','1'),
	('AQ000358','豆豆鬼参与考试0358','WU000002','UA000060','A','CR000010','1'),
	('AQ000359','豆豆鬼参与考试0359','WU000002','UA000060','B','CR000010','1'),
	('AQ000360','豆豆鬼参与考试0360','WU000002','UA000060','C','CR000010','1'),
	('AQ000361','豆豆鬼参与考试0361','WU000002','UA000061','A','CR000011','1'),
	('AQ000362','豆豆鬼参与考试0362','WU000002','UA000061','B','CR000011','1'),
	('AQ000363','豆豆鬼参与考试0363','WU000002','UA000061','C','CR000011','1'),
	('AQ000364','豆豆鬼参与考试0364','WU000002','UA000061','A','CR000011','1'),
	('AQ000365','豆豆鬼参与考试0365','WU000002','UA000061','B','CR000011','1'),
	('AQ000366','豆豆鬼参与考试0366','WU000002','UA000061','C','CR000011','1'),
	('AQ000367','豆豆鬼参与考试0367','WU000002','UA000062','A','CR000011','1'),
	('AQ000368','豆豆鬼参与考试0368','WU000002','UA000062','B','CR000011','1'),
	('AQ000369','豆豆鬼参与考试0369','WU000002','UA000062','C','CR000011','1'),
	('AQ000370','豆豆鬼参与考试0370','WU000002','UA000062','A','CR000011','1'),
	('AQ000371','豆豆鬼参与考试0371','WU000002','UA000062','B','CR000011','1'),
	('AQ000372','豆豆鬼参与考试0372','WU000002','UA000062','C','CR000011','1'),
	('AQ000373','豆豆鬼参与考试0373','WU000002','UA000063','A','CR000011','1'),
	('AQ000374','豆豆鬼参与考试0374','WU000002','UA000063','B','CR000011','1'),
	('AQ000375','豆豆鬼参与考试0375','WU000002','UA000063','C','CR000011','1'),
	('AQ000376','豆豆鬼参与考试0376','WU000002','UA000063','A','CR000011','1'),
	('AQ000377','豆豆鬼参与考试0377','WU000002','UA000063','B','CR000011','1'),
	('AQ000378','豆豆鬼参与考试0378','WU000002','UA000063','C','CR000011','1'),
	('AQ000379','豆豆鬼参与考试0379','WU000002','UA000064','A','CR000011','1'),
	('AQ000380','豆豆鬼参与考试0380','WU000002','UA000064','B','CR000011','1'),
	('AQ000381','豆豆鬼参与考试0381','WU000002','UA000064','C','CR000011','1'),
	('AQ000382','豆豆鬼参与考试0382','WU000002','UA000064','A','CR000011','1'),
	('AQ000383','豆豆鬼参与考试0383','WU000002','UA000064','B','CR000011','1'),
	('AQ000384','豆豆鬼参与考试0384','WU000002','UA000064','C','CR000011','1'),
	('AQ000385','豆豆鬼参与考试0385','WU000002','UA000065','A','CR000011','1'),
	('AQ000386','豆豆鬼参与考试0386','WU000002','UA000065','B','CR000011','1'),
	('AQ000387','豆豆鬼参与考试0387','WU000002','UA000065','C','CR000011','1'),
	('AQ000388','豆豆鬼参与考试0388','WU000002','UA000065','A','CR000011','1'),
	('AQ000389','豆豆鬼参与考试0389','WU000002','UA000065','B','CR000011','1'),
	('AQ000390','豆豆鬼参与考试0390','WU000002','UA000065','C','CR000011','1'),
	('AQ000391','豆豆鬼参与考试0391','WU000002','UA000066','A','CR000011','1'),
	('AQ000392','豆豆鬼参与考试0392','WU000002','UA000066','B','CR000011','1'),
	('AQ000393','豆豆鬼参与考试0393','WU000002','UA000066','C','CR000011','1'),
	('AQ000394','豆豆鬼参与考试0394','WU000002','UA000066','A','CR000011','1'),
	('AQ000395','豆豆鬼参与考试0395','WU000002','UA000066','B','CR000011','1'),
	('AQ000396','豆豆鬼参与考试0396','WU000002','UA000066','C','CR000011','1'),
	('AQ000397','豆豆鬼参与考试0397','WU000002','UA000067','A','CR000012','1'),
	('AQ000398','豆豆鬼参与考试0398','WU000002','UA000067','B','CR000012','1'),
	('AQ000399','豆豆鬼参与考试0399','WU000002','UA000067','C','CR000012','1'),
	('AQ000400','豆豆鬼参与考试0400','WU000002','UA000067','A','CR000012','1'),
	('AQ000401','豆豆鬼参与考试0401','WU000002','UA000067','B','CR000012','1'),
	('AQ000402','豆豆鬼参与考试0402','WU000002','UA000067','C','CR000012','1'),
	('AQ000403','豆豆鬼参与考试0403','WU000002','UA000068','A','CR000012','1'),
	('AQ000404','豆豆鬼参与考试0404','WU000002','UA000068','B','CR000012','1'),
	('AQ000405','豆豆鬼参与考试0405','WU000002','UA000068','C','CR000012','1'),
	('AQ000406','豆豆鬼参与考试0406','WU000002','UA000068','A','CR000012','1'),
	('AQ000407','豆豆鬼参与考试0407','WU000002','UA000068','B','CR000012','1'),
	('AQ000408','豆豆鬼参与考试0408','WU000002','UA000068','C','CR000012','1'),
	('AQ000409','豆豆鬼参与考试0409','WU000002','UA000069','A','CR000012','1'),
	('AQ000410','豆豆鬼参与考试0410','WU000002','UA000069','B','CR000012','1'),
	('AQ000411','豆豆鬼参与考试0411','WU000002','UA000069','C','CR000012','1'),
	('AQ000412','豆豆鬼参与考试0412','WU000002','UA000069','A','CR000012','1'),
	('AQ000413','豆豆鬼参与考试0413','WU000002','UA000069','B','CR000012','1'),
	('AQ000414','豆豆鬼参与考试0414','WU000002','UA000069','C','CR000012','1'),
	('AQ000415','豆豆鬼参与考试0415','WU000002','UA000070','A','CR000012','1'),
	('AQ000416','豆豆鬼参与考试0416','WU000002','UA000070','B','CR000012','1'),
	('AQ000417','豆豆鬼参与考试0417','WU000002','UA000070','C','CR000012','1'),
	('AQ000418','豆豆鬼参与考试0418','WU000002','UA000070','A','CR000012','1'),
	('AQ000419','豆豆鬼参与考试0419','WU000002','UA000070','B','CR000012','1'),
	('AQ000420','豆豆鬼参与考试0420','WU000002','UA000070','C','CR000012','1'),
	('AQ000421','豆豆鬼参与考试0421','WU000002','UA000071','A','CR000012','1'),
	('AQ000422','豆豆鬼参与考试0422','WU000002','UA000071','B','CR000012','1'),
	('AQ000423','豆豆鬼参与考试0423','WU000002','UA000071','C','CR000012','1'),
	('AQ000424','豆豆鬼参与考试0424','WU000002','UA000071','A','CR000012','1'),
	('AQ000425','豆豆鬼参与考试0425','WU000002','UA000071','B','CR000012','1'),
	('AQ000426','豆豆鬼参与考试0426','WU000002','UA000071','C','CR000012','1'),
	('AQ000427','豆豆鬼参与考试0427','WU000002','UA000072','A','CR000012','1'),
	('AQ000428','豆豆鬼参与考试0428','WU000002','UA000072','B','CR000012','1'),
	('AQ000429','豆豆鬼参与考试0429','WU000002','UA000072','C','CR000012','1'),
	('AQ000430','豆豆鬼参与考试0430','WU000002','UA000072','A','CR000012','1'),
	('AQ000431','豆豆鬼参与考试0431','WU000002','UA000072','B','CR000012','1'),
	('AQ000432','豆豆鬼参与考试0432','WU000002','UA000072','C','CR000012','1'),
	('AQ000433','豆豆鬼参与考试0433','WU000003','UA000073','A','CR000013','1'),
	('AQ000434','豆豆鬼参与考试0434','WU000003','UA000073','B','CR000013','1'),
	('AQ000435','豆豆鬼参与考试0435','WU000003','UA000073','C','CR000013','1'),
	('AQ000436','豆豆鬼参与考试0436','WU000003','UA000073','A','CR000013','1'),
	('AQ000437','豆豆鬼参与考试0437','WU000003','UA000073','B','CR000013','1'),
	('AQ000438','豆豆鬼参与考试0438','WU000003','UA000073','C','CR000013','1'),
	('AQ000439','豆豆鬼参与考试0439','WU000003','UA000074','A','CR000013','1'),
	('AQ000440','豆豆鬼参与考试0440','WU000003','UA000074','B','CR000013','1'),
	('AQ000441','豆豆鬼参与考试0441','WU000003','UA000074','C','CR000013','1'),
	('AQ000442','豆豆鬼参与考试0442','WU000003','UA000074','A','CR000013','1'),
	('AQ000443','豆豆鬼参与考试0443','WU000003','UA000074','B','CR000013','1'),
	('AQ000444','豆豆鬼参与考试0444','WU000003','UA000074','C','CR000013','1'),
	('AQ000445','豆豆鬼参与考试0445','WU000003','UA000075','A','CR000013','1'),
	('AQ000446','豆豆鬼参与考试0446','WU000003','UA000075','B','CR000013','1'),
	('AQ000447','豆豆鬼参与考试0447','WU000003','UA000075','C','CR000013','1'),
	('AQ000448','豆豆鬼参与考试0448','WU000003','UA000075','A','CR000013','1'),
	('AQ000449','豆豆鬼参与考试0449','WU000003','UA000075','B','CR000013','1'),
	('AQ000450','豆豆鬼参与考试0450','WU000003','UA000075','C','CR000013','1'),
	('AQ000451','豆豆鬼参与考试0451','WU000003','UA000076','A','CR000013','1'),
	('AQ000452','豆豆鬼参与考试0452','WU000003','UA000076','B','CR000013','1'),
	('AQ000453','豆豆鬼参与考试0453','WU000003','UA000076','C','CR000013','1'),
	('AQ000454','豆豆鬼参与考试0454','WU000003','UA000076','A','CR000013','1'),
	('AQ000455','豆豆鬼参与考试0455','WU000003','UA000076','B','CR000013','1'),
	('AQ000456','豆豆鬼参与考试0456','WU000003','UA000076','C','CR000013','1'),
	('AQ000457','豆豆鬼参与考试0457','WU000003','UA000077','A','CR000013','1'),
	('AQ000458','豆豆鬼参与考试0458','WU000003','UA000077','B','CR000013','1'),
	('AQ000459','豆豆鬼参与考试0459','WU000003','UA000077','C','CR000013','1'),
	('AQ000460','豆豆鬼参与考试0460','WU000003','UA000077','A','CR000013','1'),
	('AQ000461','豆豆鬼参与考试0461','WU000003','UA000077','B','CR000013','1'),
	('AQ000462','豆豆鬼参与考试0462','WU000003','UA000077','C','CR000013','1'),
	('AQ000463','豆豆鬼参与考试0463','WU000003','UA000078','A','CR000013','1'),
	('AQ000464','豆豆鬼参与考试0464','WU000003','UA000078','B','CR000013','1'),
	('AQ000465','豆豆鬼参与考试0465','WU000003','UA000078','C','CR000013','1'),
	('AQ000466','豆豆鬼参与考试0466','WU000003','UA000078','A','CR000013','1'),
	('AQ000467','豆豆鬼参与考试0467','WU000003','UA000078','B','CR000013','1'),
	('AQ000468','豆豆鬼参与考试0468','WU000003','UA000078','C','CR000013','1'),
	('AQ000469','豆豆鬼参与考试0469','WU000003','UA000079','A','CR000014','1'),
	('AQ000470','豆豆鬼参与考试0470','WU000003','UA000079','B','CR000014','1'),
	('AQ000471','豆豆鬼参与考试0471','WU000003','UA000079','C','CR000014','1'),
	('AQ000472','豆豆鬼参与考试0472','WU000003','UA000079','A','CR000014','1'),
	('AQ000473','豆豆鬼参与考试0473','WU000003','UA000079','B','CR000014','1'),
	('AQ000474','豆豆鬼参与考试0474','WU000003','UA000079','C','CR000014','1'),
	('AQ000475','豆豆鬼参与考试0475','WU000003','UA000080','A','CR000014','1'),
	('AQ000476','豆豆鬼参与考试0476','WU000003','UA000080','B','CR000014','1'),
	('AQ000477','豆豆鬼参与考试0477','WU000003','UA000080','C','CR000014','1'),
	('AQ000478','豆豆鬼参与考试0478','WU000003','UA000080','A','CR000014','1'),
	('AQ000479','豆豆鬼参与考试0479','WU000003','UA000080','B','CR000014','1'),
	('AQ000480','豆豆鬼参与考试0480','WU000003','UA000080','C','CR000014','1'),
	('AQ000481','豆豆鬼参与考试0481','WU000003','UA000081','A','CR000014','1'),
	('AQ000482','豆豆鬼参与考试0482','WU000003','UA000081','B','CR000014','1'),
	('AQ000483','豆豆鬼参与考试0483','WU000003','UA000081','C','CR000014','1'),
	('AQ000484','豆豆鬼参与考试0484','WU000003','UA000081','A','CR000014','1'),
	('AQ000485','豆豆鬼参与考试0485','WU000003','UA000081','B','CR000014','1'),
	('AQ000486','豆豆鬼参与考试0486','WU000003','UA000081','C','CR000014','1'),
	('AQ000487','豆豆鬼参与考试0487','WU000003','UA000082','A','CR000014','1'),
	('AQ000488','豆豆鬼参与考试0488','WU000003','UA000082','B','CR000014','1'),
	('AQ000489','豆豆鬼参与考试0489','WU000003','UA000082','C','CR000014','1'),
	('AQ000490','豆豆鬼参与考试0490','WU000003','UA000082','A','CR000014','1'),
	('AQ000491','豆豆鬼参与考试0491','WU000003','UA000082','B','CR000014','1'),
	('AQ000492','豆豆鬼参与考试0492','WU000003','UA000082','C','CR000014','1'),
	('AQ000493','豆豆鬼参与考试0493','WU000003','UA000083','A','CR000014','1'),
	('AQ000494','豆豆鬼参与考试0494','WU000003','UA000083','B','CR000014','1'),
	('AQ000495','豆豆鬼参与考试0495','WU000003','UA000083','C','CR000014','1'),
	('AQ000496','豆豆鬼参与考试0496','WU000003','UA000083','A','CR000014','1'),
	('AQ000497','豆豆鬼参与考试0497','WU000003','UA000083','B','CR000014','1'),
	('AQ000498','豆豆鬼参与考试0498','WU000003','UA000083','C','CR000014','1'),
	('AQ000499','豆豆鬼参与考试0499','WU000003','UA000084','A','CR000014','1'),
	('AQ000500','豆豆鬼参与考试0500','WU000003','UA000084','B','CR000014','1'),
	('AQ000501','豆豆鬼参与考试0501','WU000003','UA000084','C','CR000014','1'),
	('AQ000502','豆豆鬼参与考试0502','WU000003','UA000084','A','CR000014','1'),
	('AQ000503','豆豆鬼参与考试0503','WU000003','UA000084','B','CR000014','1'),
	('AQ000504','豆豆鬼参与考试0504','WU000003','UA000084','C','CR000014','1'),
	('AQ000505','豆豆鬼参与考试0505','WU000003','UA000085','A','CR000015','1'),
	('AQ000506','豆豆鬼参与考试0506','WU000003','UA000085','B','CR000015','1'),
	('AQ000507','豆豆鬼参与考试0507','WU000003','UA000085','C','CR000015','1'),
	('AQ000508','豆豆鬼参与考试0508','WU000003','UA000085','A','CR000015','1'),
	('AQ000509','豆豆鬼参与考试0509','WU000003','UA000085','B','CR000015','1'),
	('AQ000510','豆豆鬼参与考试0510','WU000003','UA000085','C','CR000015','1'),
	('AQ000511','豆豆鬼参与考试0511','WU000003','UA000086','A','CR000015','1'),
	('AQ000512','豆豆鬼参与考试0512','WU000003','UA000086','B','CR000015','1'),
	('AQ000513','豆豆鬼参与考试0513','WU000003','UA000086','C','CR000015','1'),
	('AQ000514','豆豆鬼参与考试0514','WU000003','UA000086','A','CR000015','1'),
	('AQ000515','豆豆鬼参与考试0515','WU000003','UA000086','B','CR000015','1'),
	('AQ000516','豆豆鬼参与考试0516','WU000003','UA000086','C','CR000015','1'),
	('AQ000517','豆豆鬼参与考试0517','WU000003','UA000087','A','CR000015','1'),
	('AQ000518','豆豆鬼参与考试0518','WU000003','UA000087','B','CR000015','1'),
	('AQ000519','豆豆鬼参与考试0519','WU000003','UA000087','C','CR000015','1'),
	('AQ000520','豆豆鬼参与考试0520','WU000003','UA000087','A','CR000015','1'),
	('AQ000521','豆豆鬼参与考试0521','WU000003','UA000087','B','CR000015','1'),
	('AQ000522','豆豆鬼参与考试0522','WU000003','UA000087','C','CR000015','1'),
	('AQ000523','豆豆鬼参与考试0523','WU000003','UA000088','A','CR000015','1'),
	('AQ000524','豆豆鬼参与考试0524','WU000003','UA000088','B','CR000015','1'),
	('AQ000525','豆豆鬼参与考试0525','WU000003','UA000088','C','CR000015','1'),
	('AQ000526','豆豆鬼参与考试0526','WU000003','UA000088','A','CR000015','1'),
	('AQ000527','豆豆鬼参与考试0527','WU000003','UA000088','B','CR000015','1'),
	('AQ000528','豆豆鬼参与考试0528','WU000003','UA000088','C','CR000015','1'),
	('AQ000529','豆豆鬼参与考试0529','WU000003','UA000089','A','CR000015','1'),
	('AQ000530','豆豆鬼参与考试0530','WU000003','UA000089','B','CR000015','1'),
	('AQ000531','豆豆鬼参与考试0531','WU000003','UA000089','C','CR000015','1'),
	('AQ000532','豆豆鬼参与考试0532','WU000003','UA000089','A','CR000015','1'),
	('AQ000533','豆豆鬼参与考试0533','WU000003','UA000089','B','CR000015','1'),
	('AQ000534','豆豆鬼参与考试0534','WU000003','UA000089','C','CR000015','1'),
	('AQ000535','豆豆鬼参与考试0535','WU000003','UA000090','A','CR000015','1'),
	('AQ000536','豆豆鬼参与考试0536','WU000003','UA000090','B','CR000015','1'),
	('AQ000537','豆豆鬼参与考试0537','WU000003','UA000090','C','CR000015','1'),
	('AQ000538','豆豆鬼参与考试0538','WU000003','UA000090','A','CR000015','1'),
	('AQ000539','豆豆鬼参与考试0539','WU000003','UA000090','B','CR000015','1'),
	('AQ000540','豆豆鬼参与考试0540','WU000003','UA000090','C','CR000015','1'),
	('AQ000541','豆豆鬼参与考试0541','WU000003','UA000091','A','CR000016','1'),
	('AQ000542','豆豆鬼参与考试0542','WU000003','UA000091','B','CR000016','1'),
	('AQ000543','豆豆鬼参与考试0543','WU000003','UA000091','C','CR000016','1'),
	('AQ000544','豆豆鬼参与考试0544','WU000003','UA000091','A','CR000016','1'),
	('AQ000545','豆豆鬼参与考试0545','WU000003','UA000091','B','CR000016','1'),
	('AQ000546','豆豆鬼参与考试0546','WU000003','UA000091','C','CR000016','1'),
	('AQ000547','豆豆鬼参与考试0547','WU000003','UA000092','A','CR000016','1'),
	('AQ000548','豆豆鬼参与考试0548','WU000003','UA000092','B','CR000016','1'),
	('AQ000549','豆豆鬼参与考试0549','WU000003','UA000092','C','CR000016','1'),
	('AQ000550','豆豆鬼参与考试0550','WU000003','UA000092','A','CR000016','1'),
	('AQ000551','豆豆鬼参与考试0551','WU000003','UA000092','B','CR000016','1'),
	('AQ000552','豆豆鬼参与考试0552','WU000003','UA000092','C','CR000016','1'),
	('AQ000553','豆豆鬼参与考试0553','WU000003','UA000093','A','CR000016','1'),
	('AQ000554','豆豆鬼参与考试0554','WU000003','UA000093','B','CR000016','1'),
	('AQ000555','豆豆鬼参与考试0555','WU000003','UA000093','C','CR000016','1'),
	('AQ000556','豆豆鬼参与考试0556','WU000003','UA000093','A','CR000016','1'),
	('AQ000557','豆豆鬼参与考试0557','WU000003','UA000093','B','CR000016','1'),
	('AQ000558','豆豆鬼参与考试0558','WU000003','UA000093','C','CR000016','1'),
	('AQ000559','豆豆鬼参与考试0559','WU000003','UA000094','A','CR000016','1'),
	('AQ000560','豆豆鬼参与考试0560','WU000003','UA000094','B','CR000016','1'),
	('AQ000561','豆豆鬼参与考试0561','WU000003','UA000094','C','CR000016','1'),
	('AQ000562','豆豆鬼参与考试0562','WU000003','UA000094','A','CR000016','1'),
	('AQ000563','豆豆鬼参与考试0563','WU000003','UA000094','B','CR000016','1'),
	('AQ000564','豆豆鬼参与考试0564','WU000003','UA000094','C','CR000016','1'),
	('AQ000565','豆豆鬼参与考试0565','WU000003','UA000095','A','CR000016','1'),
	('AQ000566','豆豆鬼参与考试0566','WU000003','UA000095','B','CR000016','1'),
	('AQ000567','豆豆鬼参与考试0567','WU000003','UA000095','C','CR000016','1'),
	('AQ000568','豆豆鬼参与考试0568','WU000003','UA000095','A','CR000016','1'),
	('AQ000569','豆豆鬼参与考试0569','WU000003','UA000095','B','CR000016','1'),
	('AQ000570','豆豆鬼参与考试0570','WU000003','UA000095','C','CR000016','1'),
	('AQ000571','豆豆鬼参与考试0571','WU000003','UA000096','A','CR000016','1'),
	('AQ000572','豆豆鬼参与考试0572','WU000003','UA000096','B','CR000016','1'),
	('AQ000573','豆豆鬼参与考试0573','WU000003','UA000096','C','CR000016','1'),
	('AQ000574','豆豆鬼参与考试0574','WU000003','UA000096','A','CR000016','1'),
	('AQ000575','豆豆鬼参与考试0575','WU000003','UA000096','B','CR000016','1'),
	('AQ000576','豆豆鬼参与考试0576','WU000003','UA000096','C','CR000016','1'),
	('AQ000577','豆豆鬼参与考试0577','WU000003','UA000097','A','CR000017','1'),
	('AQ000578','豆豆鬼参与考试0578','WU000003','UA000097','B','CR000017','1'),
	('AQ000579','豆豆鬼参与考试0579','WU000003','UA000097','C','CR000017','1'),
	('AQ000580','豆豆鬼参与考试0580','WU000003','UA000097','A','CR000017','1'),
	('AQ000581','豆豆鬼参与考试0581','WU000003','UA000097','B','CR000017','1'),
	('AQ000582','豆豆鬼参与考试0582','WU000003','UA000097','C','CR000017','1'),
	('AQ000583','豆豆鬼参与考试0583','WU000003','UA000098','A','CR000017','1'),
	('AQ000584','豆豆鬼参与考试0584','WU000003','UA000098','B','CR000017','1'),
	('AQ000585','豆豆鬼参与考试0585','WU000003','UA000098','C','CR000017','1'),
	('AQ000586','豆豆鬼参与考试0586','WU000003','UA000098','A','CR000017','1'),
	('AQ000587','豆豆鬼参与考试0587','WU000003','UA000098','B','CR000017','1'),
	('AQ000588','豆豆鬼参与考试0588','WU000003','UA000098','C','CR000017','1'),
	('AQ000589','豆豆鬼参与考试0589','WU000003','UA000099','A','CR000017','1'),
	('AQ000590','豆豆鬼参与考试0590','WU000003','UA000099','B','CR000017','1'),
	('AQ000591','豆豆鬼参与考试0591','WU000003','UA000099','C','CR000017','1'),
	('AQ000592','豆豆鬼参与考试0592','WU000003','UA000099','A','CR000017','1'),
	('AQ000593','豆豆鬼参与考试0593','WU000003','UA000099','B','CR000017','1'),
	('AQ000594','豆豆鬼参与考试0594','WU000003','UA000099','C','CR000017','1'),
	('AQ000595','豆豆鬼参与考试0595','WU000003','UA000100','A','CR000017','1'),
	('AQ000596','豆豆鬼参与考试0596','WU000003','UA000100','B','CR000017','1'),
	('AQ000597','豆豆鬼参与考试0597','WU000003','UA000100','C','CR000017','1'),
	('AQ000598','豆豆鬼参与考试0598','WU000003','UA000100','A','CR000017','1'),
	('AQ000599','豆豆鬼参与考试0599','WU000003','UA000100','B','CR000017','1'),
	('AQ000600','豆豆鬼参与考试0600','WU000003','UA000100','C','CR000017','1'),
	('AQ000601','豆豆鬼参与考试0601','WU000003','UA000101','A','CR000017','1'),
	('AQ000602','豆豆鬼参与考试0602','WU000003','UA000101','B','CR000017','1'),
	('AQ000603','豆豆鬼参与考试0603','WU000003','UA000101','C','CR000017','1'),
	('AQ000604','豆豆鬼参与考试0604','WU000003','UA000101','A','CR000017','1'),
	('AQ000605','豆豆鬼参与考试0605','WU000003','UA000101','B','CR000017','1'),
	('AQ000606','豆豆鬼参与考试0606','WU000003','UA000101','C','CR000017','1'),
	('AQ000607','豆豆鬼参与考试0607','WU000003','UA000102','A','CR000017','1'),
	('AQ000608','豆豆鬼参与考试0608','WU000003','UA000102','B','CR000017','1'),
	('AQ000609','豆豆鬼参与考试0609','WU000003','UA000102','C','CR000017','1'),
	('AQ000610','豆豆鬼参与考试0610','WU000003','UA000102','A','CR000017','1'),
	('AQ000611','豆豆鬼参与考试0611','WU000003','UA000102','B','CR000017','1'),
	('AQ000612','豆豆鬼参与考试0612','WU000003','UA000102','C','CR000017','1'),
	('AQ000613','豆豆鬼参与考试0613','WU000003','UA000103','A','CR000018','1'),
	('AQ000614','豆豆鬼参与考试0614','WU000003','UA000103','B','CR000018','1'),
	('AQ000615','豆豆鬼参与考试0615','WU000003','UA000103','C','CR000018','1'),
	('AQ000616','豆豆鬼参与考试0616','WU000003','UA000103','A','CR000018','1'),
	('AQ000617','豆豆鬼参与考试0617','WU000003','UA000103','B','CR000018','1'),
	('AQ000618','豆豆鬼参与考试0618','WU000003','UA000103','C','CR000018','1'),
	('AQ000619','豆豆鬼参与考试0619','WU000003','UA000104','A','CR000018','1'),
	('AQ000620','豆豆鬼参与考试0620','WU000003','UA000104','B','CR000018','1'),
	('AQ000621','豆豆鬼参与考试0621','WU000003','UA000104','C','CR000018','1'),
	('AQ000622','豆豆鬼参与考试0622','WU000003','UA000104','A','CR000018','1'),
	('AQ000623','豆豆鬼参与考试0623','WU000003','UA000104','B','CR000018','1'),
	('AQ000624','豆豆鬼参与考试0624','WU000003','UA000104','C','CR000018','1'),
	('AQ000625','豆豆鬼参与考试0625','WU000003','UA000105','A','CR000018','1'),
	('AQ000626','豆豆鬼参与考试0626','WU000003','UA000105','B','CR000018','1'),
	('AQ000627','豆豆鬼参与考试0627','WU000003','UA000105','C','CR000018','1'),
	('AQ000628','豆豆鬼参与考试0628','WU000003','UA000105','A','CR000018','1'),
	('AQ000629','豆豆鬼参与考试0629','WU000003','UA000105','B','CR000018','1'),
	('AQ000630','豆豆鬼参与考试0630','WU000003','UA000105','C','CR000018','1'),
	('AQ000631','豆豆鬼参与考试0631','WU000003','UA000106','A','CR000018','1'),
	('AQ000632','豆豆鬼参与考试0632','WU000003','UA000106','B','CR000018','1'),
	('AQ000633','豆豆鬼参与考试0633','WU000003','UA000106','C','CR000018','1'),
	('AQ000634','豆豆鬼参与考试0634','WU000003','UA000106','A','CR000018','1'),
	('AQ000635','豆豆鬼参与考试0635','WU000003','UA000106','B','CR000018','1'),
	('AQ000636','豆豆鬼参与考试0636','WU000003','UA000106','C','CR000018','1'),
	('AQ000637','豆豆鬼参与考试0637','WU000003','UA000107','A','CR000018','1'),
	('AQ000638','豆豆鬼参与考试0638','WU000003','UA000107','B','CR000018','1'),
	('AQ000639','豆豆鬼参与考试0639','WU000003','UA000107','C','CR000018','1'),
	('AQ000640','豆豆鬼参与考试0640','WU000003','UA000107','A','CR000018','1'),
	('AQ000641','豆豆鬼参与考试0641','WU000003','UA000107','B','CR000018','1'),
	('AQ000642','豆豆鬼参与考试0642','WU000003','UA000107','C','CR000018','1'),
	('AQ000643','豆豆鬼参与考试0643','WU000003','UA000108','A','CR000018','1'),
	('AQ000644','豆豆鬼参与考试0644','WU000003','UA000108','B','CR000018','1'),
	('AQ000645','豆豆鬼参与考试0645','WU000003','UA000108','C','CR000018','1'),
	('AQ000646','豆豆鬼参与考试0646','WU000003','UA000108','A','CR000018','1'),
	('AQ000647','豆豆鬼参与考试0647','WU000003','UA000108','B','CR000018','1'),
	('AQ000648','豆豆鬼参与考试0648','WU000003','UA000108','C','CR000018','1'),
	('AQ000649','豆豆鬼参与考试0649','WU000004','UA000109','A','CR000019','1'),
	('AQ000650','豆豆鬼参与考试0650','WU000004','UA000109','B','CR000019','1'),
	('AQ000651','豆豆鬼参与考试0651','WU000004','UA000109','C','CR000019','1'),
	('AQ000652','豆豆鬼参与考试0652','WU000004','UA000109','A','CR000019','1'),
	('AQ000653','豆豆鬼参与考试0653','WU000004','UA000109','B','CR000019','1'),
	('AQ000654','豆豆鬼参与考试0654','WU000004','UA000109','C','CR000019','1'),
	('AQ000655','豆豆鬼参与考试0655','WU000004','UA000110','A','CR000019','1'),
	('AQ000656','豆豆鬼参与考试0656','WU000004','UA000110','B','CR000019','1'),
	('AQ000657','豆豆鬼参与考试0657','WU000004','UA000110','C','CR000019','1'),
	('AQ000658','豆豆鬼参与考试0658','WU000004','UA000110','A','CR000019','1'),
	('AQ000659','豆豆鬼参与考试0659','WU000004','UA000110','B','CR000019','1'),
	('AQ000660','豆豆鬼参与考试0660','WU000004','UA000110','C','CR000019','1'),
	('AQ000661','豆豆鬼参与考试0661','WU000004','UA000111','A','CR000019','1'),
	('AQ000662','豆豆鬼参与考试0662','WU000004','UA000111','B','CR000019','1'),
	('AQ000663','豆豆鬼参与考试0663','WU000004','UA000111','C','CR000019','1'),
	('AQ000664','豆豆鬼参与考试0664','WU000004','UA000111','A','CR000019','1'),
	('AQ000665','豆豆鬼参与考试0665','WU000004','UA000111','B','CR000019','1'),
	('AQ000666','豆豆鬼参与考试0666','WU000004','UA000111','C','CR000019','1'),
	('AQ000667','豆豆鬼参与考试0667','WU000004','UA000112','A','CR000019','1'),
	('AQ000668','豆豆鬼参与考试0668','WU000004','UA000112','B','CR000019','1'),
	('AQ000669','豆豆鬼参与考试0669','WU000004','UA000112','C','CR000019','1'),
	('AQ000670','豆豆鬼参与考试0670','WU000004','UA000112','A','CR000019','1'),
	('AQ000671','豆豆鬼参与考试0671','WU000004','UA000112','B','CR000019','1'),
	('AQ000672','豆豆鬼参与考试0672','WU000004','UA000112','C','CR000019','1'),
	('AQ000673','豆豆鬼参与考试0673','WU000004','UA000113','A','CR000019','1'),
	('AQ000674','豆豆鬼参与考试0674','WU000004','UA000113','B','CR000019','1'),
	('AQ000675','豆豆鬼参与考试0675','WU000004','UA000113','C','CR000019','1'),
	('AQ000676','豆豆鬼参与考试0676','WU000004','UA000113','A','CR000019','1'),
	('AQ000677','豆豆鬼参与考试0677','WU000004','UA000113','B','CR000019','1'),
	('AQ000678','豆豆鬼参与考试0678','WU000004','UA000113','C','CR000019','1'),
	('AQ000679','豆豆鬼参与考试0679','WU000004','UA000114','A','CR000019','1'),
	('AQ000680','豆豆鬼参与考试0680','WU000004','UA000114','B','CR000019','1'),
	('AQ000681','豆豆鬼参与考试0681','WU000004','UA000114','C','CR000019','1'),
	('AQ000682','豆豆鬼参与考试0682','WU000004','UA000114','A','CR000019','1'),
	('AQ000683','豆豆鬼参与考试0683','WU000004','UA000114','B','CR000019','1'),
	('AQ000684','豆豆鬼参与考试0684','WU000004','UA000114','C','CR000019','1'),
	('AQ000685','豆豆鬼参与考试0685','WU000004','UA000115','A','CR000020','1'),
	('AQ000686','豆豆鬼参与考试0686','WU000004','UA000115','B','CR000020','1'),
	('AQ000687','豆豆鬼参与考试0687','WU000004','UA000115','C','CR000020','1'),
	('AQ000688','豆豆鬼参与考试0688','WU000004','UA000115','A','CR000020','1'),
	('AQ000689','豆豆鬼参与考试0689','WU000004','UA000115','B','CR000020','1'),
	('AQ000690','豆豆鬼参与考试0690','WU000004','UA000115','C','CR000020','1'),
	('AQ000691','豆豆鬼参与考试0691','WU000004','UA000116','A','CR000020','1'),
	('AQ000692','豆豆鬼参与考试0692','WU000004','UA000116','B','CR000020','1'),
	('AQ000693','豆豆鬼参与考试0693','WU000004','UA000116','C','CR000020','1'),
	('AQ000694','豆豆鬼参与考试0694','WU000004','UA000116','A','CR000020','1'),
	('AQ000695','豆豆鬼参与考试0695','WU000004','UA000116','B','CR000020','1'),
	('AQ000696','豆豆鬼参与考试0696','WU000004','UA000116','C','CR000020','1'),
	('AQ000697','豆豆鬼参与考试0697','WU000004','UA000117','A','CR000020','1'),
	('AQ000698','豆豆鬼参与考试0698','WU000004','UA000117','B','CR000020','1'),
	('AQ000699','豆豆鬼参与考试0699','WU000004','UA000117','C','CR000020','1'),
	('AQ000700','豆豆鬼参与考试0700','WU000004','UA000117','A','CR000020','1'),
	('AQ000701','豆豆鬼参与考试0701','WU000004','UA000117','B','CR000020','1'),
	('AQ000702','豆豆鬼参与考试0702','WU000004','UA000117','C','CR000020','1'),
	('AQ000703','豆豆鬼参与考试0703','WU000004','UA000118','A','CR000020','1'),
	('AQ000704','豆豆鬼参与考试0704','WU000004','UA000118','B','CR000020','1'),
	('AQ000705','豆豆鬼参与考试0705','WU000004','UA000118','C','CR000020','1'),
	('AQ000706','豆豆鬼参与考试0706','WU000004','UA000118','A','CR000020','1'),
	('AQ000707','豆豆鬼参与考试0707','WU000004','UA000118','B','CR000020','1'),
	('AQ000708','豆豆鬼参与考试0708','WU000004','UA000118','C','CR000020','1'),
	('AQ000709','豆豆鬼参与考试0709','WU000004','UA000119','A','CR000020','1'),
	('AQ000710','豆豆鬼参与考试0710','WU000004','UA000119','B','CR000020','1'),
	('AQ000711','豆豆鬼参与考试0711','WU000004','UA000119','C','CR000020','1'),
	('AQ000712','豆豆鬼参与考试0712','WU000004','UA000119','A','CR000020','1'),
	('AQ000713','豆豆鬼参与考试0713','WU000004','UA000119','B','CR000020','1'),
	('AQ000714','豆豆鬼参与考试0714','WU000004','UA000119','C','CR000020','1'),
	('AQ000715','豆豆鬼参与考试0715','WU000004','UA000120','A','CR000020','1'),
	('AQ000716','豆豆鬼参与考试0716','WU000004','UA000120','B','CR000020','1'),
	('AQ000717','豆豆鬼参与考试0717','WU000004','UA000120','C','CR000020','1'),
	('AQ000718','豆豆鬼参与考试0718','WU000004','UA000120','A','CR000020','1'),
	('AQ000719','豆豆鬼参与考试0719','WU000004','UA000120','B','CR000020','1'),
	('AQ000720','豆豆鬼参与考试0720','WU000004','UA000120','C','CR000020','1'),
	('AQ000721','豆豆鬼参与考试0721','WU000004','UA000121','A','CR000021','1'),
	('AQ000722','豆豆鬼参与考试0722','WU000004','UA000121','B','CR000021','1'),
	('AQ000723','豆豆鬼参与考试0723','WU000004','UA000121','C','CR000021','1'),
	('AQ000724','豆豆鬼参与考试0724','WU000004','UA000121','A','CR000021','1'),
	('AQ000725','豆豆鬼参与考试0725','WU000004','UA000121','B','CR000021','1'),
	('AQ000726','豆豆鬼参与考试0726','WU000004','UA000121','C','CR000021','1'),
	('AQ000727','豆豆鬼参与考试0727','WU000004','UA000122','A','CR000021','1'),
	('AQ000728','豆豆鬼参与考试0728','WU000004','UA000122','B','CR000021','1'),
	('AQ000729','豆豆鬼参与考试0729','WU000004','UA000122','C','CR000021','1'),
	('AQ000730','豆豆鬼参与考试0730','WU000004','UA000122','A','CR000021','1'),
	('AQ000731','豆豆鬼参与考试0731','WU000004','UA000122','B','CR000021','1'),
	('AQ000732','豆豆鬼参与考试0732','WU000004','UA000122','C','CR000021','1'),
	('AQ000733','豆豆鬼参与考试0733','WU000004','UA000123','A','CR000021','1'),
	('AQ000734','豆豆鬼参与考试0734','WU000004','UA000123','B','CR000021','1'),
	('AQ000735','豆豆鬼参与考试0735','WU000004','UA000123','C','CR000021','1'),
	('AQ000736','豆豆鬼参与考试0736','WU000004','UA000123','A','CR000021','1'),
	('AQ000737','豆豆鬼参与考试0737','WU000004','UA000123','B','CR000021','1'),
	('AQ000738','豆豆鬼参与考试0738','WU000004','UA000123','C','CR000021','1'),
	('AQ000739','豆豆鬼参与考试0739','WU000004','UA000124','A','CR000021','1'),
	('AQ000740','豆豆鬼参与考试0740','WU000004','UA000124','B','CR000021','1'),
	('AQ000741','豆豆鬼参与考试0741','WU000004','UA000124','C','CR000021','1'),
	('AQ000742','豆豆鬼参与考试0742','WU000004','UA000124','A','CR000021','1'),
	('AQ000743','豆豆鬼参与考试0743','WU000004','UA000124','B','CR000021','1'),
	('AQ000744','豆豆鬼参与考试0744','WU000004','UA000124','C','CR000021','1'),
	('AQ000745','豆豆鬼参与考试0745','WU000004','UA000125','A','CR000021','1'),
	('AQ000746','豆豆鬼参与考试0746','WU000004','UA000125','B','CR000021','1'),
	('AQ000747','豆豆鬼参与考试0747','WU000004','UA000125','C','CR000021','1'),
	('AQ000748','豆豆鬼参与考试0748','WU000004','UA000125','A','CR000021','1'),
	('AQ000749','豆豆鬼参与考试0749','WU000004','UA000125','B','CR000021','1'),
	('AQ000750','豆豆鬼参与考试0750','WU000004','UA000125','C','CR000021','1'),
	('AQ000751','豆豆鬼参与考试0751','WU000004','UA000126','A','CR000021','1'),
	('AQ000752','豆豆鬼参与考试0752','WU000004','UA000126','B','CR000021','1'),
	('AQ000753','豆豆鬼参与考试0753','WU000004','UA000126','C','CR000021','1'),
	('AQ000754','豆豆鬼参与考试0754','WU000004','UA000126','A','CR000021','1'),
	('AQ000755','豆豆鬼参与考试0755','WU000004','UA000126','B','CR000021','1'),
	('AQ000756','豆豆鬼参与考试0756','WU000004','UA000126','C','CR000021','1'),
	('AQ000757','豆豆鬼参与考试0757','WU000004','UA000127','A','CR000022','1'),
	('AQ000758','豆豆鬼参与考试0758','WU000004','UA000127','B','CR000022','1'),
	('AQ000759','豆豆鬼参与考试0759','WU000004','UA000127','C','CR000022','1'),
	('AQ000760','豆豆鬼参与考试0760','WU000004','UA000127','A','CR000022','1'),
	('AQ000761','豆豆鬼参与考试0761','WU000004','UA000127','B','CR000022','1'),
	('AQ000762','豆豆鬼参与考试0762','WU000004','UA000127','C','CR000022','1'),
	('AQ000763','豆豆鬼参与考试0763','WU000004','UA000128','A','CR000022','1'),
	('AQ000764','豆豆鬼参与考试0764','WU000004','UA000128','B','CR000022','1'),
	('AQ000765','豆豆鬼参与考试0765','WU000004','UA000128','C','CR000022','1'),
	('AQ000766','豆豆鬼参与考试0766','WU000004','UA000128','A','CR000022','1'),
	('AQ000767','豆豆鬼参与考试0767','WU000004','UA000128','B','CR000022','1'),
	('AQ000768','豆豆鬼参与考试0768','WU000004','UA000128','C','CR000022','1'),
	('AQ000769','豆豆鬼参与考试0769','WU000004','UA000129','A','CR000022','1'),
	('AQ000770','豆豆鬼参与考试0770','WU000004','UA000129','B','CR000022','1'),
	('AQ000771','豆豆鬼参与考试0771','WU000004','UA000129','C','CR000022','1'),
	('AQ000772','豆豆鬼参与考试0772','WU000004','UA000129','A','CR000022','1'),
	('AQ000773','豆豆鬼参与考试0773','WU000004','UA000129','B','CR000022','1'),
	('AQ000774','豆豆鬼参与考试0774','WU000004','UA000129','C','CR000022','1'),
	('AQ000775','豆豆鬼参与考试0775','WU000004','UA000130','A','CR000022','1'),
	('AQ000776','豆豆鬼参与考试0776','WU000004','UA000130','B','CR000022','1'),
	('AQ000777','豆豆鬼参与考试0777','WU000004','UA000130','C','CR000022','1'),
	('AQ000778','豆豆鬼参与考试0778','WU000004','UA000130','A','CR000022','1'),
	('AQ000779','豆豆鬼参与考试0779','WU000004','UA000130','B','CR000022','1'),
	('AQ000780','豆豆鬼参与考试0780','WU000004','UA000130','C','CR000022','1'),
	('AQ000781','豆豆鬼参与考试0781','WU000004','UA000131','A','CR000022','1'),
	('AQ000782','豆豆鬼参与考试0782','WU000004','UA000131','B','CR000022','1'),
	('AQ000783','豆豆鬼参与考试0783','WU000004','UA000131','C','CR000022','1'),
	('AQ000784','豆豆鬼参与考试0784','WU000004','UA000131','A','CR000022','1'),
	('AQ000785','豆豆鬼参与考试0785','WU000004','UA000131','B','CR000022','1'),
	('AQ000786','豆豆鬼参与考试0786','WU000004','UA000131','C','CR000022','1'),
	('AQ000787','豆豆鬼参与考试0787','WU000004','UA000132','A','CR000022','1'),
	('AQ000788','豆豆鬼参与考试0788','WU000004','UA000132','B','CR000022','1'),
	('AQ000789','豆豆鬼参与考试0789','WU000004','UA000132','C','CR000022','1'),
	('AQ000790','豆豆鬼参与考试0790','WU000004','UA000132','A','CR000022','1'),
	('AQ000791','豆豆鬼参与考试0791','WU000004','UA000132','B','CR000022','1'),
	('AQ000792','豆豆鬼参与考试0792','WU000004','UA000132','C','CR000022','1'),
	('AQ000793','豆豆鬼参与考试0793','WU000004','UA000133','A','CR000023','1'),
	('AQ000794','豆豆鬼参与考试0794','WU000004','UA000133','B','CR000023','1'),
	('AQ000795','豆豆鬼参与考试0795','WU000004','UA000133','C','CR000023','1'),
	('AQ000796','豆豆鬼参与考试0796','WU000004','UA000133','A','CR000023','1'),
	('AQ000797','豆豆鬼参与考试0797','WU000004','UA000133','B','CR000023','1'),
	('AQ000798','豆豆鬼参与考试0798','WU000004','UA000133','C','CR000023','1'),
	('AQ000799','豆豆鬼参与考试0799','WU000004','UA000134','A','CR000023','1'),
	('AQ000800','豆豆鬼参与考试0800','WU000004','UA000134','B','CR000023','1'),
	('AQ000801','豆豆鬼参与考试0801','WU000004','UA000134','C','CR000023','1'),
	('AQ000802','豆豆鬼参与考试0802','WU000004','UA000134','A','CR000023','1'),
	('AQ000803','豆豆鬼参与考试0803','WU000004','UA000134','B','CR000023','1'),
	('AQ000804','豆豆鬼参与考试0804','WU000004','UA000134','C','CR000023','1'),
	('AQ000805','豆豆鬼参与考试0805','WU000004','UA000135','A','CR000023','1'),
	('AQ000806','豆豆鬼参与考试0806','WU000004','UA000135','B','CR000023','1'),
	('AQ000807','豆豆鬼参与考试0807','WU000004','UA000135','C','CR000023','1'),
	('AQ000808','豆豆鬼参与考试0808','WU000004','UA000135','A','CR000023','1'),
	('AQ000809','豆豆鬼参与考试0809','WU000004','UA000135','B','CR000023','1'),
	('AQ000810','豆豆鬼参与考试0810','WU000004','UA000135','C','CR000023','1'),
	('AQ000811','豆豆鬼参与考试0811','WU000004','UA000136','A','CR000023','1'),
	('AQ000812','豆豆鬼参与考试0812','WU000004','UA000136','B','CR000023','1'),
	('AQ000813','豆豆鬼参与考试0813','WU000004','UA000136','C','CR000023','1'),
	('AQ000814','豆豆鬼参与考试0814','WU000004','UA000136','A','CR000023','1'),
	('AQ000815','豆豆鬼参与考试0815','WU000004','UA000136','B','CR000023','1'),
	('AQ000816','豆豆鬼参与考试0816','WU000004','UA000136','C','CR000023','1'),
	('AQ000817','豆豆鬼参与考试0817','WU000004','UA000137','A','CR000023','1'),
	('AQ000818','豆豆鬼参与考试0818','WU000004','UA000137','B','CR000023','1'),
	('AQ000819','豆豆鬼参与考试0819','WU000004','UA000137','C','CR000023','1'),
	('AQ000820','豆豆鬼参与考试0820','WU000004','UA000137','A','CR000023','1'),
	('AQ000821','豆豆鬼参与考试0821','WU000004','UA000137','B','CR000023','1'),
	('AQ000822','豆豆鬼参与考试0822','WU000004','UA000137','C','CR000023','1'),
	('AQ000823','豆豆鬼参与考试0823','WU000004','UA000138','A','CR000023','1'),
	('AQ000824','豆豆鬼参与考试0824','WU000004','UA000138','B','CR000023','1'),
	('AQ000825','豆豆鬼参与考试0825','WU000004','UA000138','C','CR000023','1'),
	('AQ000826','豆豆鬼参与考试0826','WU000004','UA000138','A','CR000023','1'),
	('AQ000827','豆豆鬼参与考试0827','WU000004','UA000138','B','CR000023','1'),
	('AQ000828','豆豆鬼参与考试0828','WU000004','UA000138','C','CR000023','1'),
	('AQ000829','豆豆鬼参与考试0829','WU000004','UA000139','A','CR000024','1'),
	('AQ000830','豆豆鬼参与考试0830','WU000004','UA000139','B','CR000024','1'),
	('AQ000831','豆豆鬼参与考试0831','WU000004','UA000139','C','CR000024','1'),
	('AQ000832','豆豆鬼参与考试0832','WU000004','UA000139','A','CR000024','1'),
	('AQ000833','豆豆鬼参与考试0833','WU000004','UA000139','B','CR000024','1'),
	('AQ000834','豆豆鬼参与考试0834','WU000004','UA000139','C','CR000024','1'),
	('AQ000835','豆豆鬼参与考试0835','WU000004','UA000140','A','CR000024','1'),
	('AQ000836','豆豆鬼参与考试0836','WU000004','UA000140','B','CR000024','1'),
	('AQ000837','豆豆鬼参与考试0837','WU000004','UA000140','C','CR000024','1'),
	('AQ000838','豆豆鬼参与考试0838','WU000004','UA000140','A','CR000024','1'),
	('AQ000839','豆豆鬼参与考试0839','WU000004','UA000140','B','CR000024','1'),
	('AQ000840','豆豆鬼参与考试0840','WU000004','UA000140','C','CR000024','1'),
	('AQ000841','豆豆鬼参与考试0841','WU000004','UA000141','A','CR000024','1'),
	('AQ000842','豆豆鬼参与考试0842','WU000004','UA000141','B','CR000024','1'),
	('AQ000843','豆豆鬼参与考试0843','WU000004','UA000141','C','CR000024','1'),
	('AQ000844','豆豆鬼参与考试0844','WU000004','UA000141','A','CR000024','1'),
	('AQ000845','豆豆鬼参与考试0845','WU000004','UA000141','B','CR000024','1'),
	('AQ000846','豆豆鬼参与考试0846','WU000004','UA000141','C','CR000024','1'),
	('AQ000847','豆豆鬼参与考试0847','WU000004','UA000142','A','CR000024','1'),
	('AQ000848','豆豆鬼参与考试0848','WU000004','UA000142','B','CR000024','1'),
	('AQ000849','豆豆鬼参与考试0849','WU000004','UA000142','C','CR000024','1'),
	('AQ000850','豆豆鬼参与考试0850','WU000004','UA000142','A','CR000024','1'),
	('AQ000851','豆豆鬼参与考试0851','WU000004','UA000142','B','CR000024','1'),
	('AQ000852','豆豆鬼参与考试0852','WU000004','UA000142','C','CR000024','1'),
	('AQ000853','豆豆鬼参与考试0853','WU000004','UA000143','A','CR000024','1'),
	('AQ000854','豆豆鬼参与考试0854','WU000004','UA000143','B','CR000024','1'),
	('AQ000855','豆豆鬼参与考试0855','WU000004','UA000143','C','CR000024','1'),
	('AQ000856','豆豆鬼参与考试0856','WU000004','UA000143','A','CR000024','1'),
	('AQ000857','豆豆鬼参与考试0857','WU000004','UA000143','B','CR000024','1'),
	('AQ000858','豆豆鬼参与考试0858','WU000004','UA000143','C','CR000024','1'),
	('AQ000859','豆豆鬼参与考试0859','WU000004','UA000144','A','CR000024','1'),
	('AQ000860','豆豆鬼参与考试0860','WU000004','UA000144','B','CR000024','1'),
	('AQ000861','豆豆鬼参与考试0861','WU000004','UA000144','C','CR000024','1'),
	('AQ000862','豆豆鬼参与考试0862','WU000004','UA000144','A','CR000024','1'),
	('AQ000863','豆豆鬼参与考试0863','WU000004','UA000144','B','CR000024','1'),
	('AQ000864','豆豆鬼参与考试0864','WU000004','UA000144','C','CR000024','1'),
	('AQ000865','豆豆鬼参与考试0865','WU000005','UA000145','A','CR000025','1'),
	('AQ000866','豆豆鬼参与考试0866','WU000005','UA000145','B','CR000025','1'),
	('AQ000867','豆豆鬼参与考试0867','WU000005','UA000145','C','CR000025','1'),
	('AQ000868','豆豆鬼参与考试0868','WU000005','UA000145','A','CR000025','1'),
	('AQ000869','豆豆鬼参与考试0869','WU000005','UA000145','B','CR000025','1'),
	('AQ000870','豆豆鬼参与考试0870','WU000005','UA000145','C','CR000025','1'),
	('AQ000871','豆豆鬼参与考试0871','WU000005','UA000146','A','CR000025','1'),
	('AQ000872','豆豆鬼参与考试0872','WU000005','UA000146','B','CR000025','1'),
	('AQ000873','豆豆鬼参与考试0873','WU000005','UA000146','C','CR000025','1'),
	('AQ000874','豆豆鬼参与考试0874','WU000005','UA000146','A','CR000025','1'),
	('AQ000875','豆豆鬼参与考试0875','WU000005','UA000146','B','CR000025','1'),
	('AQ000876','豆豆鬼参与考试0876','WU000005','UA000146','C','CR000025','1'),
	('AQ000877','豆豆鬼参与考试0877','WU000005','UA000147','A','CR000025','1'),
	('AQ000878','豆豆鬼参与考试0878','WU000005','UA000147','B','CR000025','1'),
	('AQ000879','豆豆鬼参与考试0879','WU000005','UA000147','C','CR000025','1'),
	('AQ000880','豆豆鬼参与考试0880','WU000005','UA000147','A','CR000025','1'),
	('AQ000881','豆豆鬼参与考试0881','WU000005','UA000147','B','CR000025','1'),
	('AQ000882','豆豆鬼参与考试0882','WU000005','UA000147','C','CR000025','1'),
	('AQ000883','豆豆鬼参与考试0883','WU000005','UA000148','A','CR000025','1'),
	('AQ000884','豆豆鬼参与考试0884','WU000005','UA000148','B','CR000025','1'),
	('AQ000885','豆豆鬼参与考试0885','WU000005','UA000148','C','CR000025','1'),
	('AQ000886','豆豆鬼参与考试0886','WU000005','UA000148','A','CR000025','1'),
	('AQ000887','豆豆鬼参与考试0887','WU000005','UA000148','B','CR000025','1'),
	('AQ000888','豆豆鬼参与考试0888','WU000005','UA000148','C','CR000025','1'),
	('AQ000889','豆豆鬼参与考试0889','WU000005','UA000149','A','CR000025','1'),
	('AQ000890','豆豆鬼参与考试0890','WU000005','UA000149','B','CR000025','1'),
	('AQ000891','豆豆鬼参与考试0891','WU000005','UA000149','C','CR000025','1'),
	('AQ000892','豆豆鬼参与考试0892','WU000005','UA000149','A','CR000025','1'),
	('AQ000893','豆豆鬼参与考试0893','WU000005','UA000149','B','CR000025','1'),
	('AQ000894','豆豆鬼参与考试0894','WU000005','UA000149','C','CR000025','1'),
	('AQ000895','豆豆鬼参与考试0895','WU000005','UA000150','A','CR000025','1'),
	('AQ000896','豆豆鬼参与考试0896','WU000005','UA000150','B','CR000025','1'),
	('AQ000897','豆豆鬼参与考试0897','WU000005','UA000150','C','CR000025','1'),
	('AQ000898','豆豆鬼参与考试0898','WU000005','UA000150','A','CR000025','1'),
	('AQ000899','豆豆鬼参与考试0899','WU000005','UA000150','B','CR000025','1'),
	('AQ000900','豆豆鬼参与考试0900','WU000005','UA000150','C','CR000025','1'),
	('AQ000901','豆豆鬼参与考试0901','WU000005','UA000151','A','CR000026','1'),
	('AQ000902','豆豆鬼参与考试0902','WU000005','UA000151','B','CR000026','1'),
	('AQ000903','豆豆鬼参与考试0903','WU000005','UA000151','C','CR000026','1'),
	('AQ000904','豆豆鬼参与考试0904','WU000005','UA000151','A','CR000026','1'),
	('AQ000905','豆豆鬼参与考试0905','WU000005','UA000151','B','CR000026','1'),
	('AQ000906','豆豆鬼参与考试0906','WU000005','UA000151','C','CR000026','1'),
	('AQ000907','豆豆鬼参与考试0907','WU000005','UA000152','A','CR000026','1'),
	('AQ000908','豆豆鬼参与考试0908','WU000005','UA000152','B','CR000026','1'),
	('AQ000909','豆豆鬼参与考试0909','WU000005','UA000152','C','CR000026','1'),
	('AQ000910','豆豆鬼参与考试0910','WU000005','UA000152','A','CR000026','1'),
	('AQ000911','豆豆鬼参与考试0911','WU000005','UA000152','B','CR000026','1'),
	('AQ000912','豆豆鬼参与考试0912','WU000005','UA000152','C','CR000026','1'),
	('AQ000913','豆豆鬼参与考试0913','WU000005','UA000153','A','CR000026','1'),
	('AQ000914','豆豆鬼参与考试0914','WU000005','UA000153','B','CR000026','1'),
	('AQ000915','豆豆鬼参与考试0915','WU000005','UA000153','C','CR000026','1'),
	('AQ000916','豆豆鬼参与考试0916','WU000005','UA000153','A','CR000026','1'),
	('AQ000917','豆豆鬼参与考试0917','WU000005','UA000153','B','CR000026','1'),
	('AQ000918','豆豆鬼参与考试0918','WU000005','UA000153','C','CR000026','1'),
	('AQ000919','豆豆鬼参与考试0919','WU000005','UA000154','A','CR000026','1'),
	('AQ000920','豆豆鬼参与考试0920','WU000005','UA000154','B','CR000026','1'),
	('AQ000921','豆豆鬼参与考试0921','WU000005','UA000154','C','CR000026','1'),
	('AQ000922','豆豆鬼参与考试0922','WU000005','UA000154','A','CR000026','1'),
	('AQ000923','豆豆鬼参与考试0923','WU000005','UA000154','B','CR000026','1'),
	('AQ000924','豆豆鬼参与考试0924','WU000005','UA000154','C','CR000026','1'),
	('AQ000925','豆豆鬼参与考试0925','WU000005','UA000155','A','CR000026','1'),
	('AQ000926','豆豆鬼参与考试0926','WU000005','UA000155','B','CR000026','1'),
	('AQ000927','豆豆鬼参与考试0927','WU000005','UA000155','C','CR000026','1'),
	('AQ000928','豆豆鬼参与考试0928','WU000005','UA000155','A','CR000026','1'),
	('AQ000929','豆豆鬼参与考试0929','WU000005','UA000155','B','CR000026','1'),
	('AQ000930','豆豆鬼参与考试0930','WU000005','UA000155','C','CR000026','1'),
	('AQ000931','豆豆鬼参与考试0931','WU000005','UA000156','A','CR000026','1'),
	('AQ000932','豆豆鬼参与考试0932','WU000005','UA000156','B','CR000026','1'),
	('AQ000933','豆豆鬼参与考试0933','WU000005','UA000156','C','CR000026','1'),
	('AQ000934','豆豆鬼参与考试0934','WU000005','UA000156','A','CR000026','1'),
	('AQ000935','豆豆鬼参与考试0935','WU000005','UA000156','B','CR000026','1'),
	('AQ000936','豆豆鬼参与考试0936','WU000005','UA000156','C','CR000026','1'),
	('AQ000937','豆豆鬼参与考试0937','WU000005','UA000157','A','CR000027','1'),
	('AQ000938','豆豆鬼参与考试0938','WU000005','UA000157','B','CR000027','1'),
	('AQ000939','豆豆鬼参与考试0939','WU000005','UA000157','C','CR000027','1'),
	('AQ000940','豆豆鬼参与考试0940','WU000005','UA000157','A','CR000027','1'),
	('AQ000941','豆豆鬼参与考试0941','WU000005','UA000157','B','CR000027','1'),
	('AQ000942','豆豆鬼参与考试0942','WU000005','UA000157','C','CR000027','1'),
	('AQ000943','豆豆鬼参与考试0943','WU000005','UA000158','A','CR000027','1'),
	('AQ000944','豆豆鬼参与考试0944','WU000005','UA000158','B','CR000027','1'),
	('AQ000945','豆豆鬼参与考试0945','WU000005','UA000158','C','CR000027','1'),
	('AQ000946','豆豆鬼参与考试0946','WU000005','UA000158','A','CR000027','1'),
	('AQ000947','豆豆鬼参与考试0947','WU000005','UA000158','B','CR000027','1'),
	('AQ000948','豆豆鬼参与考试0948','WU000005','UA000158','C','CR000027','1'),
	('AQ000949','豆豆鬼参与考试0949','WU000005','UA000159','A','CR000027','1'),
	('AQ000950','豆豆鬼参与考试0950','WU000005','UA000159','B','CR000027','1'),
	('AQ000951','豆豆鬼参与考试0951','WU000005','UA000159','C','CR000027','1'),
	('AQ000952','豆豆鬼参与考试0952','WU000005','UA000159','A','CR000027','1'),
	('AQ000953','豆豆鬼参与考试0953','WU000005','UA000159','B','CR000027','1'),
	('AQ000954','豆豆鬼参与考试0954','WU000005','UA000159','C','CR000027','1'),
	('AQ000955','豆豆鬼参与考试0955','WU000005','UA000160','A','CR000027','1'),
	('AQ000956','豆豆鬼参与考试0956','WU000005','UA000160','B','CR000027','1'),
	('AQ000957','豆豆鬼参与考试0957','WU000005','UA000160','C','CR000027','1'),
	('AQ000958','豆豆鬼参与考试0958','WU000005','UA000160','A','CR000027','1'),
	('AQ000959','豆豆鬼参与考试0959','WU000005','UA000160','B','CR000027','1'),
	('AQ000960','豆豆鬼参与考试0960','WU000005','UA000160','C','CR000027','1'),
	('AQ000961','豆豆鬼参与考试0961','WU000005','UA000161','A','CR000027','1'),
	('AQ000962','豆豆鬼参与考试0962','WU000005','UA000161','B','CR000027','1'),
	('AQ000963','豆豆鬼参与考试0963','WU000005','UA000161','C','CR000027','1'),
	('AQ000964','豆豆鬼参与考试0964','WU000005','UA000161','A','CR000027','1'),
	('AQ000965','豆豆鬼参与考试0965','WU000005','UA000161','B','CR000027','1'),
	('AQ000966','豆豆鬼参与考试0966','WU000005','UA000161','C','CR000027','1'),
	('AQ000967','豆豆鬼参与考试0967','WU000005','UA000162','A','CR000027','1'),
	('AQ000968','豆豆鬼参与考试0968','WU000005','UA000162','B','CR000027','1'),
	('AQ000969','豆豆鬼参与考试0969','WU000005','UA000162','C','CR000027','1'),
	('AQ000970','豆豆鬼参与考试0970','WU000005','UA000162','A','CR000027','1'),
	('AQ000971','豆豆鬼参与考试0971','WU000005','UA000162','B','CR000027','1'),
	('AQ000972','豆豆鬼参与考试0972','WU000005','UA000162','C','CR000027','1'),
	('AQ000973','豆豆鬼参与考试0973','WU000005','UA000163','A','CR000028','1'),
	('AQ000974','豆豆鬼参与考试0974','WU000005','UA000163','B','CR000028','1'),
	('AQ000975','豆豆鬼参与考试0975','WU000005','UA000163','C','CR000028','1'),
	('AQ000976','豆豆鬼参与考试0976','WU000005','UA000163','A','CR000028','1'),
	('AQ000977','豆豆鬼参与考试0977','WU000005','UA000163','B','CR000028','1'),
	('AQ000978','豆豆鬼参与考试0978','WU000005','UA000163','C','CR000028','1'),
	('AQ000979','豆豆鬼参与考试0979','WU000005','UA000164','A','CR000028','1'),
	('AQ000980','豆豆鬼参与考试0980','WU000005','UA000164','B','CR000028','1'),
	('AQ000981','豆豆鬼参与考试0981','WU000005','UA000164','C','CR000028','1'),
	('AQ000982','豆豆鬼参与考试0982','WU000005','UA000164','A','CR000028','1'),
	('AQ000983','豆豆鬼参与考试0983','WU000005','UA000164','B','CR000028','1'),
	('AQ000984','豆豆鬼参与考试0984','WU000005','UA000164','C','CR000028','1'),
	('AQ000985','豆豆鬼参与考试0985','WU000005','UA000165','A','CR000028','1'),
	('AQ000986','豆豆鬼参与考试0986','WU000005','UA000165','B','CR000028','1'),
	('AQ000987','豆豆鬼参与考试0987','WU000005','UA000165','C','CR000028','1'),
	('AQ000988','豆豆鬼参与考试0988','WU000005','UA000165','A','CR000028','1'),
	('AQ000989','豆豆鬼参与考试0989','WU000005','UA000165','B','CR000028','1'),
	('AQ000990','豆豆鬼参与考试0990','WU000005','UA000165','C','CR000028','1'),
	('AQ000991','豆豆鬼参与考试0991','WU000005','UA000166','A','CR000028','1'),
	('AQ000992','豆豆鬼参与考试0992','WU000005','UA000166','B','CR000028','1'),
	('AQ000993','豆豆鬼参与考试0993','WU000005','UA000166','C','CR000028','1'),
	('AQ000994','豆豆鬼参与考试0994','WU000005','UA000166','A','CR000028','1'),
	('AQ000995','豆豆鬼参与考试0995','WU000005','UA000166','B','CR000028','1'),
	('AQ000996','豆豆鬼参与考试0996','WU000005','UA000166','C','CR000028','1'),
	('AQ000997','豆豆鬼参与考试0997','WU000005','UA000167','A','CR000028','1'),
	('AQ000998','豆豆鬼参与考试0998','WU000005','UA000167','B','CR000028','1'),
	('AQ000999','豆豆鬼参与考试0999','WU000005','UA000167','C','CR000028','1'),
	('AQ001000','豆豆鬼参与考试1000','WU000005','UA000167','A','CR000028','1');
insert into answer_question_data values
	('AQ001001','豆豆鬼参与考试1001','WU000005','UA000167','B','CR000028','1'),
	('AQ001002','豆豆鬼参与考试1002','WU000005','UA000167','C','CR000028','1'),
	('AQ001003','豆豆鬼参与考试1003','WU000005','UA000168','A','CR000028','1'),
	('AQ001004','豆豆鬼参与考试1004','WU000005','UA000168','B','CR000028','1'),
	('AQ001005','豆豆鬼参与考试1005','WU000005','UA000168','C','CR000028','1'),
	('AQ001006','豆豆鬼参与考试1006','WU000005','UA000168','A','CR000028','1'),
	('AQ001007','豆豆鬼参与考试1007','WU000005','UA000168','B','CR000028','1'),
	('AQ001008','豆豆鬼参与考试1008','WU000005','UA000168','C','CR000028','1'),
	('AQ001009','豆豆鬼参与考试1009','WU000005','UA000169','A','CR000029','1'),
	('AQ001010','豆豆鬼参与考试1010','WU000005','UA000169','B','CR000029','1'),
	('AQ001011','豆豆鬼参与考试1011','WU000005','UA000169','C','CR000029','1'),
	('AQ001012','豆豆鬼参与考试1012','WU000005','UA000169','A','CR000029','1'),
	('AQ001013','豆豆鬼参与考试1013','WU000005','UA000169','B','CR000029','1'),
	('AQ001014','豆豆鬼参与考试1014','WU000005','UA000169','C','CR000029','1'),
	('AQ001015','豆豆鬼参与考试1015','WU000005','UA000170','A','CR000029','1'),
	('AQ001016','豆豆鬼参与考试1016','WU000005','UA000170','B','CR000029','1'),
	('AQ001017','豆豆鬼参与考试1017','WU000005','UA000170','C','CR000029','1'),
	('AQ001018','豆豆鬼参与考试1018','WU000005','UA000170','A','CR000029','1'),
	('AQ001019','豆豆鬼参与考试1019','WU000005','UA000170','B','CR000029','1'),
	('AQ001020','豆豆鬼参与考试1020','WU000005','UA000170','C','CR000029','1'),
	('AQ001021','豆豆鬼参与考试1021','WU000005','UA000171','A','CR000029','1'),
	('AQ001022','豆豆鬼参与考试1022','WU000005','UA000171','B','CR000029','1'),
	('AQ001023','豆豆鬼参与考试1023','WU000005','UA000171','C','CR000029','1'),
	('AQ001024','豆豆鬼参与考试1024','WU000005','UA000171','A','CR000029','1'),
	('AQ001025','豆豆鬼参与考试1025','WU000005','UA000171','B','CR000029','1'),
	('AQ001026','豆豆鬼参与考试1026','WU000005','UA000171','C','CR000029','1'),
	('AQ001027','豆豆鬼参与考试1027','WU000005','UA000172','A','CR000029','1'),
	('AQ001028','豆豆鬼参与考试1028','WU000005','UA000172','B','CR000029','1'),
	('AQ001029','豆豆鬼参与考试1029','WU000005','UA000172','C','CR000029','1'),
	('AQ001030','豆豆鬼参与考试1030','WU000005','UA000172','A','CR000029','1'),
	('AQ001031','豆豆鬼参与考试1031','WU000005','UA000172','B','CR000029','1'),
	('AQ001032','豆豆鬼参与考试1032','WU000005','UA000172','C','CR000029','1'),
	('AQ001033','豆豆鬼参与考试1033','WU000005','UA000173','A','CR000029','1'),
	('AQ001034','豆豆鬼参与考试1034','WU000005','UA000173','B','CR000029','1'),
	('AQ001035','豆豆鬼参与考试1035','WU000005','UA000173','C','CR000029','1'),
	('AQ001036','豆豆鬼参与考试1036','WU000005','UA000173','A','CR000029','1'),
	('AQ001037','豆豆鬼参与考试1037','WU000005','UA000173','B','CR000029','1'),
	('AQ001038','豆豆鬼参与考试1038','WU000005','UA000173','C','CR000029','1'),
	('AQ001039','豆豆鬼参与考试1039','WU000005','UA000174','A','CR000029','1'),
	('AQ001040','豆豆鬼参与考试1040','WU000005','UA000174','B','CR000029','1'),
	('AQ001041','豆豆鬼参与考试1041','WU000005','UA000174','C','CR000029','1'),
	('AQ001042','豆豆鬼参与考试1042','WU000005','UA000174','A','CR000029','1'),
	('AQ001043','豆豆鬼参与考试1043','WU000005','UA000174','B','CR000029','1'),
	('AQ001044','豆豆鬼参与考试1044','WU000005','UA000174','C','CR000029','1'),
	('AQ001045','豆豆鬼参与考试1045','WU000005','UA000175','A','CR000030','1'),
	('AQ001046','豆豆鬼参与考试1046','WU000005','UA000175','B','CR000030','1'),
	('AQ001047','豆豆鬼参与考试1047','WU000005','UA000175','C','CR000030','1'),
	('AQ001048','豆豆鬼参与考试1048','WU000005','UA000175','A','CR000030','1'),
	('AQ001049','豆豆鬼参与考试1049','WU000005','UA000175','B','CR000030','1'),
	('AQ001050','豆豆鬼参与考试1050','WU000005','UA000175','C','CR000030','1'),
	('AQ001051','豆豆鬼参与考试1051','WU000005','UA000176','A','CR000030','1'),
	('AQ001052','豆豆鬼参与考试1052','WU000005','UA000176','B','CR000030','1'),
	('AQ001053','豆豆鬼参与考试1053','WU000005','UA000176','C','CR000030','1'),
	('AQ001054','豆豆鬼参与考试1054','WU000005','UA000176','A','CR000030','1'),
	('AQ001055','豆豆鬼参与考试1055','WU000005','UA000176','B','CR000030','1'),
	('AQ001056','豆豆鬼参与考试1056','WU000005','UA000176','C','CR000030','1'),
	('AQ001057','豆豆鬼参与考试1057','WU000005','UA000177','A','CR000030','1'),
	('AQ001058','豆豆鬼参与考试1058','WU000005','UA000177','B','CR000030','1'),
	('AQ001059','豆豆鬼参与考试1059','WU000005','UA000177','C','CR000030','1'),
	('AQ001060','豆豆鬼参与考试1060','WU000005','UA000177','A','CR000030','1'),
	('AQ001061','豆豆鬼参与考试1061','WU000005','UA000177','B','CR000030','1'),
	('AQ001062','豆豆鬼参与考试1062','WU000005','UA000177','C','CR000030','1'),
	('AQ001063','豆豆鬼参与考试1063','WU000005','UA000178','A','CR000030','1'),
	('AQ001064','豆豆鬼参与考试1064','WU000005','UA000178','B','CR000030','1'),
	('AQ001065','豆豆鬼参与考试1065','WU000005','UA000178','C','CR000030','1'),
	('AQ001066','豆豆鬼参与考试1066','WU000005','UA000178','A','CR000030','1'),
	('AQ001067','豆豆鬼参与考试1067','WU000005','UA000178','B','CR000030','1'),
	('AQ001068','豆豆鬼参与考试1068','WU000005','UA000178','C','CR000030','1'),
	('AQ001069','豆豆鬼参与考试1069','WU000005','UA000179','A','CR000030','1'),
	('AQ001070','豆豆鬼参与考试1070','WU000005','UA000179','B','CR000030','1'),
	('AQ001071','豆豆鬼参与考试1071','WU000005','UA000179','C','CR000030','1'),
	('AQ001072','豆豆鬼参与考试1072','WU000005','UA000179','A','CR000030','1'),
	('AQ001073','豆豆鬼参与考试1073','WU000005','UA000179','B','CR000030','1'),
	('AQ001074','豆豆鬼参与考试1074','WU000005','UA000179','C','CR000030','1'),
	('AQ001075','豆豆鬼参与考试1075','WU000005','UA000180','A','CR000030','1'),
	('AQ001076','豆豆鬼参与考试1076','WU000005','UA000180','B','CR000030','1'),
	('AQ001077','豆豆鬼参与考试1077','WU000005','UA000180','C','CR000030','1'),
	('AQ001078','豆豆鬼参与考试1078','WU000005','UA000180','A','CR000030','1'),
	('AQ001079','豆豆鬼参与考试1079','WU000005','UA000180','B','CR000030','1'),
	('AQ001080','豆豆鬼参与考试1080','WU000005','UA000180','C','CR000030','1'),
	('AQ001081','豆豆鬼参与考试1081','WU000006','UA000181','A','CR000031','1'),
	('AQ001082','豆豆鬼参与考试1082','WU000006','UA000181','B','CR000031','1'),
	('AQ001083','豆豆鬼参与考试1083','WU000006','UA000181','C','CR000031','1'),
	('AQ001084','豆豆鬼参与考试1084','WU000006','UA000181','A','CR000031','1'),
	('AQ001085','豆豆鬼参与考试1085','WU000006','UA000181','B','CR000031','1'),
	('AQ001086','豆豆鬼参与考试1086','WU000006','UA000181','C','CR000031','1'),
	('AQ001087','豆豆鬼参与考试1087','WU000006','UA000182','A','CR000031','1'),
	('AQ001088','豆豆鬼参与考试1088','WU000006','UA000182','B','CR000031','1'),
	('AQ001089','豆豆鬼参与考试1089','WU000006','UA000182','C','CR000031','1'),
	('AQ001090','豆豆鬼参与考试1090','WU000006','UA000182','A','CR000031','1'),
	('AQ001091','豆豆鬼参与考试1091','WU000006','UA000182','B','CR000031','1'),
	('AQ001092','豆豆鬼参与考试1092','WU000006','UA000182','C','CR000031','1'),
	('AQ001093','豆豆鬼参与考试1093','WU000006','UA000183','A','CR000031','1'),
	('AQ001094','豆豆鬼参与考试1094','WU000006','UA000183','B','CR000031','1'),
	('AQ001095','豆豆鬼参与考试1095','WU000006','UA000183','C','CR000031','1'),
	('AQ001096','豆豆鬼参与考试1096','WU000006','UA000183','A','CR000031','1'),
	('AQ001097','豆豆鬼参与考试1097','WU000006','UA000183','B','CR000031','1'),
	('AQ001098','豆豆鬼参与考试1098','WU000006','UA000183','C','CR000031','1'),
	('AQ001099','豆豆鬼参与考试1099','WU000006','UA000184','A','CR000031','1'),
	('AQ001100','豆豆鬼参与考试1100','WU000006','UA000184','B','CR000031','1'),
	('AQ001101','豆豆鬼参与考试1101','WU000006','UA000184','C','CR000031','1'),
	('AQ001102','豆豆鬼参与考试1102','WU000006','UA000184','A','CR000031','1'),
	('AQ001103','豆豆鬼参与考试1103','WU000006','UA000184','B','CR000031','1'),
	('AQ001104','豆豆鬼参与考试1104','WU000006','UA000184','C','CR000031','1'),
	('AQ001105','豆豆鬼参与考试1105','WU000006','UA000185','A','CR000031','1'),
	('AQ001106','豆豆鬼参与考试1106','WU000006','UA000185','B','CR000031','1'),
	('AQ001107','豆豆鬼参与考试1107','WU000006','UA000185','C','CR000031','1'),
	('AQ001108','豆豆鬼参与考试1108','WU000006','UA000185','A','CR000031','1'),
	('AQ001109','豆豆鬼参与考试1109','WU000006','UA000185','B','CR000031','1'),
	('AQ001110','豆豆鬼参与考试1110','WU000006','UA000185','C','CR000031','1'),
	('AQ001111','豆豆鬼参与考试1111','WU000006','UA000186','A','CR000031','1'),
	('AQ001112','豆豆鬼参与考试1112','WU000006','UA000186','B','CR000031','1'),
	('AQ001113','豆豆鬼参与考试1113','WU000006','UA000186','C','CR000031','1'),
	('AQ001114','豆豆鬼参与考试1114','WU000006','UA000186','A','CR000031','1'),
	('AQ001115','豆豆鬼参与考试1115','WU000006','UA000186','B','CR000031','1'),
	('AQ001116','豆豆鬼参与考试1116','WU000006','UA000186','C','CR000031','1'),
	('AQ001117','豆豆鬼参与考试1117','WU000006','UA000187','A','CR000032','1'),
	('AQ001118','豆豆鬼参与考试1118','WU000006','UA000187','B','CR000032','1'),
	('AQ001119','豆豆鬼参与考试1119','WU000006','UA000187','C','CR000032','1'),
	('AQ001120','豆豆鬼参与考试1120','WU000006','UA000187','A','CR000032','1'),
	('AQ001121','豆豆鬼参与考试1121','WU000006','UA000187','B','CR000032','1'),
	('AQ001122','豆豆鬼参与考试1122','WU000006','UA000187','C','CR000032','1'),
	('AQ001123','豆豆鬼参与考试1123','WU000006','UA000188','A','CR000032','1'),
	('AQ001124','豆豆鬼参与考试1124','WU000006','UA000188','B','CR000032','1'),
	('AQ001125','豆豆鬼参与考试1125','WU000006','UA000188','C','CR000032','1'),
	('AQ001126','豆豆鬼参与考试1126','WU000006','UA000188','A','CR000032','1'),
	('AQ001127','豆豆鬼参与考试1127','WU000006','UA000188','B','CR000032','1'),
	('AQ001128','豆豆鬼参与考试1128','WU000006','UA000188','C','CR000032','1'),
	('AQ001129','豆豆鬼参与考试1129','WU000006','UA000189','A','CR000032','1'),
	('AQ001130','豆豆鬼参与考试1130','WU000006','UA000189','B','CR000032','1'),
	('AQ001131','豆豆鬼参与考试1131','WU000006','UA000189','C','CR000032','1'),
	('AQ001132','豆豆鬼参与考试1132','WU000006','UA000189','A','CR000032','1'),
	('AQ001133','豆豆鬼参与考试1133','WU000006','UA000189','B','CR000032','1'),
	('AQ001134','豆豆鬼参与考试1134','WU000006','UA000189','C','CR000032','1'),
	('AQ001135','豆豆鬼参与考试1135','WU000006','UA000190','A','CR000032','1'),
	('AQ001136','豆豆鬼参与考试1136','WU000006','UA000190','B','CR000032','1'),
	('AQ001137','豆豆鬼参与考试1137','WU000006','UA000190','C','CR000032','1'),
	('AQ001138','豆豆鬼参与考试1138','WU000006','UA000190','A','CR000032','1'),
	('AQ001139','豆豆鬼参与考试1139','WU000006','UA000190','B','CR000032','1'),
	('AQ001140','豆豆鬼参与考试1140','WU000006','UA000190','C','CR000032','1'),
	('AQ001141','豆豆鬼参与考试1141','WU000006','UA000191','A','CR000032','1'),
	('AQ001142','豆豆鬼参与考试1142','WU000006','UA000191','B','CR000032','1'),
	('AQ001143','豆豆鬼参与考试1143','WU000006','UA000191','C','CR000032','1'),
	('AQ001144','豆豆鬼参与考试1144','WU000006','UA000191','A','CR000032','1'),
	('AQ001145','豆豆鬼参与考试1145','WU000006','UA000191','B','CR000032','1'),
	('AQ001146','豆豆鬼参与考试1146','WU000006','UA000191','C','CR000032','1'),
	('AQ001147','豆豆鬼参与考试1147','WU000006','UA000192','A','CR000032','1'),
	('AQ001148','豆豆鬼参与考试1148','WU000006','UA000192','B','CR000032','1'),
	('AQ001149','豆豆鬼参与考试1149','WU000006','UA000192','C','CR000032','1'),
	('AQ001150','豆豆鬼参与考试1150','WU000006','UA000192','A','CR000032','1'),
	('AQ001151','豆豆鬼参与考试1151','WU000006','UA000192','B','CR000032','1'),
	('AQ001152','豆豆鬼参与考试1152','WU000006','UA000192','C','CR000032','1'),
	('AQ001153','豆豆鬼参与考试1153','WU000006','UA000193','A','CR000033','1'),
	('AQ001154','豆豆鬼参与考试1154','WU000006','UA000193','B','CR000033','1'),
	('AQ001155','豆豆鬼参与考试1155','WU000006','UA000193','C','CR000033','1'),
	('AQ001156','豆豆鬼参与考试1156','WU000006','UA000193','A','CR000033','1'),
	('AQ001157','豆豆鬼参与考试1157','WU000006','UA000193','B','CR000033','1'),
	('AQ001158','豆豆鬼参与考试1158','WU000006','UA000193','C','CR000033','1'),
	('AQ001159','豆豆鬼参与考试1159','WU000006','UA000194','A','CR000033','1'),
	('AQ001160','豆豆鬼参与考试1160','WU000006','UA000194','B','CR000033','1'),
	('AQ001161','豆豆鬼参与考试1161','WU000006','UA000194','C','CR000033','1'),
	('AQ001162','豆豆鬼参与考试1162','WU000006','UA000194','A','CR000033','1'),
	('AQ001163','豆豆鬼参与考试1163','WU000006','UA000194','B','CR000033','1'),
	('AQ001164','豆豆鬼参与考试1164','WU000006','UA000194','C','CR000033','1'),
	('AQ001165','豆豆鬼参与考试1165','WU000006','UA000195','A','CR000033','1'),
	('AQ001166','豆豆鬼参与考试1166','WU000006','UA000195','B','CR000033','1'),
	('AQ001167','豆豆鬼参与考试1167','WU000006','UA000195','C','CR000033','1'),
	('AQ001168','豆豆鬼参与考试1168','WU000006','UA000195','A','CR000033','1'),
	('AQ001169','豆豆鬼参与考试1169','WU000006','UA000195','B','CR000033','1'),
	('AQ001170','豆豆鬼参与考试1170','WU000006','UA000195','C','CR000033','1'),
	('AQ001171','豆豆鬼参与考试1171','WU000006','UA000196','A','CR000033','1'),
	('AQ001172','豆豆鬼参与考试1172','WU000006','UA000196','B','CR000033','1'),
	('AQ001173','豆豆鬼参与考试1173','WU000006','UA000196','C','CR000033','1'),
	('AQ001174','豆豆鬼参与考试1174','WU000006','UA000196','A','CR000033','1'),
	('AQ001175','豆豆鬼参与考试1175','WU000006','UA000196','B','CR000033','1'),
	('AQ001176','豆豆鬼参与考试1176','WU000006','UA000196','C','CR000033','1'),
	('AQ001177','豆豆鬼参与考试1177','WU000006','UA000197','A','CR000033','1'),
	('AQ001178','豆豆鬼参与考试1178','WU000006','UA000197','B','CR000033','1'),
	('AQ001179','豆豆鬼参与考试1179','WU000006','UA000197','C','CR000033','1'),
	('AQ001180','豆豆鬼参与考试1180','WU000006','UA000197','A','CR000033','1'),
	('AQ001181','豆豆鬼参与考试1181','WU000006','UA000197','B','CR000033','1'),
	('AQ001182','豆豆鬼参与考试1182','WU000006','UA000197','C','CR000033','1'),
	('AQ001183','豆豆鬼参与考试1183','WU000006','UA000198','A','CR000033','1'),
	('AQ001184','豆豆鬼参与考试1184','WU000006','UA000198','B','CR000033','1'),
	('AQ001185','豆豆鬼参与考试1185','WU000006','UA000198','C','CR000033','1'),
	('AQ001186','豆豆鬼参与考试1186','WU000006','UA000198','A','CR000033','1'),
	('AQ001187','豆豆鬼参与考试1187','WU000006','UA000198','B','CR000033','1'),
	('AQ001188','豆豆鬼参与考试1188','WU000006','UA000198','C','CR000033','1'),
	('AQ001189','豆豆鬼参与考试1189','WU000006','UA000199','A','CR000034','1'),
	('AQ001190','豆豆鬼参与考试1190','WU000006','UA000199','B','CR000034','1'),
	('AQ001191','豆豆鬼参与考试1191','WU000006','UA000199','C','CR000034','1'),
	('AQ001192','豆豆鬼参与考试1192','WU000006','UA000199','A','CR000034','1'),
	('AQ001193','豆豆鬼参与考试1193','WU000006','UA000199','B','CR000034','1'),
	('AQ001194','豆豆鬼参与考试1194','WU000006','UA000199','C','CR000034','1'),
	('AQ001195','豆豆鬼参与考试1195','WU000006','UA000200','A','CR000034','1'),
	('AQ001196','豆豆鬼参与考试1196','WU000006','UA000200','B','CR000034','1'),
	('AQ001197','豆豆鬼参与考试1197','WU000006','UA000200','C','CR000034','1'),
	('AQ001198','豆豆鬼参与考试1198','WU000006','UA000200','A','CR000034','1'),
	('AQ001199','豆豆鬼参与考试1199','WU000006','UA000200','B','CR000034','1'),
	('AQ001200','豆豆鬼参与考试1200','WU000006','UA000200','C','CR000034','1'),
	('AQ001201','豆豆鬼参与考试1201','WU000006','UA000201','A','CR000034','1'),
	('AQ001202','豆豆鬼参与考试1202','WU000006','UA000201','B','CR000034','1'),
	('AQ001203','豆豆鬼参与考试1203','WU000006','UA000201','C','CR000034','1'),
	('AQ001204','豆豆鬼参与考试1204','WU000006','UA000201','A','CR000034','1'),
	('AQ001205','豆豆鬼参与考试1205','WU000006','UA000201','B','CR000034','1'),
	('AQ001206','豆豆鬼参与考试1206','WU000006','UA000201','C','CR000034','1'),
	('AQ001207','豆豆鬼参与考试1207','WU000006','UA000202','A','CR000034','1'),
	('AQ001208','豆豆鬼参与考试1208','WU000006','UA000202','B','CR000034','1'),
	('AQ001209','豆豆鬼参与考试1209','WU000006','UA000202','C','CR000034','1'),
	('AQ001210','豆豆鬼参与考试1210','WU000006','UA000202','A','CR000034','1'),
	('AQ001211','豆豆鬼参与考试1211','WU000006','UA000202','B','CR000034','1'),
	('AQ001212','豆豆鬼参与考试1212','WU000006','UA000202','C','CR000034','1'),
	('AQ001213','豆豆鬼参与考试1213','WU000006','UA000203','A','CR000034','1'),
	('AQ001214','豆豆鬼参与考试1214','WU000006','UA000203','B','CR000034','1'),
	('AQ001215','豆豆鬼参与考试1215','WU000006','UA000203','C','CR000034','1'),
	('AQ001216','豆豆鬼参与考试1216','WU000006','UA000203','A','CR000034','1'),
	('AQ001217','豆豆鬼参与考试1217','WU000006','UA000203','B','CR000034','1'),
	('AQ001218','豆豆鬼参与考试1218','WU000006','UA000203','C','CR000034','1'),
	('AQ001219','豆豆鬼参与考试1219','WU000006','UA000204','A','CR000034','1'),
	('AQ001220','豆豆鬼参与考试1220','WU000006','UA000204','B','CR000034','1'),
	('AQ001221','豆豆鬼参与考试1221','WU000006','UA000204','C','CR000034','1'),
	('AQ001222','豆豆鬼参与考试1222','WU000006','UA000204','A','CR000034','1'),
	('AQ001223','豆豆鬼参与考试1223','WU000006','UA000204','B','CR000034','1'),
	('AQ001224','豆豆鬼参与考试1224','WU000006','UA000204','C','CR000034','1'),
	('AQ001225','豆豆鬼参与考试1225','WU000006','UA000205','A','CR000035','1'),
	('AQ001226','豆豆鬼参与考试1226','WU000006','UA000205','B','CR000035','1'),
	('AQ001227','豆豆鬼参与考试1227','WU000006','UA000205','C','CR000035','1'),
	('AQ001228','豆豆鬼参与考试1228','WU000006','UA000205','A','CR000035','1'),
	('AQ001229','豆豆鬼参与考试1229','WU000006','UA000205','B','CR000035','1'),
	('AQ001230','豆豆鬼参与考试1230','WU000006','UA000205','C','CR000035','1'),
	('AQ001231','豆豆鬼参与考试1231','WU000006','UA000206','A','CR000035','1'),
	('AQ001232','豆豆鬼参与考试1232','WU000006','UA000206','B','CR000035','1'),
	('AQ001233','豆豆鬼参与考试1233','WU000006','UA000206','C','CR000035','1'),
	('AQ001234','豆豆鬼参与考试1234','WU000006','UA000206','A','CR000035','1'),
	('AQ001235','豆豆鬼参与考试1235','WU000006','UA000206','B','CR000035','1'),
	('AQ001236','豆豆鬼参与考试1236','WU000006','UA000206','C','CR000035','1'),
	('AQ001237','豆豆鬼参与考试1237','WU000006','UA000207','A','CR000035','1'),
	('AQ001238','豆豆鬼参与考试1238','WU000006','UA000207','B','CR000035','1'),
	('AQ001239','豆豆鬼参与考试1239','WU000006','UA000207','C','CR000035','1'),
	('AQ001240','豆豆鬼参与考试1240','WU000006','UA000207','A','CR000035','1'),
	('AQ001241','豆豆鬼参与考试1241','WU000006','UA000207','B','CR000035','1'),
	('AQ001242','豆豆鬼参与考试1242','WU000006','UA000207','C','CR000035','1'),
	('AQ001243','豆豆鬼参与考试1243','WU000006','UA000208','A','CR000035','1'),
	('AQ001244','豆豆鬼参与考试1244','WU000006','UA000208','B','CR000035','1'),
	('AQ001245','豆豆鬼参与考试1245','WU000006','UA000208','C','CR000035','1'),
	('AQ001246','豆豆鬼参与考试1246','WU000006','UA000208','A','CR000035','1'),
	('AQ001247','豆豆鬼参与考试1247','WU000006','UA000208','B','CR000035','1'),
	('AQ001248','豆豆鬼参与考试1248','WU000006','UA000208','C','CR000035','1'),
	('AQ001249','豆豆鬼参与考试1249','WU000006','UA000209','A','CR000035','1'),
	('AQ001250','豆豆鬼参与考试1250','WU000006','UA000209','B','CR000035','1'),
	('AQ001251','豆豆鬼参与考试1251','WU000006','UA000209','C','CR000035','1'),
	('AQ001252','豆豆鬼参与考试1252','WU000006','UA000209','A','CR000035','1'),
	('AQ001253','豆豆鬼参与考试1253','WU000006','UA000209','B','CR000035','1'),
	('AQ001254','豆豆鬼参与考试1254','WU000006','UA000209','C','CR000035','1'),
	('AQ001255','豆豆鬼参与考试1255','WU000006','UA000210','A','CR000035','1'),
	('AQ001256','豆豆鬼参与考试1256','WU000006','UA000210','B','CR000035','1'),
	('AQ001257','豆豆鬼参与考试1257','WU000006','UA000210','C','CR000035','1'),
	('AQ001258','豆豆鬼参与考试1258','WU000006','UA000210','A','CR000035','1'),
	('AQ001259','豆豆鬼参与考试1259','WU000006','UA000210','B','CR000035','1'),
	('AQ001260','豆豆鬼参与考试1260','WU000006','UA000210','C','CR000035','1'),
	('AQ001261','豆豆鬼参与考试1261','WU000006','UA000211','A','CR000036','1'),
	('AQ001262','豆豆鬼参与考试1262','WU000006','UA000211','B','CR000036','1'),
	('AQ001263','豆豆鬼参与考试1263','WU000006','UA000211','C','CR000036','1'),
	('AQ001264','豆豆鬼参与考试1264','WU000006','UA000211','A','CR000036','1'),
	('AQ001265','豆豆鬼参与考试1265','WU000006','UA000211','B','CR000036','1'),
	('AQ001266','豆豆鬼参与考试1266','WU000006','UA000211','C','CR000036','1'),
	('AQ001267','豆豆鬼参与考试1267','WU000006','UA000212','A','CR000036','1'),
	('AQ001268','豆豆鬼参与考试1268','WU000006','UA000212','B','CR000036','1'),
	('AQ001269','豆豆鬼参与考试1269','WU000006','UA000212','C','CR000036','1'),
	('AQ001270','豆豆鬼参与考试1270','WU000006','UA000212','A','CR000036','1'),
	('AQ001271','豆豆鬼参与考试1271','WU000006','UA000212','B','CR000036','1'),
	('AQ001272','豆豆鬼参与考试1272','WU000006','UA000212','C','CR000036','1'),
	('AQ001273','豆豆鬼参与考试1273','WU000006','UA000213','A','CR000036','1'),
	('AQ001274','豆豆鬼参与考试1274','WU000006','UA000213','B','CR000036','1'),
	('AQ001275','豆豆鬼参与考试1275','WU000006','UA000213','C','CR000036','1'),
	('AQ001276','豆豆鬼参与考试1276','WU000006','UA000213','A','CR000036','1'),
	('AQ001277','豆豆鬼参与考试1277','WU000006','UA000213','B','CR000036','1'),
	('AQ001278','豆豆鬼参与考试1278','WU000006','UA000213','C','CR000036','1'),
	('AQ001279','豆豆鬼参与考试1279','WU000006','UA000214','A','CR000036','1'),
	('AQ001280','豆豆鬼参与考试1280','WU000006','UA000214','B','CR000036','1'),
	('AQ001281','豆豆鬼参与考试1281','WU000006','UA000214','C','CR000036','1'),
	('AQ001282','豆豆鬼参与考试1282','WU000006','UA000214','A','CR000036','1'),
	('AQ001283','豆豆鬼参与考试1283','WU000006','UA000214','B','CR000036','1'),
	('AQ001284','豆豆鬼参与考试1284','WU000006','UA000214','C','CR000036','1'),
	('AQ001285','豆豆鬼参与考试1285','WU000006','UA000215','A','CR000036','1'),
	('AQ001286','豆豆鬼参与考试1286','WU000006','UA000215','B','CR000036','1'),
	('AQ001287','豆豆鬼参与考试1287','WU000006','UA000215','C','CR000036','1'),
	('AQ001288','豆豆鬼参与考试1288','WU000006','UA000215','A','CR000036','1'),
	('AQ001289','豆豆鬼参与考试1289','WU000006','UA000215','B','CR000036','1'),
	('AQ001290','豆豆鬼参与考试1290','WU000006','UA000215','C','CR000036','1'),
	('AQ001291','豆豆鬼参与考试1291','WU000006','UA000216','A','CR000036','1'),
	('AQ001292','豆豆鬼参与考试1292','WU000006','UA000216','B','CR000036','1'),
	('AQ001293','豆豆鬼参与考试1293','WU000006','UA000216','C','CR000036','1'),
	('AQ001294','豆豆鬼参与考试1294','WU000006','UA000216','A','CR000036','1'),
	('AQ001295','豆豆鬼参与考试1295','WU000006','UA000216','B','CR000036','1'),
	('AQ001296','豆豆鬼参与考试1296','WU000006','UA000216','C','CR000036','1');

insert into exam_status_data values
	('STARTED','考试中','STARTED','P000001','1'),
	('COMPLETED','考试完成','COMPLETED','P000001','1');

insert into question_data values
	('Q000001','区块链是什么技术，下面最接近的回答是什么','低','网络技术','电子技术','机械技术','太空技术','建筑技术','A','P000001','1'),
	('Q000002','区块链是什么技术，下面最接近的回答是什么0002','中','网络技术0002','电子技术0002','机械技术0002','太空技术0002','建筑技术0002','B','P000001','1'),
	('Q000003','区块链是什么技术，下面最接近的回答是什么0003','高','网络技术0003','电子技术0003','机械技术0003','太空技术0003','建筑技术0003','C','P000001','1'),
	('Q000004','区块链是什么技术，下面最接近的回答是什么0004','低','网络技术0004','电子技术0004','机械技术0004','太空技术0004','建筑技术0004','D','P000001','1'),
	('Q000005','区块链是什么技术，下面最接近的回答是什么0005','中','网络技术0005','电子技术0005','机械技术0005','太空技术0005','建筑技术0005','E','P000001','1'),
	('Q000006','区块链是什么技术，下面最接近的回答是什么0006','高','网络技术0006','电子技术0006','机械技术0006','太空技术0006','建筑技术0006','A','P000001','1');

insert into exam_ranking_data values
	('ER000001','张喜来**','https://demo.doublechaintech.com/demodata/imageManager/genImage/wechat00/400/200/grey/','P000001','1'),
	('ER000002','张喜来**0002','https://demo.doublechaintech.com/demodata/imageManager/genImage/wechat00/400/200/grey/','P000001','1'),
	('ER000003','张喜来**0003','https://demo.doublechaintech.com/demodata/imageManager/genImage/wechat00/400/200/grey/','P000001','1'),
	('ER000004','张喜来**0004','https://demo.doublechaintech.com/demodata/imageManager/genImage/wechat00/400/200/grey/','P000001','1'),
	('ER000005','张喜来**0005','https://demo.doublechaintech.com/demodata/imageManager/genImage/wechat00/400/200/grey/','P000001','1'),
	('ER000006','张喜来**0006','https://demo.doublechaintech.com/demodata/imageManager/genImage/wechat00/400/200/grey/','P000001','1');

insert into answer_data values
	('A000001','网络技术','区块链是基于现有互联网的技术','Q000001','1'),
	('A000002','网络技术0002','区块链是基于现有互联网的技术0002','Q000001','1'),
	('A000003','网络技术0003','区块链是基于现有互联网的技术0003','Q000001','1'),
	('A000004','网络技术0004','区块链是基于现有互联网的技术0004','Q000001','1'),
	('A000005','网络技术0005','区块链是基于现有互联网的技术0005','Q000001','1'),
	('A000006','网络技术0006','区块链是基于现有互联网的技术0006','Q000001','1'),
	('A000007','网络技术0007','区块链是基于现有互联网的技术0007','Q000002','1'),
	('A000008','网络技术0008','区块链是基于现有互联网的技术0008','Q000002','1'),
	('A000009','网络技术0009','区块链是基于现有互联网的技术0009','Q000002','1'),
	('A000010','网络技术0010','区块链是基于现有互联网的技术0010','Q000002','1'),
	('A000011','网络技术0011','区块链是基于现有互联网的技术0011','Q000002','1'),
	('A000012','网络技术0012','区块链是基于现有互联网的技术0012','Q000002','1'),
	('A000013','网络技术0013','区块链是基于现有互联网的技术0013','Q000003','1'),
	('A000014','网络技术0014','区块链是基于现有互联网的技术0014','Q000003','1'),
	('A000015','网络技术0015','区块链是基于现有互联网的技术0015','Q000003','1'),
	('A000016','网络技术0016','区块链是基于现有互联网的技术0016','Q000003','1'),
	('A000017','网络技术0017','区块链是基于现有互联网的技术0017','Q000003','1'),
	('A000018','网络技术0018','区块链是基于现有互联网的技术0018','Q000003','1'),
	('A000019','网络技术0019','区块链是基于现有互联网的技术0019','Q000004','1'),
	('A000020','网络技术0020','区块链是基于现有互联网的技术0020','Q000004','1'),
	('A000021','网络技术0021','区块链是基于现有互联网的技术0021','Q000004','1'),
	('A000022','网络技术0022','区块链是基于现有互联网的技术0022','Q000004','1'),
	('A000023','网络技术0023','区块链是基于现有互联网的技术0023','Q000004','1'),
	('A000024','网络技术0024','区块链是基于现有互联网的技术0024','Q000004','1'),
	('A000025','网络技术0025','区块链是基于现有互联网的技术0025','Q000005','1'),
	('A000026','网络技术0026','区块链是基于现有互联网的技术0026','Q000005','1'),
	('A000027','网络技术0027','区块链是基于现有互联网的技术0027','Q000005','1'),
	('A000028','网络技术0028','区块链是基于现有互联网的技术0028','Q000005','1'),
	('A000029','网络技术0029','区块链是基于现有互联网的技术0029','Q000005','1'),
	('A000030','网络技术0030','区块链是基于现有互联网的技术0030','Q000005','1'),
	('A000031','网络技术0031','区块链是基于现有互联网的技术0031','Q000006','1'),
	('A000032','网络技术0032','区块链是基于现有互联网的技术0032','Q000006','1'),
	('A000033','网络技术0033','区块链是基于现有互联网的技术0033','Q000006','1'),
	('A000034','网络技术0034','区块链是基于现有互联网的技术0034','Q000006','1'),
	('A000035','网络技术0035','区块链是基于现有互联网的技术0035','Q000006','1'),
	('A000036','网络技术0036','区块链是基于现有互联网的技术0036','Q000006','1');

insert into wechat_user_data values
	('WU000001','张三','https://demo.doublechaintech.com/demodata/imageManager/genImage/wechat00/400/200/grey/','2019-11-07 00:01:03','公务员','P000001','1'),
	('WU000002','李四','https://demo.doublechaintech.com/demodata/imageManager/genImage/wechat00/400/200/grey/','2019-10-25 23:11:39','学生','P000001','1'),
	('WU000003','王五','https://demo.doublechaintech.com/demodata/imageManager/genImage/wechat00/400/200/grey/','2019-11-03 21:31:54','自由职业者','P000001','1'),
	('WU000004','张三','https://demo.doublechaintech.com/demodata/imageManager/genImage/wechat00/400/200/grey/','2019-10-30 16:12:46','农民','P000001','1'),
	('WU000005','李四','https://demo.doublechaintech.com/demodata/imageManager/genImage/wechat00/400/200/grey/','2019-10-23 10:16:54','公务员','P000001','1'),
	('WU000006','王五','https://demo.doublechaintech.com/demodata/imageManager/genImage/wechat00/400/200/grey/','2019-10-28 14:52:28','学生','P000001','1');

insert into wechat_login_info_data values
	('WLI000001','WU000001','user123','user123','session123','2019-10-20 13:26:53','1'),
	('WLI000002','WU000001','user1230002','user1230002','session1230002','2019-11-05 02:10:33','1'),
	('WLI000003','WU000001','user1230003','user1230003','session1230003','2019-10-17 19:43:05','1'),
	('WLI000004','WU000001','user1230004','user1230004','session1230004','2019-10-27 10:38:18','1'),
	('WLI000005','WU000001','user1230005','user1230005','session1230005','2019-11-02 09:06:28','1'),
	('WLI000006','WU000001','user1230006','user1230006','session1230006','2019-10-18 02:40:41','1'),
	('WLI000007','WU000002','user1230007','user1230007','session1230007','2019-10-18 10:46:09','1'),
	('WLI000008','WU000002','user1230008','user1230008','session1230008','2019-10-28 04:45:44','1'),
	('WLI000009','WU000002','user1230009','user1230009','session1230009','2019-10-18 09:41:35','1'),
	('WLI000010','WU000002','user1230010','user1230010','session1230010','2019-10-24 08:59:04','1'),
	('WLI000011','WU000002','user1230011','user1230011','session1230011','2019-11-05 12:44:16','1'),
	('WLI000012','WU000002','user1230012','user1230012','session1230012','2019-11-05 06:12:36','1'),
	('WLI000013','WU000003','user1230013','user1230013','session1230013','2019-10-31 09:17:30','1'),
	('WLI000014','WU000003','user1230014','user1230014','session1230014','2019-11-03 09:45:25','1'),
	('WLI000015','WU000003','user1230015','user1230015','session1230015','2019-10-21 04:01:22','1'),
	('WLI000016','WU000003','user1230016','user1230016','session1230016','2019-10-25 19:17:50','1'),
	('WLI000017','WU000003','user1230017','user1230017','session1230017','2019-11-04 15:17:26','1'),
	('WLI000018','WU000003','user1230018','user1230018','session1230018','2019-10-18 06:54:57','1'),
	('WLI000019','WU000004','user1230019','user1230019','session1230019','2019-10-31 07:22:03','1'),
	('WLI000020','WU000004','user1230020','user1230020','session1230020','2019-10-21 02:36:18','1'),
	('WLI000021','WU000004','user1230021','user1230021','session1230021','2019-10-18 20:25:51','1'),
	('WLI000022','WU000004','user1230022','user1230022','session1230022','2019-11-06 18:01:48','1'),
	('WLI000023','WU000004','user1230023','user1230023','session1230023','2019-10-21 01:32:54','1'),
	('WLI000024','WU000004','user1230024','user1230024','session1230024','2019-10-23 22:40:02','1'),
	('WLI000025','WU000005','user1230025','user1230025','session1230025','2019-10-19 22:45:13','1'),
	('WLI000026','WU000005','user1230026','user1230026','session1230026','2019-10-26 20:51:33','1'),
	('WLI000027','WU000005','user1230027','user1230027','session1230027','2019-10-28 12:14:58','1'),
	('WLI000028','WU000005','user1230028','user1230028','session1230028','2019-10-19 10:55:48','1'),
	('WLI000029','WU000005','user1230029','user1230029','session1230029','2019-10-23 00:07:24','1'),
	('WLI000030','WU000005','user1230030','user1230030','session1230030','2019-10-19 03:41:49','1'),
	('WLI000031','WU000006','user1230031','user1230031','session1230031','2019-10-18 19:30:10','1'),
	('WLI000032','WU000006','user1230032','user1230032','session1230032','2019-10-22 15:10:10','1'),
	('WLI000033','WU000006','user1230033','user1230033','session1230033','2019-10-24 01:01:33','1'),
	('WLI000034','WU000006','user1230034','user1230034','session1230034','2019-11-01 17:55:22','1'),
	('WLI000035','WU000006','user1230035','user1230035','session1230035','2019-10-20 11:25:40','1'),
	('WLI000036','WU000006','user1230036','user1230036','session1230036','2019-10-30 10:46:25','1');

insert into exam_data values
	('E000001','区块链技术考试','2019-10-30 12:51:17','STARTED','WU000001','72','1'),
	('E000002','区块链技术考试0002','2019-11-02 08:05:46','STARTED','WU000001','100','1'),
	('E000003','区块链技术考试0003','2019-10-21 09:44:55','STARTED','WU000001','73','1'),
	('E000004','区块链技术考试0004','2019-11-03 03:57:15','STARTED','WU000001','74','1'),
	('E000005','区块链技术考试0005','2019-11-04 03:24:55','STARTED','WU000001','73','1'),
	('E000006','区块链技术考试0006','2019-10-18 23:34:26','STARTED','WU000001','93','1'),
	('E000007','区块链技术考试0007','2019-10-18 02:16:27','STARTED','WU000002','72','1'),
	('E000008','区块链技术考试0008','2019-10-21 03:57:19','STARTED','WU000002','73','1'),
	('E000009','区块链技术考试0009','2019-10-22 01:04:22','STARTED','WU000002','85','1'),
	('E000010','区块链技术考试0010','2019-11-05 18:24:04','STARTED','WU000002','83','1'),
	('E000011','区块链技术考试0011','2019-10-22 23:41:06','STARTED','WU000002','90','1'),
	('E000012','区块链技术考试0012','2019-11-05 05:16:57','STARTED','WU000002','91','1'),
	('E000013','区块链技术考试0013','2019-11-03 22:51:26','STARTED','WU000003','92','1'),
	('E000014','区块链技术考试0014','2019-10-21 19:03:27','STARTED','WU000003','79','1'),
	('E000015','区块链技术考试0015','2019-11-04 16:41:20','STARTED','WU000003','92','1'),
	('E000016','区块链技术考试0016','2019-11-07 03:03:35','STARTED','WU000003','82','1'),
	('E000017','区块链技术考试0017','2019-11-07 11:43:49','STARTED','WU000003','74','1'),
	('E000018','区块链技术考试0018','2019-10-27 08:15:50','STARTED','WU000003','71','1'),
	('E000019','区块链技术考试0019','2019-10-19 17:15:10','COMPLETED','WU000004','87','1'),
	('E000020','区块链技术考试0020','2019-11-01 00:38:26','COMPLETED','WU000004','83','1'),
	('E000021','区块链技术考试0021','2019-11-08 03:12:02','COMPLETED','WU000004','78','1'),
	('E000022','区块链技术考试0022','2019-11-04 20:39:08','COMPLETED','WU000004','94','1'),
	('E000023','区块链技术考试0023','2019-10-30 23:38:30','COMPLETED','WU000004','87','1'),
	('E000024','区块链技术考试0024','2019-10-29 06:41:49','COMPLETED','WU000004','78','1'),
	('E000025','区块链技术考试0025','2019-11-04 07:45:14','COMPLETED','WU000005','78','1'),
	('E000026','区块链技术考试0026','2019-10-31 05:05:55','COMPLETED','WU000005','80','1'),
	('E000027','区块链技术考试0027','2019-10-20 09:55:47','COMPLETED','WU000005','79','1'),
	('E000028','区块链技术考试0028','2019-10-29 07:20:51','COMPLETED','WU000005','87','1'),
	('E000029','区块链技术考试0029','2019-10-29 19:51:36','COMPLETED','WU000005','93','1'),
	('E000030','区块链技术考试0030','2019-10-24 16:43:49','COMPLETED','WU000005','72','1'),
	('E000031','区块链技术考试0031','2019-11-08 02:26:47','COMPLETED','WU000006','89','1'),
	('E000032','区块链技术考试0032','2019-11-05 03:15:00','COMPLETED','WU000006','94','1'),
	('E000033','区块链技术考试0033','2019-11-05 09:19:32','COMPLETED','WU000006','99','1'),
	('E000034','区块链技术考试0034','2019-11-08 07:25:35','COMPLETED','WU000006','78','1'),
	('E000035','区块链技术考试0035','2019-10-25 07:25:33','COMPLETED','WU000006','78','1'),
	('E000036','区块链技术考试0036','2019-10-18 08:57:48','COMPLETED','WU000006','72','1');

insert into user_answer_data values
	('UA000001','区块链是什么技术，下面最接近的回答是什么','A','Q000001','E000001','1'),
	('UA000002','区块链是什么技术，下面最接近的回答是什么0002','A000','Q000001','E000001','1'),
	('UA000003','区块链是什么技术，下面最接近的回答是什么0003','A000','Q000001','E000001','1'),
	('UA000004','区块链是什么技术，下面最接近的回答是什么0004','A000','Q000001','E000001','1'),
	('UA000005','区块链是什么技术，下面最接近的回答是什么0005','A000','Q000001','E000001','1'),
	('UA000006','区块链是什么技术，下面最接近的回答是什么0006','A000','Q000001','E000001','1'),
	('UA000007','区块链是什么技术，下面最接近的回答是什么0007','A000','Q000001','E000002','1'),
	('UA000008','区块链是什么技术，下面最接近的回答是什么0008','A000','Q000001','E000002','1'),
	('UA000009','区块链是什么技术，下面最接近的回答是什么0009','A000','Q000001','E000002','1'),
	('UA000010','区块链是什么技术，下面最接近的回答是什么0010','A001','Q000001','E000002','1'),
	('UA000011','区块链是什么技术，下面最接近的回答是什么0011','A001','Q000001','E000002','1'),
	('UA000012','区块链是什么技术，下面最接近的回答是什么0012','A001','Q000001','E000002','1'),
	('UA000013','区块链是什么技术，下面最接近的回答是什么0013','A001','Q000001','E000003','1'),
	('UA000014','区块链是什么技术，下面最接近的回答是什么0014','A001','Q000001','E000003','1'),
	('UA000015','区块链是什么技术，下面最接近的回答是什么0015','A001','Q000001','E000003','1'),
	('UA000016','区块链是什么技术，下面最接近的回答是什么0016','A001','Q000001','E000003','1'),
	('UA000017','区块链是什么技术，下面最接近的回答是什么0017','A001','Q000001','E000003','1'),
	('UA000018','区块链是什么技术，下面最接近的回答是什么0018','A001','Q000001','E000003','1'),
	('UA000019','区块链是什么技术，下面最接近的回答是什么0019','A001','Q000001','E000004','1'),
	('UA000020','区块链是什么技术，下面最接近的回答是什么0020','A002','Q000001','E000004','1'),
	('UA000021','区块链是什么技术，下面最接近的回答是什么0021','A002','Q000001','E000004','1'),
	('UA000022','区块链是什么技术，下面最接近的回答是什么0022','A002','Q000001','E000004','1'),
	('UA000023','区块链是什么技术，下面最接近的回答是什么0023','A002','Q000001','E000004','1'),
	('UA000024','区块链是什么技术，下面最接近的回答是什么0024','A002','Q000001','E000004','1'),
	('UA000025','区块链是什么技术，下面最接近的回答是什么0025','A002','Q000001','E000005','1'),
	('UA000026','区块链是什么技术，下面最接近的回答是什么0026','A002','Q000001','E000005','1'),
	('UA000027','区块链是什么技术，下面最接近的回答是什么0027','A002','Q000001','E000005','1'),
	('UA000028','区块链是什么技术，下面最接近的回答是什么0028','A002','Q000001','E000005','1'),
	('UA000029','区块链是什么技术，下面最接近的回答是什么0029','A002','Q000001','E000005','1'),
	('UA000030','区块链是什么技术，下面最接近的回答是什么0030','A003','Q000001','E000005','1'),
	('UA000031','区块链是什么技术，下面最接近的回答是什么0031','A003','Q000001','E000006','1'),
	('UA000032','区块链是什么技术，下面最接近的回答是什么0032','A003','Q000001','E000006','1'),
	('UA000033','区块链是什么技术，下面最接近的回答是什么0033','A003','Q000001','E000006','1'),
	('UA000034','区块链是什么技术，下面最接近的回答是什么0034','A003','Q000001','E000006','1'),
	('UA000035','区块链是什么技术，下面最接近的回答是什么0035','A003','Q000001','E000006','1'),
	('UA000036','区块链是什么技术，下面最接近的回答是什么0036','A003','Q000001','E000006','1'),
	('UA000037','区块链是什么技术，下面最接近的回答是什么0037','A003','Q000002','E000007','1'),
	('UA000038','区块链是什么技术，下面最接近的回答是什么0038','A003','Q000002','E000007','1'),
	('UA000039','区块链是什么技术，下面最接近的回答是什么0039','A003','Q000002','E000007','1'),
	('UA000040','区块链是什么技术，下面最接近的回答是什么0040','A004','Q000002','E000007','1'),
	('UA000041','区块链是什么技术，下面最接近的回答是什么0041','A004','Q000002','E000007','1'),
	('UA000042','区块链是什么技术，下面最接近的回答是什么0042','A004','Q000002','E000007','1'),
	('UA000043','区块链是什么技术，下面最接近的回答是什么0043','A004','Q000002','E000008','1'),
	('UA000044','区块链是什么技术，下面最接近的回答是什么0044','A004','Q000002','E000008','1'),
	('UA000045','区块链是什么技术，下面最接近的回答是什么0045','A004','Q000002','E000008','1'),
	('UA000046','区块链是什么技术，下面最接近的回答是什么0046','A004','Q000002','E000008','1'),
	('UA000047','区块链是什么技术，下面最接近的回答是什么0047','A004','Q000002','E000008','1'),
	('UA000048','区块链是什么技术，下面最接近的回答是什么0048','A004','Q000002','E000008','1'),
	('UA000049','区块链是什么技术，下面最接近的回答是什么0049','A004','Q000002','E000009','1'),
	('UA000050','区块链是什么技术，下面最接近的回答是什么0050','A005','Q000002','E000009','1'),
	('UA000051','区块链是什么技术，下面最接近的回答是什么0051','A005','Q000002','E000009','1'),
	('UA000052','区块链是什么技术，下面最接近的回答是什么0052','A005','Q000002','E000009','1'),
	('UA000053','区块链是什么技术，下面最接近的回答是什么0053','A005','Q000002','E000009','1'),
	('UA000054','区块链是什么技术，下面最接近的回答是什么0054','A005','Q000002','E000009','1'),
	('UA000055','区块链是什么技术，下面最接近的回答是什么0055','A005','Q000002','E000010','1'),
	('UA000056','区块链是什么技术，下面最接近的回答是什么0056','A005','Q000002','E000010','1'),
	('UA000057','区块链是什么技术，下面最接近的回答是什么0057','A005','Q000002','E000010','1'),
	('UA000058','区块链是什么技术，下面最接近的回答是什么0058','A005','Q000002','E000010','1'),
	('UA000059','区块链是什么技术，下面最接近的回答是什么0059','A005','Q000002','E000010','1'),
	('UA000060','区块链是什么技术，下面最接近的回答是什么0060','A006','Q000002','E000010','1'),
	('UA000061','区块链是什么技术，下面最接近的回答是什么0061','A006','Q000002','E000011','1'),
	('UA000062','区块链是什么技术，下面最接近的回答是什么0062','A006','Q000002','E000011','1'),
	('UA000063','区块链是什么技术，下面最接近的回答是什么0063','A006','Q000002','E000011','1'),
	('UA000064','区块链是什么技术，下面最接近的回答是什么0064','A006','Q000002','E000011','1'),
	('UA000065','区块链是什么技术，下面最接近的回答是什么0065','A006','Q000002','E000011','1'),
	('UA000066','区块链是什么技术，下面最接近的回答是什么0066','A006','Q000002','E000011','1'),
	('UA000067','区块链是什么技术，下面最接近的回答是什么0067','A006','Q000002','E000012','1'),
	('UA000068','区块链是什么技术，下面最接近的回答是什么0068','A006','Q000002','E000012','1'),
	('UA000069','区块链是什么技术，下面最接近的回答是什么0069','A006','Q000002','E000012','1'),
	('UA000070','区块链是什么技术，下面最接近的回答是什么0070','A007','Q000002','E000012','1'),
	('UA000071','区块链是什么技术，下面最接近的回答是什么0071','A007','Q000002','E000012','1'),
	('UA000072','区块链是什么技术，下面最接近的回答是什么0072','A007','Q000002','E000012','1'),
	('UA000073','区块链是什么技术，下面最接近的回答是什么0073','A007','Q000003','E000013','1'),
	('UA000074','区块链是什么技术，下面最接近的回答是什么0074','A007','Q000003','E000013','1'),
	('UA000075','区块链是什么技术，下面最接近的回答是什么0075','A007','Q000003','E000013','1'),
	('UA000076','区块链是什么技术，下面最接近的回答是什么0076','A007','Q000003','E000013','1'),
	('UA000077','区块链是什么技术，下面最接近的回答是什么0077','A007','Q000003','E000013','1'),
	('UA000078','区块链是什么技术，下面最接近的回答是什么0078','A007','Q000003','E000013','1'),
	('UA000079','区块链是什么技术，下面最接近的回答是什么0079','A007','Q000003','E000014','1'),
	('UA000080','区块链是什么技术，下面最接近的回答是什么0080','A008','Q000003','E000014','1'),
	('UA000081','区块链是什么技术，下面最接近的回答是什么0081','A008','Q000003','E000014','1'),
	('UA000082','区块链是什么技术，下面最接近的回答是什么0082','A008','Q000003','E000014','1'),
	('UA000083','区块链是什么技术，下面最接近的回答是什么0083','A008','Q000003','E000014','1'),
	('UA000084','区块链是什么技术，下面最接近的回答是什么0084','A008','Q000003','E000014','1'),
	('UA000085','区块链是什么技术，下面最接近的回答是什么0085','A008','Q000003','E000015','1'),
	('UA000086','区块链是什么技术，下面最接近的回答是什么0086','A008','Q000003','E000015','1'),
	('UA000087','区块链是什么技术，下面最接近的回答是什么0087','A008','Q000003','E000015','1'),
	('UA000088','区块链是什么技术，下面最接近的回答是什么0088','A008','Q000003','E000015','1'),
	('UA000089','区块链是什么技术，下面最接近的回答是什么0089','A008','Q000003','E000015','1'),
	('UA000090','区块链是什么技术，下面最接近的回答是什么0090','A009','Q000003','E000015','1'),
	('UA000091','区块链是什么技术，下面最接近的回答是什么0091','A009','Q000003','E000016','1'),
	('UA000092','区块链是什么技术，下面最接近的回答是什么0092','A009','Q000003','E000016','1'),
	('UA000093','区块链是什么技术，下面最接近的回答是什么0093','A009','Q000003','E000016','1'),
	('UA000094','区块链是什么技术，下面最接近的回答是什么0094','A009','Q000003','E000016','1'),
	('UA000095','区块链是什么技术，下面最接近的回答是什么0095','A009','Q000003','E000016','1'),
	('UA000096','区块链是什么技术，下面最接近的回答是什么0096','A009','Q000003','E000016','1'),
	('UA000097','区块链是什么技术，下面最接近的回答是什么0097','A009','Q000003','E000017','1'),
	('UA000098','区块链是什么技术，下面最接近的回答是什么0098','A009','Q000003','E000017','1'),
	('UA000099','区块链是什么技术，下面最接近的回答是什么0099','A009','Q000003','E000017','1'),
	('UA000100','区块链是什么技术，下面最接近的回答是什么0100','A010','Q000003','E000017','1'),
	('UA000101','区块链是什么技术，下面最接近的回答是什么0101','A010','Q000003','E000017','1'),
	('UA000102','区块链是什么技术，下面最接近的回答是什么0102','A010','Q000003','E000017','1'),
	('UA000103','区块链是什么技术，下面最接近的回答是什么0103','A010','Q000003','E000018','1'),
	('UA000104','区块链是什么技术，下面最接近的回答是什么0104','A010','Q000003','E000018','1'),
	('UA000105','区块链是什么技术，下面最接近的回答是什么0105','A010','Q000003','E000018','1'),
	('UA000106','区块链是什么技术，下面最接近的回答是什么0106','A010','Q000003','E000018','1'),
	('UA000107','区块链是什么技术，下面最接近的回答是什么0107','A010','Q000003','E000018','1'),
	('UA000108','区块链是什么技术，下面最接近的回答是什么0108','A010','Q000003','E000018','1'),
	('UA000109','区块链是什么技术，下面最接近的回答是什么0109','A010','Q000004','E000019','1'),
	('UA000110','区块链是什么技术，下面最接近的回答是什么0110','A011','Q000004','E000019','1'),
	('UA000111','区块链是什么技术，下面最接近的回答是什么0111','A011','Q000004','E000019','1'),
	('UA000112','区块链是什么技术，下面最接近的回答是什么0112','A011','Q000004','E000019','1'),
	('UA000113','区块链是什么技术，下面最接近的回答是什么0113','A011','Q000004','E000019','1'),
	('UA000114','区块链是什么技术，下面最接近的回答是什么0114','A011','Q000004','E000019','1'),
	('UA000115','区块链是什么技术，下面最接近的回答是什么0115','A011','Q000004','E000020','1'),
	('UA000116','区块链是什么技术，下面最接近的回答是什么0116','A011','Q000004','E000020','1'),
	('UA000117','区块链是什么技术，下面最接近的回答是什么0117','A011','Q000004','E000020','1'),
	('UA000118','区块链是什么技术，下面最接近的回答是什么0118','A011','Q000004','E000020','1'),
	('UA000119','区块链是什么技术，下面最接近的回答是什么0119','A011','Q000004','E000020','1'),
	('UA000120','区块链是什么技术，下面最接近的回答是什么0120','A012','Q000004','E000020','1'),
	('UA000121','区块链是什么技术，下面最接近的回答是什么0121','A012','Q000004','E000021','1'),
	('UA000122','区块链是什么技术，下面最接近的回答是什么0122','A012','Q000004','E000021','1'),
	('UA000123','区块链是什么技术，下面最接近的回答是什么0123','A012','Q000004','E000021','1'),
	('UA000124','区块链是什么技术，下面最接近的回答是什么0124','A012','Q000004','E000021','1'),
	('UA000125','区块链是什么技术，下面最接近的回答是什么0125','A012','Q000004','E000021','1'),
	('UA000126','区块链是什么技术，下面最接近的回答是什么0126','A012','Q000004','E000021','1'),
	('UA000127','区块链是什么技术，下面最接近的回答是什么0127','A012','Q000004','E000022','1'),
	('UA000128','区块链是什么技术，下面最接近的回答是什么0128','A012','Q000004','E000022','1'),
	('UA000129','区块链是什么技术，下面最接近的回答是什么0129','A012','Q000004','E000022','1'),
	('UA000130','区块链是什么技术，下面最接近的回答是什么0130','A013','Q000004','E000022','1'),
	('UA000131','区块链是什么技术，下面最接近的回答是什么0131','A013','Q000004','E000022','1'),
	('UA000132','区块链是什么技术，下面最接近的回答是什么0132','A013','Q000004','E000022','1'),
	('UA000133','区块链是什么技术，下面最接近的回答是什么0133','A013','Q000004','E000023','1'),
	('UA000134','区块链是什么技术，下面最接近的回答是什么0134','A013','Q000004','E000023','1'),
	('UA000135','区块链是什么技术，下面最接近的回答是什么0135','A013','Q000004','E000023','1'),
	('UA000136','区块链是什么技术，下面最接近的回答是什么0136','A013','Q000004','E000023','1'),
	('UA000137','区块链是什么技术，下面最接近的回答是什么0137','A013','Q000004','E000023','1'),
	('UA000138','区块链是什么技术，下面最接近的回答是什么0138','A013','Q000004','E000023','1'),
	('UA000139','区块链是什么技术，下面最接近的回答是什么0139','A013','Q000004','E000024','1'),
	('UA000140','区块链是什么技术，下面最接近的回答是什么0140','A014','Q000004','E000024','1'),
	('UA000141','区块链是什么技术，下面最接近的回答是什么0141','A014','Q000004','E000024','1'),
	('UA000142','区块链是什么技术，下面最接近的回答是什么0142','A014','Q000004','E000024','1'),
	('UA000143','区块链是什么技术，下面最接近的回答是什么0143','A014','Q000004','E000024','1'),
	('UA000144','区块链是什么技术，下面最接近的回答是什么0144','A014','Q000004','E000024','1'),
	('UA000145','区块链是什么技术，下面最接近的回答是什么0145','A014','Q000005','E000025','1'),
	('UA000146','区块链是什么技术，下面最接近的回答是什么0146','A014','Q000005','E000025','1'),
	('UA000147','区块链是什么技术，下面最接近的回答是什么0147','A014','Q000005','E000025','1'),
	('UA000148','区块链是什么技术，下面最接近的回答是什么0148','A014','Q000005','E000025','1'),
	('UA000149','区块链是什么技术，下面最接近的回答是什么0149','A014','Q000005','E000025','1'),
	('UA000150','区块链是什么技术，下面最接近的回答是什么0150','A015','Q000005','E000025','1'),
	('UA000151','区块链是什么技术，下面最接近的回答是什么0151','A015','Q000005','E000026','1'),
	('UA000152','区块链是什么技术，下面最接近的回答是什么0152','A015','Q000005','E000026','1'),
	('UA000153','区块链是什么技术，下面最接近的回答是什么0153','A015','Q000005','E000026','1'),
	('UA000154','区块链是什么技术，下面最接近的回答是什么0154','A015','Q000005','E000026','1'),
	('UA000155','区块链是什么技术，下面最接近的回答是什么0155','A015','Q000005','E000026','1'),
	('UA000156','区块链是什么技术，下面最接近的回答是什么0156','A015','Q000005','E000026','1'),
	('UA000157','区块链是什么技术，下面最接近的回答是什么0157','A015','Q000005','E000027','1'),
	('UA000158','区块链是什么技术，下面最接近的回答是什么0158','A015','Q000005','E000027','1'),
	('UA000159','区块链是什么技术，下面最接近的回答是什么0159','A015','Q000005','E000027','1'),
	('UA000160','区块链是什么技术，下面最接近的回答是什么0160','A016','Q000005','E000027','1'),
	('UA000161','区块链是什么技术，下面最接近的回答是什么0161','A016','Q000005','E000027','1'),
	('UA000162','区块链是什么技术，下面最接近的回答是什么0162','A016','Q000005','E000027','1'),
	('UA000163','区块链是什么技术，下面最接近的回答是什么0163','A016','Q000005','E000028','1'),
	('UA000164','区块链是什么技术，下面最接近的回答是什么0164','A016','Q000005','E000028','1'),
	('UA000165','区块链是什么技术，下面最接近的回答是什么0165','A016','Q000005','E000028','1'),
	('UA000166','区块链是什么技术，下面最接近的回答是什么0166','A016','Q000005','E000028','1'),
	('UA000167','区块链是什么技术，下面最接近的回答是什么0167','A016','Q000005','E000028','1'),
	('UA000168','区块链是什么技术，下面最接近的回答是什么0168','A016','Q000005','E000028','1'),
	('UA000169','区块链是什么技术，下面最接近的回答是什么0169','A016','Q000005','E000029','1'),
	('UA000170','区块链是什么技术，下面最接近的回答是什么0170','A017','Q000005','E000029','1'),
	('UA000171','区块链是什么技术，下面最接近的回答是什么0171','A017','Q000005','E000029','1'),
	('UA000172','区块链是什么技术，下面最接近的回答是什么0172','A017','Q000005','E000029','1'),
	('UA000173','区块链是什么技术，下面最接近的回答是什么0173','A017','Q000005','E000029','1'),
	('UA000174','区块链是什么技术，下面最接近的回答是什么0174','A017','Q000005','E000029','1'),
	('UA000175','区块链是什么技术，下面最接近的回答是什么0175','A017','Q000005','E000030','1'),
	('UA000176','区块链是什么技术，下面最接近的回答是什么0176','A017','Q000005','E000030','1'),
	('UA000177','区块链是什么技术，下面最接近的回答是什么0177','A017','Q000005','E000030','1'),
	('UA000178','区块链是什么技术，下面最接近的回答是什么0178','A017','Q000005','E000030','1'),
	('UA000179','区块链是什么技术，下面最接近的回答是什么0179','A017','Q000005','E000030','1'),
	('UA000180','区块链是什么技术，下面最接近的回答是什么0180','A018','Q000005','E000030','1'),
	('UA000181','区块链是什么技术，下面最接近的回答是什么0181','A018','Q000006','E000031','1'),
	('UA000182','区块链是什么技术，下面最接近的回答是什么0182','A018','Q000006','E000031','1'),
	('UA000183','区块链是什么技术，下面最接近的回答是什么0183','A018','Q000006','E000031','1'),
	('UA000184','区块链是什么技术，下面最接近的回答是什么0184','A018','Q000006','E000031','1'),
	('UA000185','区块链是什么技术，下面最接近的回答是什么0185','A018','Q000006','E000031','1'),
	('UA000186','区块链是什么技术，下面最接近的回答是什么0186','A018','Q000006','E000031','1'),
	('UA000187','区块链是什么技术，下面最接近的回答是什么0187','A018','Q000006','E000032','1'),
	('UA000188','区块链是什么技术，下面最接近的回答是什么0188','A018','Q000006','E000032','1'),
	('UA000189','区块链是什么技术，下面最接近的回答是什么0189','A018','Q000006','E000032','1'),
	('UA000190','区块链是什么技术，下面最接近的回答是什么0190','A019','Q000006','E000032','1'),
	('UA000191','区块链是什么技术，下面最接近的回答是什么0191','A019','Q000006','E000032','1'),
	('UA000192','区块链是什么技术，下面最接近的回答是什么0192','A019','Q000006','E000032','1'),
	('UA000193','区块链是什么技术，下面最接近的回答是什么0193','A019','Q000006','E000033','1'),
	('UA000194','区块链是什么技术，下面最接近的回答是什么0194','A019','Q000006','E000033','1'),
	('UA000195','区块链是什么技术，下面最接近的回答是什么0195','A019','Q000006','E000033','1'),
	('UA000196','区块链是什么技术，下面最接近的回答是什么0196','A019','Q000006','E000033','1'),
	('UA000197','区块链是什么技术，下面最接近的回答是什么0197','A019','Q000006','E000033','1'),
	('UA000198','区块链是什么技术，下面最接近的回答是什么0198','A019','Q000006','E000033','1'),
	('UA000199','区块链是什么技术，下面最接近的回答是什么0199','A019','Q000006','E000034','1'),
	('UA000200','区块链是什么技术，下面最接近的回答是什么0200','A020','Q000006','E000034','1'),
	('UA000201','区块链是什么技术，下面最接近的回答是什么0201','A020','Q000006','E000034','1'),
	('UA000202','区块链是什么技术，下面最接近的回答是什么0202','A020','Q000006','E000034','1'),
	('UA000203','区块链是什么技术，下面最接近的回答是什么0203','A020','Q000006','E000034','1'),
	('UA000204','区块链是什么技术，下面最接近的回答是什么0204','A020','Q000006','E000034','1'),
	('UA000205','区块链是什么技术，下面最接近的回答是什么0205','A020','Q000006','E000035','1'),
	('UA000206','区块链是什么技术，下面最接近的回答是什么0206','A020','Q000006','E000035','1'),
	('UA000207','区块链是什么技术，下面最接近的回答是什么0207','A020','Q000006','E000035','1'),
	('UA000208','区块链是什么技术，下面最接近的回答是什么0208','A020','Q000006','E000035','1'),
	('UA000209','区块链是什么技术，下面最接近的回答是什么0209','A020','Q000006','E000035','1'),
	('UA000210','区块链是什么技术，下面最接近的回答是什么0210','A021','Q000006','E000035','1'),
	('UA000211','区块链是什么技术，下面最接近的回答是什么0211','A021','Q000006','E000036','1'),
	('UA000212','区块链是什么技术，下面最接近的回答是什么0212','A021','Q000006','E000036','1'),
	('UA000213','区块链是什么技术，下面最接近的回答是什么0213','A021','Q000006','E000036','1'),
	('UA000214','区块链是什么技术，下面最接近的回答是什么0214','A021','Q000006','E000036','1'),
	('UA000215','区块链是什么技术，下面最接近的回答是什么0215','A021','Q000006','E000036','1'),
	('UA000216','区块链是什么技术，下面最接近的回答是什么0216','A021','Q000006','E000036','1');

insert into fault_answer_data values
	('FA000001','区块链是什么技术，下面最接近的回答是什么','网络技术','电子技术','2019-10-18 02:09:22','WU000001','E000001','1'),
	('FA000002','区块链是什么技术，下面最接近的回答是什么0002','网络技术0002','电子技术0002','2019-10-31 08:28:47','WU000001','E000001','1'),
	('FA000003','区块链是什么技术，下面最接近的回答是什么0003','网络技术0003','电子技术0003','2019-10-18 11:49:32','WU000001','E000001','1'),
	('FA000004','区块链是什么技术，下面最接近的回答是什么0004','网络技术0004','电子技术0004','2019-10-18 21:48:40','WU000001','E000001','1'),
	('FA000005','区块链是什么技术，下面最接近的回答是什么0005','网络技术0005','电子技术0005','2019-10-22 07:07:25','WU000001','E000001','1'),
	('FA000006','区块链是什么技术，下面最接近的回答是什么0006','网络技术0006','电子技术0006','2019-11-04 03:15:19','WU000001','E000001','1'),
	('FA000007','区块链是什么技术，下面最接近的回答是什么0007','网络技术0007','电子技术0007','2019-11-02 09:42:15','WU000001','E000002','1'),
	('FA000008','区块链是什么技术，下面最接近的回答是什么0008','网络技术0008','电子技术0008','2019-10-30 08:54:32','WU000001','E000002','1'),
	('FA000009','区块链是什么技术，下面最接近的回答是什么0009','网络技术0009','电子技术0009','2019-10-28 21:29:39','WU000001','E000002','1'),
	('FA000010','区块链是什么技术，下面最接近的回答是什么0010','网络技术0010','电子技术0010','2019-11-04 05:52:49','WU000001','E000002','1'),
	('FA000011','区块链是什么技术，下面最接近的回答是什么0011','网络技术0011','电子技术0011','2019-10-25 06:03:28','WU000001','E000002','1'),
	('FA000012','区块链是什么技术，下面最接近的回答是什么0012','网络技术0012','电子技术0012','2019-11-06 12:40:35','WU000001','E000002','1'),
	('FA000013','区块链是什么技术，下面最接近的回答是什么0013','网络技术0013','电子技术0013','2019-11-08 01:04:03','WU000001','E000003','1'),
	('FA000014','区块链是什么技术，下面最接近的回答是什么0014','网络技术0014','电子技术0014','2019-10-22 03:24:15','WU000001','E000003','1'),
	('FA000015','区块链是什么技术，下面最接近的回答是什么0015','网络技术0015','电子技术0015','2019-10-19 09:12:27','WU000001','E000003','1'),
	('FA000016','区块链是什么技术，下面最接近的回答是什么0016','网络技术0016','电子技术0016','2019-11-05 19:38:39','WU000001','E000003','1'),
	('FA000017','区块链是什么技术，下面最接近的回答是什么0017','网络技术0017','电子技术0017','2019-10-24 23:23:54','WU000001','E000003','1'),
	('FA000018','区块链是什么技术，下面最接近的回答是什么0018','网络技术0018','电子技术0018','2019-10-18 18:41:40','WU000001','E000003','1'),
	('FA000019','区块链是什么技术，下面最接近的回答是什么0019','网络技术0019','电子技术0019','2019-10-29 21:24:47','WU000001','E000004','1'),
	('FA000020','区块链是什么技术，下面最接近的回答是什么0020','网络技术0020','电子技术0020','2019-10-24 03:40:56','WU000001','E000004','1'),
	('FA000021','区块链是什么技术，下面最接近的回答是什么0021','网络技术0021','电子技术0021','2019-10-19 15:42:24','WU000001','E000004','1'),
	('FA000022','区块链是什么技术，下面最接近的回答是什么0022','网络技术0022','电子技术0022','2019-11-05 01:22:15','WU000001','E000004','1'),
	('FA000023','区块链是什么技术，下面最接近的回答是什么0023','网络技术0023','电子技术0023','2019-11-03 06:36:33','WU000001','E000004','1'),
	('FA000024','区块链是什么技术，下面最接近的回答是什么0024','网络技术0024','电子技术0024','2019-11-03 07:08:37','WU000001','E000004','1'),
	('FA000025','区块链是什么技术，下面最接近的回答是什么0025','网络技术0025','电子技术0025','2019-10-22 09:37:45','WU000001','E000005','1'),
	('FA000026','区块链是什么技术，下面最接近的回答是什么0026','网络技术0026','电子技术0026','2019-11-03 06:18:45','WU000001','E000005','1'),
	('FA000027','区块链是什么技术，下面最接近的回答是什么0027','网络技术0027','电子技术0027','2019-11-04 12:10:04','WU000001','E000005','1'),
	('FA000028','区块链是什么技术，下面最接近的回答是什么0028','网络技术0028','电子技术0028','2019-10-23 05:31:29','WU000001','E000005','1'),
	('FA000029','区块链是什么技术，下面最接近的回答是什么0029','网络技术0029','电子技术0029','2019-10-20 09:55:30','WU000001','E000005','1'),
	('FA000030','区块链是什么技术，下面最接近的回答是什么0030','网络技术0030','电子技术0030','2019-10-28 20:37:39','WU000001','E000005','1'),
	('FA000031','区块链是什么技术，下面最接近的回答是什么0031','网络技术0031','电子技术0031','2019-10-18 10:52:02','WU000001','E000006','1'),
	('FA000032','区块链是什么技术，下面最接近的回答是什么0032','网络技术0032','电子技术0032','2019-10-24 13:32:39','WU000001','E000006','1'),
	('FA000033','区块链是什么技术，下面最接近的回答是什么0033','网络技术0033','电子技术0033','2019-11-03 23:48:29','WU000001','E000006','1'),
	('FA000034','区块链是什么技术，下面最接近的回答是什么0034','网络技术0034','电子技术0034','2019-10-18 04:17:22','WU000001','E000006','1'),
	('FA000035','区块链是什么技术，下面最接近的回答是什么0035','网络技术0035','电子技术0035','2019-10-25 15:22:39','WU000001','E000006','1'),
	('FA000036','区块链是什么技术，下面最接近的回答是什么0036','网络技术0036','电子技术0036','2019-10-26 09:32:33','WU000001','E000006','1'),
	('FA000037','区块链是什么技术，下面最接近的回答是什么0037','网络技术0037','电子技术0037','2019-10-20 01:41:15','WU000002','E000007','1'),
	('FA000038','区块链是什么技术，下面最接近的回答是什么0038','网络技术0038','电子技术0038','2019-10-31 17:54:28','WU000002','E000007','1'),
	('FA000039','区块链是什么技术，下面最接近的回答是什么0039','网络技术0039','电子技术0039','2019-10-24 08:38:03','WU000002','E000007','1'),
	('FA000040','区块链是什么技术，下面最接近的回答是什么0040','网络技术0040','电子技术0040','2019-10-21 02:24:35','WU000002','E000007','1'),
	('FA000041','区块链是什么技术，下面最接近的回答是什么0041','网络技术0041','电子技术0041','2019-10-19 22:18:50','WU000002','E000007','1'),
	('FA000042','区块链是什么技术，下面最接近的回答是什么0042','网络技术0042','电子技术0042','2019-10-23 12:52:25','WU000002','E000007','1'),
	('FA000043','区块链是什么技术，下面最接近的回答是什么0043','网络技术0043','电子技术0043','2019-11-03 07:03:34','WU000002','E000008','1'),
	('FA000044','区块链是什么技术，下面最接近的回答是什么0044','网络技术0044','电子技术0044','2019-10-20 05:42:07','WU000002','E000008','1'),
	('FA000045','区块链是什么技术，下面最接近的回答是什么0045','网络技术0045','电子技术0045','2019-10-20 18:04:42','WU000002','E000008','1'),
	('FA000046','区块链是什么技术，下面最接近的回答是什么0046','网络技术0046','电子技术0046','2019-11-08 03:13:55','WU000002','E000008','1'),
	('FA000047','区块链是什么技术，下面最接近的回答是什么0047','网络技术0047','电子技术0047','2019-10-22 14:29:56','WU000002','E000008','1'),
	('FA000048','区块链是什么技术，下面最接近的回答是什么0048','网络技术0048','电子技术0048','2019-10-18 13:09:42','WU000002','E000008','1'),
	('FA000049','区块链是什么技术，下面最接近的回答是什么0049','网络技术0049','电子技术0049','2019-10-20 11:29:00','WU000002','E000009','1'),
	('FA000050','区块链是什么技术，下面最接近的回答是什么0050','网络技术0050','电子技术0050','2019-10-25 10:39:03','WU000002','E000009','1'),
	('FA000051','区块链是什么技术，下面最接近的回答是什么0051','网络技术0051','电子技术0051','2019-10-30 17:46:24','WU000002','E000009','1'),
	('FA000052','区块链是什么技术，下面最接近的回答是什么0052','网络技术0052','电子技术0052','2019-11-05 18:57:34','WU000002','E000009','1'),
	('FA000053','区块链是什么技术，下面最接近的回答是什么0053','网络技术0053','电子技术0053','2019-10-29 08:00:16','WU000002','E000009','1'),
	('FA000054','区块链是什么技术，下面最接近的回答是什么0054','网络技术0054','电子技术0054','2019-10-31 01:01:21','WU000002','E000009','1'),
	('FA000055','区块链是什么技术，下面最接近的回答是什么0055','网络技术0055','电子技术0055','2019-10-19 22:18:47','WU000002','E000010','1'),
	('FA000056','区块链是什么技术，下面最接近的回答是什么0056','网络技术0056','电子技术0056','2019-11-04 06:34:52','WU000002','E000010','1'),
	('FA000057','区块链是什么技术，下面最接近的回答是什么0057','网络技术0057','电子技术0057','2019-10-21 16:28:51','WU000002','E000010','1'),
	('FA000058','区块链是什么技术，下面最接近的回答是什么0058','网络技术0058','电子技术0058','2019-10-20 23:06:08','WU000002','E000010','1'),
	('FA000059','区块链是什么技术，下面最接近的回答是什么0059','网络技术0059','电子技术0059','2019-10-17 21:13:12','WU000002','E000010','1'),
	('FA000060','区块链是什么技术，下面最接近的回答是什么0060','网络技术0060','电子技术0060','2019-10-25 21:38:08','WU000002','E000010','1'),
	('FA000061','区块链是什么技术，下面最接近的回答是什么0061','网络技术0061','电子技术0061','2019-10-18 05:01:26','WU000002','E000011','1'),
	('FA000062','区块链是什么技术，下面最接近的回答是什么0062','网络技术0062','电子技术0062','2019-11-05 09:47:58','WU000002','E000011','1'),
	('FA000063','区块链是什么技术，下面最接近的回答是什么0063','网络技术0063','电子技术0063','2019-10-25 11:42:59','WU000002','E000011','1'),
	('FA000064','区块链是什么技术，下面最接近的回答是什么0064','网络技术0064','电子技术0064','2019-10-18 00:18:59','WU000002','E000011','1'),
	('FA000065','区块链是什么技术，下面最接近的回答是什么0065','网络技术0065','电子技术0065','2019-10-25 22:36:11','WU000002','E000011','1'),
	('FA000066','区块链是什么技术，下面最接近的回答是什么0066','网络技术0066','电子技术0066','2019-11-01 21:39:43','WU000002','E000011','1'),
	('FA000067','区块链是什么技术，下面最接近的回答是什么0067','网络技术0067','电子技术0067','2019-10-25 16:04:28','WU000002','E000012','1'),
	('FA000068','区块链是什么技术，下面最接近的回答是什么0068','网络技术0068','电子技术0068','2019-10-30 22:50:43','WU000002','E000012','1'),
	('FA000069','区块链是什么技术，下面最接近的回答是什么0069','网络技术0069','电子技术0069','2019-11-04 15:58:05','WU000002','E000012','1'),
	('FA000070','区块链是什么技术，下面最接近的回答是什么0070','网络技术0070','电子技术0070','2019-11-04 21:20:55','WU000002','E000012','1'),
	('FA000071','区块链是什么技术，下面最接近的回答是什么0071','网络技术0071','电子技术0071','2019-10-20 12:10:46','WU000002','E000012','1'),
	('FA000072','区块链是什么技术，下面最接近的回答是什么0072','网络技术0072','电子技术0072','2019-11-07 03:08:43','WU000002','E000012','1'),
	('FA000073','区块链是什么技术，下面最接近的回答是什么0073','网络技术0073','电子技术0073','2019-10-28 12:23:09','WU000003','E000013','1'),
	('FA000074','区块链是什么技术，下面最接近的回答是什么0074','网络技术0074','电子技术0074','2019-10-26 21:03:59','WU000003','E000013','1'),
	('FA000075','区块链是什么技术，下面最接近的回答是什么0075','网络技术0075','电子技术0075','2019-11-05 22:15:55','WU000003','E000013','1'),
	('FA000076','区块链是什么技术，下面最接近的回答是什么0076','网络技术0076','电子技术0076','2019-11-07 01:49:26','WU000003','E000013','1'),
	('FA000077','区块链是什么技术，下面最接近的回答是什么0077','网络技术0077','电子技术0077','2019-10-28 05:37:22','WU000003','E000013','1'),
	('FA000078','区块链是什么技术，下面最接近的回答是什么0078','网络技术0078','电子技术0078','2019-11-02 18:02:59','WU000003','E000013','1'),
	('FA000079','区块链是什么技术，下面最接近的回答是什么0079','网络技术0079','电子技术0079','2019-10-26 05:28:26','WU000003','E000014','1'),
	('FA000080','区块链是什么技术，下面最接近的回答是什么0080','网络技术0080','电子技术0080','2019-10-31 21:43:31','WU000003','E000014','1'),
	('FA000081','区块链是什么技术，下面最接近的回答是什么0081','网络技术0081','电子技术0081','2019-11-07 14:52:24','WU000003','E000014','1'),
	('FA000082','区块链是什么技术，下面最接近的回答是什么0082','网络技术0082','电子技术0082','2019-10-19 05:23:11','WU000003','E000014','1'),
	('FA000083','区块链是什么技术，下面最接近的回答是什么0083','网络技术0083','电子技术0083','2019-10-19 21:55:03','WU000003','E000014','1'),
	('FA000084','区块链是什么技术，下面最接近的回答是什么0084','网络技术0084','电子技术0084','2019-11-04 04:11:18','WU000003','E000014','1'),
	('FA000085','区块链是什么技术，下面最接近的回答是什么0085','网络技术0085','电子技术0085','2019-11-06 23:07:52','WU000003','E000015','1'),
	('FA000086','区块链是什么技术，下面最接近的回答是什么0086','网络技术0086','电子技术0086','2019-10-20 17:39:32','WU000003','E000015','1'),
	('FA000087','区块链是什么技术，下面最接近的回答是什么0087','网络技术0087','电子技术0087','2019-10-20 01:17:38','WU000003','E000015','1'),
	('FA000088','区块链是什么技术，下面最接近的回答是什么0088','网络技术0088','电子技术0088','2019-10-29 00:10:34','WU000003','E000015','1'),
	('FA000089','区块链是什么技术，下面最接近的回答是什么0089','网络技术0089','电子技术0089','2019-11-03 03:37:29','WU000003','E000015','1'),
	('FA000090','区块链是什么技术，下面最接近的回答是什么0090','网络技术0090','电子技术0090','2019-10-23 18:07:53','WU000003','E000015','1'),
	('FA000091','区块链是什么技术，下面最接近的回答是什么0091','网络技术0091','电子技术0091','2019-10-28 06:34:40','WU000003','E000016','1'),
	('FA000092','区块链是什么技术，下面最接近的回答是什么0092','网络技术0092','电子技术0092','2019-11-03 01:58:33','WU000003','E000016','1'),
	('FA000093','区块链是什么技术，下面最接近的回答是什么0093','网络技术0093','电子技术0093','2019-10-19 11:11:22','WU000003','E000016','1'),
	('FA000094','区块链是什么技术，下面最接近的回答是什么0094','网络技术0094','电子技术0094','2019-11-06 01:26:04','WU000003','E000016','1'),
	('FA000095','区块链是什么技术，下面最接近的回答是什么0095','网络技术0095','电子技术0095','2019-10-24 17:44:10','WU000003','E000016','1'),
	('FA000096','区块链是什么技术，下面最接近的回答是什么0096','网络技术0096','电子技术0096','2019-10-23 01:02:06','WU000003','E000016','1'),
	('FA000097','区块链是什么技术，下面最接近的回答是什么0097','网络技术0097','电子技术0097','2019-10-28 12:12:46','WU000003','E000017','1'),
	('FA000098','区块链是什么技术，下面最接近的回答是什么0098','网络技术0098','电子技术0098','2019-11-07 07:13:03','WU000003','E000017','1'),
	('FA000099','区块链是什么技术，下面最接近的回答是什么0099','网络技术0099','电子技术0099','2019-10-28 01:19:54','WU000003','E000017','1'),
	('FA000100','区块链是什么技术，下面最接近的回答是什么0100','网络技术0100','电子技术0100','2019-11-02 17:42:00','WU000003','E000017','1'),
	('FA000101','区块链是什么技术，下面最接近的回答是什么0101','网络技术0101','电子技术0101','2019-11-07 04:53:44','WU000003','E000017','1'),
	('FA000102','区块链是什么技术，下面最接近的回答是什么0102','网络技术0102','电子技术0102','2019-10-24 14:29:39','WU000003','E000017','1'),
	('FA000103','区块链是什么技术，下面最接近的回答是什么0103','网络技术0103','电子技术0103','2019-10-22 00:09:36','WU000003','E000018','1'),
	('FA000104','区块链是什么技术，下面最接近的回答是什么0104','网络技术0104','电子技术0104','2019-10-23 04:19:25','WU000003','E000018','1'),
	('FA000105','区块链是什么技术，下面最接近的回答是什么0105','网络技术0105','电子技术0105','2019-11-08 02:35:22','WU000003','E000018','1'),
	('FA000106','区块链是什么技术，下面最接近的回答是什么0106','网络技术0106','电子技术0106','2019-11-05 13:23:25','WU000003','E000018','1'),
	('FA000107','区块链是什么技术，下面最接近的回答是什么0107','网络技术0107','电子技术0107','2019-11-05 15:01:59','WU000003','E000018','1'),
	('FA000108','区块链是什么技术，下面最接近的回答是什么0108','网络技术0108','电子技术0108','2019-11-08 01:39:57','WU000003','E000018','1'),
	('FA000109','区块链是什么技术，下面最接近的回答是什么0109','网络技术0109','电子技术0109','2019-10-18 05:43:12','WU000004','E000019','1'),
	('FA000110','区块链是什么技术，下面最接近的回答是什么0110','网络技术0110','电子技术0110','2019-11-07 18:41:59','WU000004','E000019','1'),
	('FA000111','区块链是什么技术，下面最接近的回答是什么0111','网络技术0111','电子技术0111','2019-10-26 08:56:28','WU000004','E000019','1'),
	('FA000112','区块链是什么技术，下面最接近的回答是什么0112','网络技术0112','电子技术0112','2019-10-21 01:40:07','WU000004','E000019','1'),
	('FA000113','区块链是什么技术，下面最接近的回答是什么0113','网络技术0113','电子技术0113','2019-11-06 09:52:44','WU000004','E000019','1'),
	('FA000114','区块链是什么技术，下面最接近的回答是什么0114','网络技术0114','电子技术0114','2019-10-23 20:29:28','WU000004','E000019','1'),
	('FA000115','区块链是什么技术，下面最接近的回答是什么0115','网络技术0115','电子技术0115','2019-10-25 02:03:39','WU000004','E000020','1'),
	('FA000116','区块链是什么技术，下面最接近的回答是什么0116','网络技术0116','电子技术0116','2019-11-05 19:10:48','WU000004','E000020','1'),
	('FA000117','区块链是什么技术，下面最接近的回答是什么0117','网络技术0117','电子技术0117','2019-10-30 20:15:47','WU000004','E000020','1'),
	('FA000118','区块链是什么技术，下面最接近的回答是什么0118','网络技术0118','电子技术0118','2019-11-07 06:33:17','WU000004','E000020','1'),
	('FA000119','区块链是什么技术，下面最接近的回答是什么0119','网络技术0119','电子技术0119','2019-10-25 07:37:57','WU000004','E000020','1'),
	('FA000120','区块链是什么技术，下面最接近的回答是什么0120','网络技术0120','电子技术0120','2019-10-28 20:13:02','WU000004','E000020','1'),
	('FA000121','区块链是什么技术，下面最接近的回答是什么0121','网络技术0121','电子技术0121','2019-10-31 11:21:53','WU000004','E000021','1'),
	('FA000122','区块链是什么技术，下面最接近的回答是什么0122','网络技术0122','电子技术0122','2019-10-23 18:57:40','WU000004','E000021','1'),
	('FA000123','区块链是什么技术，下面最接近的回答是什么0123','网络技术0123','电子技术0123','2019-10-26 16:25:00','WU000004','E000021','1'),
	('FA000124','区块链是什么技术，下面最接近的回答是什么0124','网络技术0124','电子技术0124','2019-10-31 22:06:20','WU000004','E000021','1'),
	('FA000125','区块链是什么技术，下面最接近的回答是什么0125','网络技术0125','电子技术0125','2019-10-18 11:15:47','WU000004','E000021','1'),
	('FA000126','区块链是什么技术，下面最接近的回答是什么0126','网络技术0126','电子技术0126','2019-10-31 05:36:34','WU000004','E000021','1'),
	('FA000127','区块链是什么技术，下面最接近的回答是什么0127','网络技术0127','电子技术0127','2019-10-23 00:51:12','WU000004','E000022','1'),
	('FA000128','区块链是什么技术，下面最接近的回答是什么0128','网络技术0128','电子技术0128','2019-10-20 22:29:12','WU000004','E000022','1'),
	('FA000129','区块链是什么技术，下面最接近的回答是什么0129','网络技术0129','电子技术0129','2019-10-21 08:26:14','WU000004','E000022','1'),
	('FA000130','区块链是什么技术，下面最接近的回答是什么0130','网络技术0130','电子技术0130','2019-10-21 12:34:03','WU000004','E000022','1'),
	('FA000131','区块链是什么技术，下面最接近的回答是什么0131','网络技术0131','电子技术0131','2019-10-23 06:22:44','WU000004','E000022','1'),
	('FA000132','区块链是什么技术，下面最接近的回答是什么0132','网络技术0132','电子技术0132','2019-11-04 02:35:33','WU000004','E000022','1'),
	('FA000133','区块链是什么技术，下面最接近的回答是什么0133','网络技术0133','电子技术0133','2019-10-22 02:07:28','WU000004','E000023','1'),
	('FA000134','区块链是什么技术，下面最接近的回答是什么0134','网络技术0134','电子技术0134','2019-10-26 00:39:38','WU000004','E000023','1'),
	('FA000135','区块链是什么技术，下面最接近的回答是什么0135','网络技术0135','电子技术0135','2019-11-05 05:48:54','WU000004','E000023','1'),
	('FA000136','区块链是什么技术，下面最接近的回答是什么0136','网络技术0136','电子技术0136','2019-11-03 02:05:15','WU000004','E000023','1'),
	('FA000137','区块链是什么技术，下面最接近的回答是什么0137','网络技术0137','电子技术0137','2019-11-02 03:15:58','WU000004','E000023','1'),
	('FA000138','区块链是什么技术，下面最接近的回答是什么0138','网络技术0138','电子技术0138','2019-10-26 07:21:01','WU000004','E000023','1'),
	('FA000139','区块链是什么技术，下面最接近的回答是什么0139','网络技术0139','电子技术0139','2019-10-19 10:08:01','WU000004','E000024','1'),
	('FA000140','区块链是什么技术，下面最接近的回答是什么0140','网络技术0140','电子技术0140','2019-10-28 03:49:49','WU000004','E000024','1'),
	('FA000141','区块链是什么技术，下面最接近的回答是什么0141','网络技术0141','电子技术0141','2019-11-05 09:13:41','WU000004','E000024','1'),
	('FA000142','区块链是什么技术，下面最接近的回答是什么0142','网络技术0142','电子技术0142','2019-10-28 14:02:21','WU000004','E000024','1'),
	('FA000143','区块链是什么技术，下面最接近的回答是什么0143','网络技术0143','电子技术0143','2019-10-27 10:24:24','WU000004','E000024','1'),
	('FA000144','区块链是什么技术，下面最接近的回答是什么0144','网络技术0144','电子技术0144','2019-10-28 06:39:59','WU000004','E000024','1'),
	('FA000145','区块链是什么技术，下面最接近的回答是什么0145','网络技术0145','电子技术0145','2019-10-26 16:57:59','WU000005','E000025','1'),
	('FA000146','区块链是什么技术，下面最接近的回答是什么0146','网络技术0146','电子技术0146','2019-10-27 04:22:30','WU000005','E000025','1'),
	('FA000147','区块链是什么技术，下面最接近的回答是什么0147','网络技术0147','电子技术0147','2019-10-18 16:59:27','WU000005','E000025','1'),
	('FA000148','区块链是什么技术，下面最接近的回答是什么0148','网络技术0148','电子技术0148','2019-10-27 16:27:45','WU000005','E000025','1'),
	('FA000149','区块链是什么技术，下面最接近的回答是什么0149','网络技术0149','电子技术0149','2019-10-24 06:05:26','WU000005','E000025','1'),
	('FA000150','区块链是什么技术，下面最接近的回答是什么0150','网络技术0150','电子技术0150','2019-10-27 05:16:33','WU000005','E000025','1'),
	('FA000151','区块链是什么技术，下面最接近的回答是什么0151','网络技术0151','电子技术0151','2019-10-29 05:20:58','WU000005','E000026','1'),
	('FA000152','区块链是什么技术，下面最接近的回答是什么0152','网络技术0152','电子技术0152','2019-11-05 18:00:04','WU000005','E000026','1'),
	('FA000153','区块链是什么技术，下面最接近的回答是什么0153','网络技术0153','电子技术0153','2019-10-25 07:25:03','WU000005','E000026','1'),
	('FA000154','区块链是什么技术，下面最接近的回答是什么0154','网络技术0154','电子技术0154','2019-11-06 07:40:52','WU000005','E000026','1'),
	('FA000155','区块链是什么技术，下面最接近的回答是什么0155','网络技术0155','电子技术0155','2019-11-06 20:36:26','WU000005','E000026','1'),
	('FA000156','区块链是什么技术，下面最接近的回答是什么0156','网络技术0156','电子技术0156','2019-10-22 07:06:05','WU000005','E000026','1'),
	('FA000157','区块链是什么技术，下面最接近的回答是什么0157','网络技术0157','电子技术0157','2019-11-05 07:38:18','WU000005','E000027','1'),
	('FA000158','区块链是什么技术，下面最接近的回答是什么0158','网络技术0158','电子技术0158','2019-10-20 18:49:58','WU000005','E000027','1'),
	('FA000159','区块链是什么技术，下面最接近的回答是什么0159','网络技术0159','电子技术0159','2019-10-18 02:08:22','WU000005','E000027','1'),
	('FA000160','区块链是什么技术，下面最接近的回答是什么0160','网络技术0160','电子技术0160','2019-10-21 16:59:45','WU000005','E000027','1'),
	('FA000161','区块链是什么技术，下面最接近的回答是什么0161','网络技术0161','电子技术0161','2019-11-01 02:42:33','WU000005','E000027','1'),
	('FA000162','区块链是什么技术，下面最接近的回答是什么0162','网络技术0162','电子技术0162','2019-11-02 17:25:23','WU000005','E000027','1'),
	('FA000163','区块链是什么技术，下面最接近的回答是什么0163','网络技术0163','电子技术0163','2019-11-06 14:49:43','WU000005','E000028','1'),
	('FA000164','区块链是什么技术，下面最接近的回答是什么0164','网络技术0164','电子技术0164','2019-10-23 22:23:09','WU000005','E000028','1'),
	('FA000165','区块链是什么技术，下面最接近的回答是什么0165','网络技术0165','电子技术0165','2019-11-05 04:39:47','WU000005','E000028','1'),
	('FA000166','区块链是什么技术，下面最接近的回答是什么0166','网络技术0166','电子技术0166','2019-10-20 02:23:53','WU000005','E000028','1'),
	('FA000167','区块链是什么技术，下面最接近的回答是什么0167','网络技术0167','电子技术0167','2019-10-21 03:05:39','WU000005','E000028','1'),
	('FA000168','区块链是什么技术，下面最接近的回答是什么0168','网络技术0168','电子技术0168','2019-10-18 13:30:45','WU000005','E000028','1'),
	('FA000169','区块链是什么技术，下面最接近的回答是什么0169','网络技术0169','电子技术0169','2019-10-27 02:22:16','WU000005','E000029','1'),
	('FA000170','区块链是什么技术，下面最接近的回答是什么0170','网络技术0170','电子技术0170','2019-10-20 15:59:12','WU000005','E000029','1'),
	('FA000171','区块链是什么技术，下面最接近的回答是什么0171','网络技术0171','电子技术0171','2019-10-26 13:22:05','WU000005','E000029','1'),
	('FA000172','区块链是什么技术，下面最接近的回答是什么0172','网络技术0172','电子技术0172','2019-10-19 13:49:24','WU000005','E000029','1'),
	('FA000173','区块链是什么技术，下面最接近的回答是什么0173','网络技术0173','电子技术0173','2019-10-23 05:55:16','WU000005','E000029','1'),
	('FA000174','区块链是什么技术，下面最接近的回答是什么0174','网络技术0174','电子技术0174','2019-10-23 18:25:30','WU000005','E000029','1'),
	('FA000175','区块链是什么技术，下面最接近的回答是什么0175','网络技术0175','电子技术0175','2019-10-25 02:01:02','WU000005','E000030','1'),
	('FA000176','区块链是什么技术，下面最接近的回答是什么0176','网络技术0176','电子技术0176','2019-10-18 05:10:54','WU000005','E000030','1'),
	('FA000177','区块链是什么技术，下面最接近的回答是什么0177','网络技术0177','电子技术0177','2019-11-05 11:33:39','WU000005','E000030','1'),
	('FA000178','区块链是什么技术，下面最接近的回答是什么0178','网络技术0178','电子技术0178','2019-11-03 11:52:41','WU000005','E000030','1'),
	('FA000179','区块链是什么技术，下面最接近的回答是什么0179','网络技术0179','电子技术0179','2019-10-30 08:20:07','WU000005','E000030','1'),
	('FA000180','区块链是什么技术，下面最接近的回答是什么0180','网络技术0180','电子技术0180','2019-10-31 02:27:13','WU000005','E000030','1'),
	('FA000181','区块链是什么技术，下面最接近的回答是什么0181','网络技术0181','电子技术0181','2019-10-20 17:32:48','WU000006','E000031','1'),
	('FA000182','区块链是什么技术，下面最接近的回答是什么0182','网络技术0182','电子技术0182','2019-10-18 18:12:55','WU000006','E000031','1'),
	('FA000183','区块链是什么技术，下面最接近的回答是什么0183','网络技术0183','电子技术0183','2019-10-28 21:23:44','WU000006','E000031','1'),
	('FA000184','区块链是什么技术，下面最接近的回答是什么0184','网络技术0184','电子技术0184','2019-10-27 20:43:51','WU000006','E000031','1'),
	('FA000185','区块链是什么技术，下面最接近的回答是什么0185','网络技术0185','电子技术0185','2019-10-31 11:09:59','WU000006','E000031','1'),
	('FA000186','区块链是什么技术，下面最接近的回答是什么0186','网络技术0186','电子技术0186','2019-10-22 13:34:16','WU000006','E000031','1'),
	('FA000187','区块链是什么技术，下面最接近的回答是什么0187','网络技术0187','电子技术0187','2019-10-18 14:50:03','WU000006','E000032','1'),
	('FA000188','区块链是什么技术，下面最接近的回答是什么0188','网络技术0188','电子技术0188','2019-11-05 16:10:42','WU000006','E000032','1'),
	('FA000189','区块链是什么技术，下面最接近的回答是什么0189','网络技术0189','电子技术0189','2019-10-28 07:14:26','WU000006','E000032','1'),
	('FA000190','区块链是什么技术，下面最接近的回答是什么0190','网络技术0190','电子技术0190','2019-10-17 20:01:50','WU000006','E000032','1'),
	('FA000191','区块链是什么技术，下面最接近的回答是什么0191','网络技术0191','电子技术0191','2019-11-07 23:27:01','WU000006','E000032','1'),
	('FA000192','区块链是什么技术，下面最接近的回答是什么0192','网络技术0192','电子技术0192','2019-11-02 13:58:30','WU000006','E000032','1'),
	('FA000193','区块链是什么技术，下面最接近的回答是什么0193','网络技术0193','电子技术0193','2019-10-31 18:59:54','WU000006','E000033','1'),
	('FA000194','区块链是什么技术，下面最接近的回答是什么0194','网络技术0194','电子技术0194','2019-11-07 01:42:23','WU000006','E000033','1'),
	('FA000195','区块链是什么技术，下面最接近的回答是什么0195','网络技术0195','电子技术0195','2019-10-18 09:50:27','WU000006','E000033','1'),
	('FA000196','区块链是什么技术，下面最接近的回答是什么0196','网络技术0196','电子技术0196','2019-11-07 02:23:41','WU000006','E000033','1'),
	('FA000197','区块链是什么技术，下面最接近的回答是什么0197','网络技术0197','电子技术0197','2019-10-21 10:30:06','WU000006','E000033','1'),
	('FA000198','区块链是什么技术，下面最接近的回答是什么0198','网络技术0198','电子技术0198','2019-10-19 22:31:35','WU000006','E000033','1'),
	('FA000199','区块链是什么技术，下面最接近的回答是什么0199','网络技术0199','电子技术0199','2019-10-30 23:44:53','WU000006','E000034','1'),
	('FA000200','区块链是什么技术，下面最接近的回答是什么0200','网络技术0200','电子技术0200','2019-10-31 10:00:13','WU000006','E000034','1'),
	('FA000201','区块链是什么技术，下面最接近的回答是什么0201','网络技术0201','电子技术0201','2019-10-28 12:37:45','WU000006','E000034','1'),
	('FA000202','区块链是什么技术，下面最接近的回答是什么0202','网络技术0202','电子技术0202','2019-11-06 10:38:00','WU000006','E000034','1'),
	('FA000203','区块链是什么技术，下面最接近的回答是什么0203','网络技术0203','电子技术0203','2019-11-04 12:10:58','WU000006','E000034','1'),
	('FA000204','区块链是什么技术，下面最接近的回答是什么0204','网络技术0204','电子技术0204','2019-11-07 11:34:31','WU000006','E000034','1'),
	('FA000205','区块链是什么技术，下面最接近的回答是什么0205','网络技术0205','电子技术0205','2019-10-20 02:46:10','WU000006','E000035','1'),
	('FA000206','区块链是什么技术，下面最接近的回答是什么0206','网络技术0206','电子技术0206','2019-10-26 01:47:54','WU000006','E000035','1'),
	('FA000207','区块链是什么技术，下面最接近的回答是什么0207','网络技术0207','电子技术0207','2019-11-07 13:05:55','WU000006','E000035','1'),
	('FA000208','区块链是什么技术，下面最接近的回答是什么0208','网络技术0208','电子技术0208','2019-11-05 09:18:44','WU000006','E000035','1'),
	('FA000209','区块链是什么技术，下面最接近的回答是什么0209','网络技术0209','电子技术0209','2019-10-24 21:27:05','WU000006','E000035','1'),
	('FA000210','区块链是什么技术，下面最接近的回答是什么0210','网络技术0210','电子技术0210','2019-10-17 19:16:55','WU000006','E000035','1'),
	('FA000211','区块链是什么技术，下面最接近的回答是什么0211','网络技术0211','电子技术0211','2019-10-23 14:37:42','WU000006','E000036','1'),
	('FA000212','区块链是什么技术，下面最接近的回答是什么0212','网络技术0212','电子技术0212','2019-10-28 10:49:57','WU000006','E000036','1'),
	('FA000213','区块链是什么技术，下面最接近的回答是什么0213','网络技术0213','电子技术0213','2019-11-04 12:44:11','WU000006','E000036','1'),
	('FA000214','区块链是什么技术，下面最接近的回答是什么0214','网络技术0214','电子技术0214','2019-10-29 15:43:44','WU000006','E000036','1'),
	('FA000215','区块链是什么技术，下面最接近的回答是什么0215','网络技术0215','电子技术0215','2019-10-31 08:02:43','WU000006','E000036','1'),
	('FA000216','区块链是什么技术，下面最接近的回答是什么0216','网络技术0216','电子技术0216','2019-10-28 02:12:48','WU000006','E000036','1');

insert into user_domain_data values
	('UD000001','用户区域','1');

insert into user_white_list_data values
	('UWL000001','clariones','tester;ios-spokesperson','UD000001','1'),
	('UWL000002','13808188512','tester;ios-spokesperson0002','UD000001','1'),
	('UWL000003','clariones','tester;ios-spokesperson0003','UD000001','1'),
	('UWL000004','13808188512','tester;ios-spokesperson0004','UD000001','1'),
	('UWL000005','clariones','tester;ios-spokesperson0005','UD000001','1'),
	('UWL000006','13808188512','tester;ios-spokesperson0006','UD000001','1');

insert into sec_user_data values
	('SU000001','login','13900000001','suddy_chang@163.com','C183EC89F92A462CF45B95504792EC4625E847C90536EEFE512D1C9DB8602E95','wx123456789abcdefghijklmn','wxapp12098410239840','jwt_token_12345678','0','2019-11-08 13:18:54','2019-11-01 22:45:35','UD000001',NULL,'BLOCKED','1'),
	('SU000002','login0002','13900000002','2@qq.com','AC2F95628244C6975EB2C36942EA879ED93D93F5895EF3157733E4629FA86B92','wx123456789abcdefghijklmn0002','wxapp120984102398400002','jwt_token_123456780002','9999999','2019-11-06 06:30:38','2019-10-19 01:06:48','UD000001',NULL,'BLOCKED0002','1'),
	('SU000003','login0003','13900000003','3@qq.com','1A39AE05E011CF4B6ADE19307698831F4303CEB3FF5A9E21EEC0B21FB19B1050','wx123456789abcdefghijklmn0003','wxapp120984102398400003','jwt_token_123456780003','0','2019-11-06 15:30:15','2019-11-06 04:19:51','UD000001',NULL,'BLOCKED0003','1'),
	('SU000004','login0004','13900000004','4@qq.com','331D0B81C261072AB3E01D2D09A3D1F9B03F1E5F095D6BF7284F32BF85135D59','wx123456789abcdefghijklmn0004','wxapp120984102398400004','jwt_token_123456780004','9999999','2019-11-07 19:16:08','2019-11-06 22:52:13','UD000001',NULL,'BLOCKED0004','1'),
	('SU000005','login0005','13900000005','5@qq.com','CBDC109937F570CA1D5F223EC59F5368AF9380F9DBF7E553124132BB402ED457','wx123456789abcdefghijklmn0005','wxapp120984102398400005','jwt_token_123456780005','0','2019-10-31 16:30:51','2019-10-26 00:15:37','UD000001',NULL,'BLOCKED0005','1'),
	('SU000006','login0006','13900000006','6@qq.com','69A610F10CE3333E0767CAEEB075A88B6B63E286F8BEBB9271C3EA6DF0CB2F7B','wx123456789abcdefghijklmn0006','wxapp120984102398400006','jwt_token_123456780006','9999999','2019-10-31 03:05:26','2019-11-02 09:27:25','UD000001',NULL,'BLOCKED0006','1');

insert into sec_user_blocking_data values
	('SUB000001','currentUser()','2019-10-26 02:50:31','这个用户多次发送违反社区的帖子，现在把他给屏蔽了','1');

insert into user_app_data values
	('UA000001','审车平台','SU000001','users','1','MXWR','CarInspectionPlatform','CIP000001','/link/to/app','1'),
	('UA000002','账户管理','SU000001','bank','1','MXWR','UserDomain','UD000001','/link/to/app0002','1'),
	('UA000003','接车公司','SU000001','wechat','1','MXWR','CarReceivingServiceCompany','CRSC000001','/link/to/app0003','1'),
	('UA000004','审车公司','SU000001','bar-chart','1','MXWR','CarInspectionServiceCompany','CISC000001','/link/to/app0004','1'),
	('UA000005','维修公司','SU000001','user','1','MXWR','CarRepairingServiceCompany','CRSC000001','/link/to/app0005','1'),
	('UA000006','顾客','SU000001','users','1','MXWR','CustomerInfo','CI000001','/link/to/app0006','1'),
	('UA000007','审车平台','SU000002','users','1','MXWR','CarInspectionPlatform','CIP000001','/link/to/app0007','1'),
	('UA000008','账户管理','SU000002','bank','1','MXWR','UserDomain','UD000001','/link/to/app0008','1'),
	('UA000009','接车公司','SU000002','wechat','1','MXWR','CarReceivingServiceCompany','CRSC000001','/link/to/app0009','1'),
	('UA000010','审车公司','SU000002','bar-chart','1','MXWR','CarInspectionServiceCompany','CISC000001','/link/to/app0010','1'),
	('UA000011','维修公司','SU000002','user','1','MXWR','CarRepairingServiceCompany','CRSC000001','/link/to/app0011','1'),
	('UA000012','顾客','SU000002','users','1','MXWR','CustomerInfo','CI000001','/link/to/app0012','1'),
	('UA000013','审车平台','SU000003','users','1','MXWR','CarInspectionPlatform','CIP000001','/link/to/app0013','1'),
	('UA000014','账户管理','SU000003','bank','1','MXWR','UserDomain','UD000001','/link/to/app0014','1'),
	('UA000015','接车公司','SU000003','wechat','1','MXWR','CarReceivingServiceCompany','CRSC000001','/link/to/app0015','1'),
	('UA000016','审车公司','SU000003','bar-chart','1','MXWR','CarInspectionServiceCompany','CISC000001','/link/to/app0016','1'),
	('UA000017','维修公司','SU000003','user','1','MXWR','CarRepairingServiceCompany','CRSC000001','/link/to/app0017','1'),
	('UA000018','顾客','SU000003','users','1','MXWR','CustomerInfo','CI000001','/link/to/app0018','1'),
	('UA000019','审车平台','SU000004','users','1','MXWR','CarInspectionPlatform','CIP000001','/link/to/app0019','1'),
	('UA000020','账户管理','SU000004','bank','1','MXWR','UserDomain','UD000001','/link/to/app0020','1'),
	('UA000021','接车公司','SU000004','wechat','1','MXWR','CarReceivingServiceCompany','CRSC000001','/link/to/app0021','1'),
	('UA000022','审车公司','SU000004','bar-chart','1','MXWR','CarInspectionServiceCompany','CISC000001','/link/to/app0022','1'),
	('UA000023','维修公司','SU000004','user','1','MXWR','CarRepairingServiceCompany','CRSC000001','/link/to/app0023','1'),
	('UA000024','顾客','SU000004','users','1','MXWR','CustomerInfo','CI000001','/link/to/app0024','1'),
	('UA000025','审车平台','SU000005','users','1','MXWR','CarInspectionPlatform','CIP000001','/link/to/app0025','1'),
	('UA000026','账户管理','SU000005','bank','1','MXWR','UserDomain','UD000001','/link/to/app0026','1'),
	('UA000027','接车公司','SU000005','wechat','1','MXWR','CarReceivingServiceCompany','CRSC000001','/link/to/app0027','1'),
	('UA000028','审车公司','SU000005','bar-chart','1','MXWR','CarInspectionServiceCompany','CISC000001','/link/to/app0028','1'),
	('UA000029','维修公司','SU000005','user','1','MXWR','CarRepairingServiceCompany','CRSC000001','/link/to/app0029','1'),
	('UA000030','顾客','SU000005','users','1','MXWR','CustomerInfo','CI000001','/link/to/app0030','1'),
	('UA000031','审车平台','SU000006','users','1','MXWR','CarInspectionPlatform','CIP000001','/link/to/app0031','1'),
	('UA000032','账户管理','SU000006','bank','1','MXWR','UserDomain','UD000001','/link/to/app0032','1'),
	('UA000033','接车公司','SU000006','wechat','1','MXWR','CarReceivingServiceCompany','CRSC000001','/link/to/app0033','1'),
	('UA000034','审车公司','SU000006','bar-chart','1','MXWR','CarInspectionServiceCompany','CISC000001','/link/to/app0034','1'),
	('UA000035','维修公司','SU000006','user','1','MXWR','CarRepairingServiceCompany','CRSC000001','/link/to/app0035','1'),
	('UA000036','顾客','SU000006','users','1','MXWR','CustomerInfo','CI000001','/link/to/app0036','1');

insert into quick_link_data values
	('QL000001','列表','facebook','https://demo.doublechaintech.com/demodata/imageManager/genImage/y00/200/200/red/','列表','2019-10-27 06:58:15','UA000001','1'),
	('QL000002','列表0002','google','https://demo.doublechaintech.com/demodata/imageManager/genImage/y00/200/200/red/','列表0002','2019-11-08 09:49:17','UA000001','1'),
	('QL000003','列表0003','facebook','https://demo.doublechaintech.com/demodata/imageManager/genImage/y00/200/200/red/','列表0003','2019-10-19 06:05:37','UA000001','1'),
	('QL000004','列表0004','google','https://demo.doublechaintech.com/demodata/imageManager/genImage/y00/200/200/red/','列表0004','2019-10-19 07:41:14','UA000001','1'),
	('QL000005','列表0005','facebook','https://demo.doublechaintech.com/demodata/imageManager/genImage/y00/200/200/red/','列表0005','2019-11-04 15:04:44','UA000001','1'),
	('QL000006','列表0006','google','https://demo.doublechaintech.com/demodata/imageManager/genImage/y00/200/200/red/','列表0006','2019-10-21 16:29:12','UA000001','1'),
	('QL000007','列表0007','facebook','https://demo.doublechaintech.com/demodata/imageManager/genImage/y00/200/200/red/','列表0007','2019-10-18 14:21:51','UA000002','1'),
	('QL000008','列表0008','google','https://demo.doublechaintech.com/demodata/imageManager/genImage/y00/200/200/red/','列表0008','2019-10-29 20:01:04','UA000002','1'),
	('QL000009','列表0009','facebook','https://demo.doublechaintech.com/demodata/imageManager/genImage/y00/200/200/red/','列表0009','2019-10-24 11:58:12','UA000002','1'),
	('QL000010','列表0010','google','https://demo.doublechaintech.com/demodata/imageManager/genImage/y00/200/200/red/','列表0010','2019-11-07 20:06:02','UA000002','1'),
	('QL000011','列表0011','facebook','https://demo.doublechaintech.com/demodata/imageManager/genImage/y00/200/200/red/','列表0011','2019-10-22 13:26:23','UA000002','1'),
	('QL000012','列表0012','google','https://demo.doublechaintech.com/demodata/imageManager/genImage/y00/200/200/red/','列表0012','2019-11-01 17:11:42','UA000002','1'),
	('QL000013','列表0013','facebook','https://demo.doublechaintech.com/demodata/imageManager/genImage/y00/200/200/red/','列表0013','2019-10-23 21:55:06','UA000003','1'),
	('QL000014','列表0014','google','https://demo.doublechaintech.com/demodata/imageManager/genImage/y00/200/200/red/','列表0014','2019-10-19 10:22:37','UA000003','1'),
	('QL000015','列表0015','facebook','https://demo.doublechaintech.com/demodata/imageManager/genImage/y00/200/200/red/','列表0015','2019-11-07 22:30:47','UA000003','1'),
	('QL000016','列表0016','google','https://demo.doublechaintech.com/demodata/imageManager/genImage/y00/200/200/red/','列表0016','2019-10-19 01:15:56','UA000003','1'),
	('QL000017','列表0017','facebook','https://demo.doublechaintech.com/demodata/imageManager/genImage/y00/200/200/red/','列表0017','2019-10-31 09:28:10','UA000003','1'),
	('QL000018','列表0018','google','https://demo.doublechaintech.com/demodata/imageManager/genImage/y00/200/200/red/','列表0018','2019-10-21 09:29:07','UA000003','1'),
	('QL000019','列表0019','facebook','https://demo.doublechaintech.com/demodata/imageManager/genImage/y00/200/200/red/','列表0019','2019-10-22 00:09:25','UA000004','1'),
	('QL000020','列表0020','google','https://demo.doublechaintech.com/demodata/imageManager/genImage/y00/200/200/red/','列表0020','2019-10-31 22:08:32','UA000004','1'),
	('QL000021','列表0021','facebook','https://demo.doublechaintech.com/demodata/imageManager/genImage/y00/200/200/red/','列表0021','2019-10-25 09:41:07','UA000004','1'),
	('QL000022','列表0022','google','https://demo.doublechaintech.com/demodata/imageManager/genImage/y00/200/200/red/','列表0022','2019-10-20 12:05:41','UA000004','1'),
	('QL000023','列表0023','facebook','https://demo.doublechaintech.com/demodata/imageManager/genImage/y00/200/200/red/','列表0023','2019-10-21 22:27:59','UA000004','1'),
	('QL000024','列表0024','google','https://demo.doublechaintech.com/demodata/imageManager/genImage/y00/200/200/red/','列表0024','2019-10-26 05:45:15','UA000004','1'),
	('QL000025','列表0025','facebook','https://demo.doublechaintech.com/demodata/imageManager/genImage/y00/200/200/red/','列表0025','2019-10-28 11:26:56','UA000005','1'),
	('QL000026','列表0026','google','https://demo.doublechaintech.com/demodata/imageManager/genImage/y00/200/200/red/','列表0026','2019-11-02 17:32:44','UA000005','1'),
	('QL000027','列表0027','facebook','https://demo.doublechaintech.com/demodata/imageManager/genImage/y00/200/200/red/','列表0027','2019-11-04 12:18:39','UA000005','1'),
	('QL000028','列表0028','google','https://demo.doublechaintech.com/demodata/imageManager/genImage/y00/200/200/red/','列表0028','2019-11-01 12:36:39','UA000005','1'),
	('QL000029','列表0029','facebook','https://demo.doublechaintech.com/demodata/imageManager/genImage/y00/200/200/red/','列表0029','2019-10-29 12:57:30','UA000005','1'),
	('QL000030','列表0030','google','https://demo.doublechaintech.com/demodata/imageManager/genImage/y00/200/200/red/','列表0030','2019-10-24 03:07:57','UA000005','1'),
	('QL000031','列表0031','facebook','https://demo.doublechaintech.com/demodata/imageManager/genImage/y00/200/200/red/','列表0031','2019-10-20 15:36:20','UA000006','1'),
	('QL000032','列表0032','google','https://demo.doublechaintech.com/demodata/imageManager/genImage/y00/200/200/red/','列表0032','2019-11-01 12:55:33','UA000006','1'),
	('QL000033','列表0033','facebook','https://demo.doublechaintech.com/demodata/imageManager/genImage/y00/200/200/red/','列表0033','2019-11-06 06:11:43','UA000006','1'),
	('QL000034','列表0034','google','https://demo.doublechaintech.com/demodata/imageManager/genImage/y00/200/200/red/','列表0034','2019-10-30 08:44:33','UA000006','1'),
	('QL000035','列表0035','facebook','https://demo.doublechaintech.com/demodata/imageManager/genImage/y00/200/200/red/','列表0035','2019-10-26 18:02:27','UA000006','1'),
	('QL000036','列表0036','google','https://demo.doublechaintech.com/demodata/imageManager/genImage/y00/200/200/red/','列表0036','2019-11-01 04:04:08','UA000006','1'),
	('QL000037','列表0037','facebook','https://demo.doublechaintech.com/demodata/imageManager/genImage/y00/200/200/red/','列表0037','2019-10-22 02:19:34','UA000007','1'),
	('QL000038','列表0038','google','https://demo.doublechaintech.com/demodata/imageManager/genImage/y00/200/200/red/','列表0038','2019-10-25 14:52:02','UA000007','1'),
	('QL000039','列表0039','facebook','https://demo.doublechaintech.com/demodata/imageManager/genImage/y00/200/200/red/','列表0039','2019-11-02 19:08:19','UA000007','1'),
	('QL000040','列表0040','google','https://demo.doublechaintech.com/demodata/imageManager/genImage/y00/200/200/red/','列表0040','2019-11-05 09:51:53','UA000007','1'),
	('QL000041','列表0041','facebook','https://demo.doublechaintech.com/demodata/imageManager/genImage/y00/200/200/red/','列表0041','2019-10-28 17:54:24','UA000007','1'),
	('QL000042','列表0042','google','https://demo.doublechaintech.com/demodata/imageManager/genImage/y00/200/200/red/','列表0042','2019-11-04 19:08:07','UA000007','1'),
	('QL000043','列表0043','facebook','https://demo.doublechaintech.com/demodata/imageManager/genImage/y00/200/200/red/','列表0043','2019-10-23 21:04:38','UA000008','1'),
	('QL000044','列表0044','google','https://demo.doublechaintech.com/demodata/imageManager/genImage/y00/200/200/red/','列表0044','2019-11-05 15:31:09','UA000008','1'),
	('QL000045','列表0045','facebook','https://demo.doublechaintech.com/demodata/imageManager/genImage/y00/200/200/red/','列表0045','2019-10-25 03:58:48','UA000008','1'),
	('QL000046','列表0046','google','https://demo.doublechaintech.com/demodata/imageManager/genImage/y00/200/200/red/','列表0046','2019-10-27 18:07:35','UA000008','1'),
	('QL000047','列表0047','facebook','https://demo.doublechaintech.com/demodata/imageManager/genImage/y00/200/200/red/','列表0047','2019-10-29 12:13:01','UA000008','1'),
	('QL000048','列表0048','google','https://demo.doublechaintech.com/demodata/imageManager/genImage/y00/200/200/red/','列表0048','2019-10-25 15:34:07','UA000008','1'),
	('QL000049','列表0049','facebook','https://demo.doublechaintech.com/demodata/imageManager/genImage/y00/200/200/red/','列表0049','2019-11-03 07:07:19','UA000009','1'),
	('QL000050','列表0050','google','https://demo.doublechaintech.com/demodata/imageManager/genImage/y00/200/200/red/','列表0050','2019-10-22 18:12:32','UA000009','1'),
	('QL000051','列表0051','facebook','https://demo.doublechaintech.com/demodata/imageManager/genImage/y00/200/200/red/','列表0051','2019-10-19 12:04:08','UA000009','1'),
	('QL000052','列表0052','google','https://demo.doublechaintech.com/demodata/imageManager/genImage/y00/200/200/red/','列表0052','2019-10-29 22:45:18','UA000009','1'),
	('QL000053','列表0053','facebook','https://demo.doublechaintech.com/demodata/imageManager/genImage/y00/200/200/red/','列表0053','2019-10-24 13:33:21','UA000009','1'),
	('QL000054','列表0054','google','https://demo.doublechaintech.com/demodata/imageManager/genImage/y00/200/200/red/','列表0054','2019-10-31 08:12:29','UA000009','1'),
	('QL000055','列表0055','facebook','https://demo.doublechaintech.com/demodata/imageManager/genImage/y00/200/200/red/','列表0055','2019-11-04 14:00:19','UA000010','1'),
	('QL000056','列表0056','google','https://demo.doublechaintech.com/demodata/imageManager/genImage/y00/200/200/red/','列表0056','2019-11-08 07:58:58','UA000010','1'),
	('QL000057','列表0057','facebook','https://demo.doublechaintech.com/demodata/imageManager/genImage/y00/200/200/red/','列表0057','2019-11-01 21:28:22','UA000010','1'),
	('QL000058','列表0058','google','https://demo.doublechaintech.com/demodata/imageManager/genImage/y00/200/200/red/','列表0058','2019-10-28 11:56:25','UA000010','1'),
	('QL000059','列表0059','facebook','https://demo.doublechaintech.com/demodata/imageManager/genImage/y00/200/200/red/','列表0059','2019-11-01 03:51:18','UA000010','1'),
	('QL000060','列表0060','google','https://demo.doublechaintech.com/demodata/imageManager/genImage/y00/200/200/red/','列表0060','2019-10-22 20:17:28','UA000010','1'),
	('QL000061','列表0061','facebook','https://demo.doublechaintech.com/demodata/imageManager/genImage/y00/200/200/red/','列表0061','2019-10-29 10:12:55','UA000011','1'),
	('QL000062','列表0062','google','https://demo.doublechaintech.com/demodata/imageManager/genImage/y00/200/200/red/','列表0062','2019-11-05 19:10:13','UA000011','1'),
	('QL000063','列表0063','facebook','https://demo.doublechaintech.com/demodata/imageManager/genImage/y00/200/200/red/','列表0063','2019-11-02 04:20:35','UA000011','1'),
	('QL000064','列表0064','google','https://demo.doublechaintech.com/demodata/imageManager/genImage/y00/200/200/red/','列表0064','2019-10-29 23:51:49','UA000011','1'),
	('QL000065','列表0065','facebook','https://demo.doublechaintech.com/demodata/imageManager/genImage/y00/200/200/red/','列表0065','2019-10-26 14:26:25','UA000011','1'),
	('QL000066','列表0066','google','https://demo.doublechaintech.com/demodata/imageManager/genImage/y00/200/200/red/','列表0066','2019-10-29 03:00:58','UA000011','1'),
	('QL000067','列表0067','facebook','https://demo.doublechaintech.com/demodata/imageManager/genImage/y00/200/200/red/','列表0067','2019-11-05 02:37:36','UA000012','1'),
	('QL000068','列表0068','google','https://demo.doublechaintech.com/demodata/imageManager/genImage/y00/200/200/red/','列表0068','2019-11-04 08:07:42','UA000012','1'),
	('QL000069','列表0069','facebook','https://demo.doublechaintech.com/demodata/imageManager/genImage/y00/200/200/red/','列表0069','2019-11-01 09:09:14','UA000012','1'),
	('QL000070','列表0070','google','https://demo.doublechaintech.com/demodata/imageManager/genImage/y00/200/200/red/','列表0070','2019-10-28 11:48:28','UA000012','1'),
	('QL000071','列表0071','facebook','https://demo.doublechaintech.com/demodata/imageManager/genImage/y00/200/200/red/','列表0071','2019-10-31 11:26:25','UA000012','1'),
	('QL000072','列表0072','google','https://demo.doublechaintech.com/demodata/imageManager/genImage/y00/200/200/red/','列表0072','2019-10-30 02:32:28','UA000012','1'),
	('QL000073','列表0073','facebook','https://demo.doublechaintech.com/demodata/imageManager/genImage/y00/200/200/red/','列表0073','2019-10-20 14:00:51','UA000013','1'),
	('QL000074','列表0074','google','https://demo.doublechaintech.com/demodata/imageManager/genImage/y00/200/200/red/','列表0074','2019-11-08 04:19:13','UA000013','1'),
	('QL000075','列表0075','facebook','https://demo.doublechaintech.com/demodata/imageManager/genImage/y00/200/200/red/','列表0075','2019-10-19 06:18:58','UA000013','1'),
	('QL000076','列表0076','google','https://demo.doublechaintech.com/demodata/imageManager/genImage/y00/200/200/red/','列表0076','2019-10-27 02:07:36','UA000013','1'),
	('QL000077','列表0077','facebook','https://demo.doublechaintech.com/demodata/imageManager/genImage/y00/200/200/red/','列表0077','2019-11-07 10:55:52','UA000013','1'),
	('QL000078','列表0078','google','https://demo.doublechaintech.com/demodata/imageManager/genImage/y00/200/200/red/','列表0078','2019-10-28 11:07:43','UA000013','1'),
	('QL000079','列表0079','facebook','https://demo.doublechaintech.com/demodata/imageManager/genImage/y00/200/200/red/','列表0079','2019-10-27 08:50:41','UA000014','1'),
	('QL000080','列表0080','google','https://demo.doublechaintech.com/demodata/imageManager/genImage/y00/200/200/red/','列表0080','2019-11-06 12:02:24','UA000014','1'),
	('QL000081','列表0081','facebook','https://demo.doublechaintech.com/demodata/imageManager/genImage/y00/200/200/red/','列表0081','2019-10-23 19:20:24','UA000014','1'),
	('QL000082','列表0082','google','https://demo.doublechaintech.com/demodata/imageManager/genImage/y00/200/200/red/','列表0082','2019-11-02 01:12:19','UA000014','1'),
	('QL000083','列表0083','facebook','https://demo.doublechaintech.com/demodata/imageManager/genImage/y00/200/200/red/','列表0083','2019-10-18 10:33:15','UA000014','1'),
	('QL000084','列表0084','google','https://demo.doublechaintech.com/demodata/imageManager/genImage/y00/200/200/red/','列表0084','2019-11-05 07:44:35','UA000014','1'),
	('QL000085','列表0085','facebook','https://demo.doublechaintech.com/demodata/imageManager/genImage/y00/200/200/red/','列表0085','2019-10-29 15:00:35','UA000015','1'),
	('QL000086','列表0086','google','https://demo.doublechaintech.com/demodata/imageManager/genImage/y00/200/200/red/','列表0086','2019-10-26 23:44:57','UA000015','1'),
	('QL000087','列表0087','facebook','https://demo.doublechaintech.com/demodata/imageManager/genImage/y00/200/200/red/','列表0087','2019-10-19 16:55:34','UA000015','1'),
	('QL000088','列表0088','google','https://demo.doublechaintech.com/demodata/imageManager/genImage/y00/200/200/red/','列表0088','2019-10-25 07:25:45','UA000015','1'),
	('QL000089','列表0089','facebook','https://demo.doublechaintech.com/demodata/imageManager/genImage/y00/200/200/red/','列表0089','2019-11-07 15:38:55','UA000015','1'),
	('QL000090','列表0090','google','https://demo.doublechaintech.com/demodata/imageManager/genImage/y00/200/200/red/','列表0090','2019-11-03 23:51:49','UA000015','1'),
	('QL000091','列表0091','facebook','https://demo.doublechaintech.com/demodata/imageManager/genImage/y00/200/200/red/','列表0091','2019-10-30 09:08:20','UA000016','1'),
	('QL000092','列表0092','google','https://demo.doublechaintech.com/demodata/imageManager/genImage/y00/200/200/red/','列表0092','2019-10-26 16:18:32','UA000016','1'),
	('QL000093','列表0093','facebook','https://demo.doublechaintech.com/demodata/imageManager/genImage/y00/200/200/red/','列表0093','2019-10-22 05:05:48','UA000016','1'),
	('QL000094','列表0094','google','https://demo.doublechaintech.com/demodata/imageManager/genImage/y00/200/200/red/','列表0094','2019-10-18 23:25:12','UA000016','1'),
	('QL000095','列表0095','facebook','https://demo.doublechaintech.com/demodata/imageManager/genImage/y00/200/200/red/','列表0095','2019-11-02 23:30:47','UA000016','1'),
	('QL000096','列表0096','google','https://demo.doublechaintech.com/demodata/imageManager/genImage/y00/200/200/red/','列表0096','2019-10-27 13:03:52','UA000016','1'),
	('QL000097','列表0097','facebook','https://demo.doublechaintech.com/demodata/imageManager/genImage/y00/200/200/red/','列表0097','2019-11-04 02:45:20','UA000017','1'),
	('QL000098','列表0098','google','https://demo.doublechaintech.com/demodata/imageManager/genImage/y00/200/200/red/','列表0098','2019-10-29 03:18:50','UA000017','1'),
	('QL000099','列表0099','facebook','https://demo.doublechaintech.com/demodata/imageManager/genImage/y00/200/200/red/','列表0099','2019-10-30 23:21:12','UA000017','1'),
	('QL000100','列表0100','google','https://demo.doublechaintech.com/demodata/imageManager/genImage/y00/200/200/red/','列表0100','2019-10-20 00:48:14','UA000017','1'),
	('QL000101','列表0101','facebook','https://demo.doublechaintech.com/demodata/imageManager/genImage/y00/200/200/red/','列表0101','2019-10-29 07:40:28','UA000017','1'),
	('QL000102','列表0102','google','https://demo.doublechaintech.com/demodata/imageManager/genImage/y00/200/200/red/','列表0102','2019-10-30 06:42:09','UA000017','1'),
	('QL000103','列表0103','facebook','https://demo.doublechaintech.com/demodata/imageManager/genImage/y00/200/200/red/','列表0103','2019-10-31 07:19:36','UA000018','1'),
	('QL000104','列表0104','google','https://demo.doublechaintech.com/demodata/imageManager/genImage/y00/200/200/red/','列表0104','2019-11-06 23:47:23','UA000018','1'),
	('QL000105','列表0105','facebook','https://demo.doublechaintech.com/demodata/imageManager/genImage/y00/200/200/red/','列表0105','2019-10-20 03:49:27','UA000018','1'),
	('QL000106','列表0106','google','https://demo.doublechaintech.com/demodata/imageManager/genImage/y00/200/200/red/','列表0106','2019-10-25 05:31:10','UA000018','1'),
	('QL000107','列表0107','facebook','https://demo.doublechaintech.com/demodata/imageManager/genImage/y00/200/200/red/','列表0107','2019-11-02 23:28:26','UA000018','1'),
	('QL000108','列表0108','google','https://demo.doublechaintech.com/demodata/imageManager/genImage/y00/200/200/red/','列表0108','2019-10-25 17:05:58','UA000018','1'),
	('QL000109','列表0109','facebook','https://demo.doublechaintech.com/demodata/imageManager/genImage/y00/200/200/red/','列表0109','2019-10-30 17:19:00','UA000019','1'),
	('QL000110','列表0110','google','https://demo.doublechaintech.com/demodata/imageManager/genImage/y00/200/200/red/','列表0110','2019-10-23 12:12:25','UA000019','1'),
	('QL000111','列表0111','facebook','https://demo.doublechaintech.com/demodata/imageManager/genImage/y00/200/200/red/','列表0111','2019-10-18 23:15:03','UA000019','1'),
	('QL000112','列表0112','google','https://demo.doublechaintech.com/demodata/imageManager/genImage/y00/200/200/red/','列表0112','2019-11-03 21:09:37','UA000019','1'),
	('QL000113','列表0113','facebook','https://demo.doublechaintech.com/demodata/imageManager/genImage/y00/200/200/red/','列表0113','2019-11-02 15:40:45','UA000019','1'),
	('QL000114','列表0114','google','https://demo.doublechaintech.com/demodata/imageManager/genImage/y00/200/200/red/','列表0114','2019-10-30 02:21:06','UA000019','1'),
	('QL000115','列表0115','facebook','https://demo.doublechaintech.com/demodata/imageManager/genImage/y00/200/200/red/','列表0115','2019-11-07 10:48:41','UA000020','1'),
	('QL000116','列表0116','google','https://demo.doublechaintech.com/demodata/imageManager/genImage/y00/200/200/red/','列表0116','2019-10-26 14:25:56','UA000020','1'),
	('QL000117','列表0117','facebook','https://demo.doublechaintech.com/demodata/imageManager/genImage/y00/200/200/red/','列表0117','2019-11-05 04:10:30','UA000020','1'),
	('QL000118','列表0118','google','https://demo.doublechaintech.com/demodata/imageManager/genImage/y00/200/200/red/','列表0118','2019-11-07 05:48:43','UA000020','1'),
	('QL000119','列表0119','facebook','https://demo.doublechaintech.com/demodata/imageManager/genImage/y00/200/200/red/','列表0119','2019-10-28 07:52:41','UA000020','1'),
	('QL000120','列表0120','google','https://demo.doublechaintech.com/demodata/imageManager/genImage/y00/200/200/red/','列表0120','2019-11-02 05:45:31','UA000020','1'),
	('QL000121','列表0121','facebook','https://demo.doublechaintech.com/demodata/imageManager/genImage/y00/200/200/red/','列表0121','2019-11-08 02:57:53','UA000021','1'),
	('QL000122','列表0122','google','https://demo.doublechaintech.com/demodata/imageManager/genImage/y00/200/200/red/','列表0122','2019-10-30 15:07:06','UA000021','1'),
	('QL000123','列表0123','facebook','https://demo.doublechaintech.com/demodata/imageManager/genImage/y00/200/200/red/','列表0123','2019-10-26 02:25:26','UA000021','1'),
	('QL000124','列表0124','google','https://demo.doublechaintech.com/demodata/imageManager/genImage/y00/200/200/red/','列表0124','2019-10-25 07:04:30','UA000021','1'),
	('QL000125','列表0125','facebook','https://demo.doublechaintech.com/demodata/imageManager/genImage/y00/200/200/red/','列表0125','2019-10-27 00:01:48','UA000021','1'),
	('QL000126','列表0126','google','https://demo.doublechaintech.com/demodata/imageManager/genImage/y00/200/200/red/','列表0126','2019-10-28 04:04:42','UA000021','1'),
	('QL000127','列表0127','facebook','https://demo.doublechaintech.com/demodata/imageManager/genImage/y00/200/200/red/','列表0127','2019-10-25 11:58:21','UA000022','1'),
	('QL000128','列表0128','google','https://demo.doublechaintech.com/demodata/imageManager/genImage/y00/200/200/red/','列表0128','2019-10-28 10:51:50','UA000022','1'),
	('QL000129','列表0129','facebook','https://demo.doublechaintech.com/demodata/imageManager/genImage/y00/200/200/red/','列表0129','2019-11-02 11:26:13','UA000022','1'),
	('QL000130','列表0130','google','https://demo.doublechaintech.com/demodata/imageManager/genImage/y00/200/200/red/','列表0130','2019-11-02 20:58:02','UA000022','1'),
	('QL000131','列表0131','facebook','https://demo.doublechaintech.com/demodata/imageManager/genImage/y00/200/200/red/','列表0131','2019-10-22 00:50:26','UA000022','1'),
	('QL000132','列表0132','google','https://demo.doublechaintech.com/demodata/imageManager/genImage/y00/200/200/red/','列表0132','2019-10-27 12:58:20','UA000022','1'),
	('QL000133','列表0133','facebook','https://demo.doublechaintech.com/demodata/imageManager/genImage/y00/200/200/red/','列表0133','2019-10-26 04:17:47','UA000023','1'),
	('QL000134','列表0134','google','https://demo.doublechaintech.com/demodata/imageManager/genImage/y00/200/200/red/','列表0134','2019-10-23 20:16:25','UA000023','1'),
	('QL000135','列表0135','facebook','https://demo.doublechaintech.com/demodata/imageManager/genImage/y00/200/200/red/','列表0135','2019-10-22 20:17:36','UA000023','1'),
	('QL000136','列表0136','google','https://demo.doublechaintech.com/demodata/imageManager/genImage/y00/200/200/red/','列表0136','2019-10-28 14:08:35','UA000023','1'),
	('QL000137','列表0137','facebook','https://demo.doublechaintech.com/demodata/imageManager/genImage/y00/200/200/red/','列表0137','2019-10-26 09:28:44','UA000023','1'),
	('QL000138','列表0138','google','https://demo.doublechaintech.com/demodata/imageManager/genImage/y00/200/200/red/','列表0138','2019-10-18 05:29:06','UA000023','1'),
	('QL000139','列表0139','facebook','https://demo.doublechaintech.com/demodata/imageManager/genImage/y00/200/200/red/','列表0139','2019-10-18 18:32:32','UA000024','1'),
	('QL000140','列表0140','google','https://demo.doublechaintech.com/demodata/imageManager/genImage/y00/200/200/red/','列表0140','2019-10-20 21:18:10','UA000024','1'),
	('QL000141','列表0141','facebook','https://demo.doublechaintech.com/demodata/imageManager/genImage/y00/200/200/red/','列表0141','2019-10-27 00:22:25','UA000024','1'),
	('QL000142','列表0142','google','https://demo.doublechaintech.com/demodata/imageManager/genImage/y00/200/200/red/','列表0142','2019-10-28 19:13:21','UA000024','1'),
	('QL000143','列表0143','facebook','https://demo.doublechaintech.com/demodata/imageManager/genImage/y00/200/200/red/','列表0143','2019-10-29 16:12:52','UA000024','1'),
	('QL000144','列表0144','google','https://demo.doublechaintech.com/demodata/imageManager/genImage/y00/200/200/red/','列表0144','2019-10-28 01:49:37','UA000024','1'),
	('QL000145','列表0145','facebook','https://demo.doublechaintech.com/demodata/imageManager/genImage/y00/200/200/red/','列表0145','2019-10-27 09:32:00','UA000025','1'),
	('QL000146','列表0146','google','https://demo.doublechaintech.com/demodata/imageManager/genImage/y00/200/200/red/','列表0146','2019-10-27 11:24:19','UA000025','1'),
	('QL000147','列表0147','facebook','https://demo.doublechaintech.com/demodata/imageManager/genImage/y00/200/200/red/','列表0147','2019-10-28 19:55:55','UA000025','1'),
	('QL000148','列表0148','google','https://demo.doublechaintech.com/demodata/imageManager/genImage/y00/200/200/red/','列表0148','2019-11-02 19:56:18','UA000025','1'),
	('QL000149','列表0149','facebook','https://demo.doublechaintech.com/demodata/imageManager/genImage/y00/200/200/red/','列表0149','2019-10-19 16:55:47','UA000025','1'),
	('QL000150','列表0150','google','https://demo.doublechaintech.com/demodata/imageManager/genImage/y00/200/200/red/','列表0150','2019-10-25 21:00:06','UA000025','1'),
	('QL000151','列表0151','facebook','https://demo.doublechaintech.com/demodata/imageManager/genImage/y00/200/200/red/','列表0151','2019-11-02 11:59:03','UA000026','1'),
	('QL000152','列表0152','google','https://demo.doublechaintech.com/demodata/imageManager/genImage/y00/200/200/red/','列表0152','2019-10-21 16:50:28','UA000026','1'),
	('QL000153','列表0153','facebook','https://demo.doublechaintech.com/demodata/imageManager/genImage/y00/200/200/red/','列表0153','2019-10-30 17:20:17','UA000026','1'),
	('QL000154','列表0154','google','https://demo.doublechaintech.com/demodata/imageManager/genImage/y00/200/200/red/','列表0154','2019-10-31 15:56:26','UA000026','1'),
	('QL000155','列表0155','facebook','https://demo.doublechaintech.com/demodata/imageManager/genImage/y00/200/200/red/','列表0155','2019-11-01 22:08:38','UA000026','1'),
	('QL000156','列表0156','google','https://demo.doublechaintech.com/demodata/imageManager/genImage/y00/200/200/red/','列表0156','2019-11-06 17:09:35','UA000026','1'),
	('QL000157','列表0157','facebook','https://demo.doublechaintech.com/demodata/imageManager/genImage/y00/200/200/red/','列表0157','2019-11-01 00:06:49','UA000027','1'),
	('QL000158','列表0158','google','https://demo.doublechaintech.com/demodata/imageManager/genImage/y00/200/200/red/','列表0158','2019-11-07 00:53:19','UA000027','1'),
	('QL000159','列表0159','facebook','https://demo.doublechaintech.com/demodata/imageManager/genImage/y00/200/200/red/','列表0159','2019-11-02 12:03:56','UA000027','1'),
	('QL000160','列表0160','google','https://demo.doublechaintech.com/demodata/imageManager/genImage/y00/200/200/red/','列表0160','2019-11-01 00:09:12','UA000027','1'),
	('QL000161','列表0161','facebook','https://demo.doublechaintech.com/demodata/imageManager/genImage/y00/200/200/red/','列表0161','2019-11-06 11:27:36','UA000027','1'),
	('QL000162','列表0162','google','https://demo.doublechaintech.com/demodata/imageManager/genImage/y00/200/200/red/','列表0162','2019-11-07 11:03:22','UA000027','1'),
	('QL000163','列表0163','facebook','https://demo.doublechaintech.com/demodata/imageManager/genImage/y00/200/200/red/','列表0163','2019-11-03 07:25:31','UA000028','1'),
	('QL000164','列表0164','google','https://demo.doublechaintech.com/demodata/imageManager/genImage/y00/200/200/red/','列表0164','2019-10-28 13:00:08','UA000028','1'),
	('QL000165','列表0165','facebook','https://demo.doublechaintech.com/demodata/imageManager/genImage/y00/200/200/red/','列表0165','2019-10-18 03:40:59','UA000028','1'),
	('QL000166','列表0166','google','https://demo.doublechaintech.com/demodata/imageManager/genImage/y00/200/200/red/','列表0166','2019-10-18 07:35:16','UA000028','1'),
	('QL000167','列表0167','facebook','https://demo.doublechaintech.com/demodata/imageManager/genImage/y00/200/200/red/','列表0167','2019-10-21 22:47:49','UA000028','1'),
	('QL000168','列表0168','google','https://demo.doublechaintech.com/demodata/imageManager/genImage/y00/200/200/red/','列表0168','2019-10-19 02:00:11','UA000028','1'),
	('QL000169','列表0169','facebook','https://demo.doublechaintech.com/demodata/imageManager/genImage/y00/200/200/red/','列表0169','2019-10-28 13:24:58','UA000029','1'),
	('QL000170','列表0170','google','https://demo.doublechaintech.com/demodata/imageManager/genImage/y00/200/200/red/','列表0170','2019-10-24 05:11:51','UA000029','1'),
	('QL000171','列表0171','facebook','https://demo.doublechaintech.com/demodata/imageManager/genImage/y00/200/200/red/','列表0171','2019-10-19 04:50:04','UA000029','1'),
	('QL000172','列表0172','google','https://demo.doublechaintech.com/demodata/imageManager/genImage/y00/200/200/red/','列表0172','2019-10-18 02:11:19','UA000029','1'),
	('QL000173','列表0173','facebook','https://demo.doublechaintech.com/demodata/imageManager/genImage/y00/200/200/red/','列表0173','2019-10-26 22:38:24','UA000029','1'),
	('QL000174','列表0174','google','https://demo.doublechaintech.com/demodata/imageManager/genImage/y00/200/200/red/','列表0174','2019-10-27 18:44:31','UA000029','1'),
	('QL000175','列表0175','facebook','https://demo.doublechaintech.com/demodata/imageManager/genImage/y00/200/200/red/','列表0175','2019-11-02 17:00:43','UA000030','1'),
	('QL000176','列表0176','google','https://demo.doublechaintech.com/demodata/imageManager/genImage/y00/200/200/red/','列表0176','2019-10-29 02:16:56','UA000030','1'),
	('QL000177','列表0177','facebook','https://demo.doublechaintech.com/demodata/imageManager/genImage/y00/200/200/red/','列表0177','2019-10-26 08:04:11','UA000030','1'),
	('QL000178','列表0178','google','https://demo.doublechaintech.com/demodata/imageManager/genImage/y00/200/200/red/','列表0178','2019-10-26 00:23:36','UA000030','1'),
	('QL000179','列表0179','facebook','https://demo.doublechaintech.com/demodata/imageManager/genImage/y00/200/200/red/','列表0179','2019-10-22 19:11:47','UA000030','1'),
	('QL000180','列表0180','google','https://demo.doublechaintech.com/demodata/imageManager/genImage/y00/200/200/red/','列表0180','2019-10-19 15:37:18','UA000030','1'),
	('QL000181','列表0181','facebook','https://demo.doublechaintech.com/demodata/imageManager/genImage/y00/200/200/red/','列表0181','2019-11-03 02:33:45','UA000031','1'),
	('QL000182','列表0182','google','https://demo.doublechaintech.com/demodata/imageManager/genImage/y00/200/200/red/','列表0182','2019-10-27 04:57:02','UA000031','1'),
	('QL000183','列表0183','facebook','https://demo.doublechaintech.com/demodata/imageManager/genImage/y00/200/200/red/','列表0183','2019-11-08 04:03:55','UA000031','1'),
	('QL000184','列表0184','google','https://demo.doublechaintech.com/demodata/imageManager/genImage/y00/200/200/red/','列表0184','2019-10-23 11:31:50','UA000031','1'),
	('QL000185','列表0185','facebook','https://demo.doublechaintech.com/demodata/imageManager/genImage/y00/200/200/red/','列表0185','2019-11-07 03:47:54','UA000031','1'),
	('QL000186','列表0186','google','https://demo.doublechaintech.com/demodata/imageManager/genImage/y00/200/200/red/','列表0186','2019-10-18 17:14:31','UA000031','1'),
	('QL000187','列表0187','facebook','https://demo.doublechaintech.com/demodata/imageManager/genImage/y00/200/200/red/','列表0187','2019-10-24 05:27:13','UA000032','1'),
	('QL000188','列表0188','google','https://demo.doublechaintech.com/demodata/imageManager/genImage/y00/200/200/red/','列表0188','2019-10-31 12:23:51','UA000032','1'),
	('QL000189','列表0189','facebook','https://demo.doublechaintech.com/demodata/imageManager/genImage/y00/200/200/red/','列表0189','2019-11-03 04:13:41','UA000032','1'),
	('QL000190','列表0190','google','https://demo.doublechaintech.com/demodata/imageManager/genImage/y00/200/200/red/','列表0190','2019-11-06 00:54:25','UA000032','1'),
	('QL000191','列表0191','facebook','https://demo.doublechaintech.com/demodata/imageManager/genImage/y00/200/200/red/','列表0191','2019-10-30 16:41:45','UA000032','1'),
	('QL000192','列表0192','google','https://demo.doublechaintech.com/demodata/imageManager/genImage/y00/200/200/red/','列表0192','2019-10-18 21:48:30','UA000032','1'),
	('QL000193','列表0193','facebook','https://demo.doublechaintech.com/demodata/imageManager/genImage/y00/200/200/red/','列表0193','2019-10-30 14:55:02','UA000033','1'),
	('QL000194','列表0194','google','https://demo.doublechaintech.com/demodata/imageManager/genImage/y00/200/200/red/','列表0194','2019-11-07 16:30:12','UA000033','1'),
	('QL000195','列表0195','facebook','https://demo.doublechaintech.com/demodata/imageManager/genImage/y00/200/200/red/','列表0195','2019-11-03 04:21:25','UA000033','1'),
	('QL000196','列表0196','google','https://demo.doublechaintech.com/demodata/imageManager/genImage/y00/200/200/red/','列表0196','2019-10-26 21:42:32','UA000033','1'),
	('QL000197','列表0197','facebook','https://demo.doublechaintech.com/demodata/imageManager/genImage/y00/200/200/red/','列表0197','2019-10-28 20:06:48','UA000033','1'),
	('QL000198','列表0198','google','https://demo.doublechaintech.com/demodata/imageManager/genImage/y00/200/200/red/','列表0198','2019-10-24 03:16:23','UA000033','1'),
	('QL000199','列表0199','facebook','https://demo.doublechaintech.com/demodata/imageManager/genImage/y00/200/200/red/','列表0199','2019-10-23 03:10:40','UA000034','1'),
	('QL000200','列表0200','google','https://demo.doublechaintech.com/demodata/imageManager/genImage/y00/200/200/red/','列表0200','2019-11-03 16:55:11','UA000034','1'),
	('QL000201','列表0201','facebook','https://demo.doublechaintech.com/demodata/imageManager/genImage/y00/200/200/red/','列表0201','2019-10-23 07:27:14','UA000034','1'),
	('QL000202','列表0202','google','https://demo.doublechaintech.com/demodata/imageManager/genImage/y00/200/200/red/','列表0202','2019-11-04 21:24:33','UA000034','1'),
	('QL000203','列表0203','facebook','https://demo.doublechaintech.com/demodata/imageManager/genImage/y00/200/200/red/','列表0203','2019-10-21 22:02:01','UA000034','1'),
	('QL000204','列表0204','google','https://demo.doublechaintech.com/demodata/imageManager/genImage/y00/200/200/red/','列表0204','2019-10-30 02:11:58','UA000034','1'),
	('QL000205','列表0205','facebook','https://demo.doublechaintech.com/demodata/imageManager/genImage/y00/200/200/red/','列表0205','2019-11-05 01:57:56','UA000035','1'),
	('QL000206','列表0206','google','https://demo.doublechaintech.com/demodata/imageManager/genImage/y00/200/200/red/','列表0206','2019-10-18 01:30:10','UA000035','1'),
	('QL000207','列表0207','facebook','https://demo.doublechaintech.com/demodata/imageManager/genImage/y00/200/200/red/','列表0207','2019-10-22 20:35:30','UA000035','1'),
	('QL000208','列表0208','google','https://demo.doublechaintech.com/demodata/imageManager/genImage/y00/200/200/red/','列表0208','2019-10-28 20:26:36','UA000035','1'),
	('QL000209','列表0209','facebook','https://demo.doublechaintech.com/demodata/imageManager/genImage/y00/200/200/red/','列表0209','2019-10-23 21:33:50','UA000035','1'),
	('QL000210','列表0210','google','https://demo.doublechaintech.com/demodata/imageManager/genImage/y00/200/200/red/','列表0210','2019-11-05 12:12:21','UA000035','1'),
	('QL000211','列表0211','facebook','https://demo.doublechaintech.com/demodata/imageManager/genImage/y00/200/200/red/','列表0211','2019-11-03 10:34:23','UA000036','1'),
	('QL000212','列表0212','google','https://demo.doublechaintech.com/demodata/imageManager/genImage/y00/200/200/red/','列表0212','2019-11-04 13:44:26','UA000036','1'),
	('QL000213','列表0213','facebook','https://demo.doublechaintech.com/demodata/imageManager/genImage/y00/200/200/red/','列表0213','2019-10-30 22:01:57','UA000036','1'),
	('QL000214','列表0214','google','https://demo.doublechaintech.com/demodata/imageManager/genImage/y00/200/200/red/','列表0214','2019-10-23 10:26:07','UA000036','1'),
	('QL000215','列表0215','facebook','https://demo.doublechaintech.com/demodata/imageManager/genImage/y00/200/200/red/','列表0215','2019-10-25 08:27:43','UA000036','1'),
	('QL000216','列表0216','google','https://demo.doublechaintech.com/demodata/imageManager/genImage/y00/200/200/red/','列表0216','2019-10-31 01:02:34','UA000036','1');

insert into list_access_data values
	('LA000001','列表','levelOneCategoryList','1','1','1','1','1','UA000001','1'),
	('LA000002','列表0002','levelOneCategoryList0002','1','1','1','1','1','UA000001','1'),
	('LA000003','列表0003','levelOneCategoryList0003','1','1','1','1','1','UA000001','1'),
	('LA000004','列表0004','levelOneCategoryList0004','1','1','1','1','1','UA000001','1'),
	('LA000005','列表0005','levelOneCategoryList0005','1','1','1','1','1','UA000001','1'),
	('LA000006','列表0006','levelOneCategoryList0006','1','1','1','1','1','UA000001','1'),
	('LA000007','列表0007','levelOneCategoryList0007','1','1','1','1','1','UA000002','1'),
	('LA000008','列表0008','levelOneCategoryList0008','1','1','1','1','1','UA000002','1'),
	('LA000009','列表0009','levelOneCategoryList0009','1','1','1','1','1','UA000002','1'),
	('LA000010','列表0010','levelOneCategoryList0010','1','1','1','1','1','UA000002','1'),
	('LA000011','列表0011','levelOneCategoryList0011','1','1','1','1','1','UA000002','1'),
	('LA000012','列表0012','levelOneCategoryList0012','1','1','1','1','1','UA000002','1'),
	('LA000013','列表0013','levelOneCategoryList0013','1','1','1','1','1','UA000003','1'),
	('LA000014','列表0014','levelOneCategoryList0014','1','1','1','1','1','UA000003','1'),
	('LA000015','列表0015','levelOneCategoryList0015','1','1','1','1','1','UA000003','1'),
	('LA000016','列表0016','levelOneCategoryList0016','1','1','1','1','1','UA000003','1'),
	('LA000017','列表0017','levelOneCategoryList0017','1','1','1','1','1','UA000003','1'),
	('LA000018','列表0018','levelOneCategoryList0018','1','1','1','1','1','UA000003','1'),
	('LA000019','列表0019','levelOneCategoryList0019','1','1','1','1','1','UA000004','1'),
	('LA000020','列表0020','levelOneCategoryList0020','1','1','1','1','1','UA000004','1'),
	('LA000021','列表0021','levelOneCategoryList0021','1','1','1','1','1','UA000004','1'),
	('LA000022','列表0022','levelOneCategoryList0022','1','1','1','1','1','UA000004','1'),
	('LA000023','列表0023','levelOneCategoryList0023','1','1','1','1','1','UA000004','1'),
	('LA000024','列表0024','levelOneCategoryList0024','1','1','1','1','1','UA000004','1'),
	('LA000025','列表0025','levelOneCategoryList0025','1','1','1','1','1','UA000005','1'),
	('LA000026','列表0026','levelOneCategoryList0026','1','1','1','1','1','UA000005','1'),
	('LA000027','列表0027','levelOneCategoryList0027','1','1','1','1','1','UA000005','1'),
	('LA000028','列表0028','levelOneCategoryList0028','1','1','1','1','1','UA000005','1'),
	('LA000029','列表0029','levelOneCategoryList0029','1','1','1','1','1','UA000005','1'),
	('LA000030','列表0030','levelOneCategoryList0030','1','1','1','1','1','UA000005','1'),
	('LA000031','列表0031','levelOneCategoryList0031','1','1','1','1','1','UA000006','1'),
	('LA000032','列表0032','levelOneCategoryList0032','1','1','1','1','1','UA000006','1'),
	('LA000033','列表0033','levelOneCategoryList0033','1','1','1','1','1','UA000006','1'),
	('LA000034','列表0034','levelOneCategoryList0034','1','1','1','1','1','UA000006','1'),
	('LA000035','列表0035','levelOneCategoryList0035','1','1','1','1','1','UA000006','1'),
	('LA000036','列表0036','levelOneCategoryList0036','1','1','1','1','1','UA000006','1'),
	('LA000037','列表0037','levelOneCategoryList0037','1','1','1','1','1','UA000007','1'),
	('LA000038','列表0038','levelOneCategoryList0038','1','1','1','1','1','UA000007','1'),
	('LA000039','列表0039','levelOneCategoryList0039','1','1','1','1','1','UA000007','1'),
	('LA000040','列表0040','levelOneCategoryList0040','1','1','1','1','1','UA000007','1'),
	('LA000041','列表0041','levelOneCategoryList0041','1','1','1','1','1','UA000007','1'),
	('LA000042','列表0042','levelOneCategoryList0042','1','1','1','1','1','UA000007','1'),
	('LA000043','列表0043','levelOneCategoryList0043','1','1','1','1','1','UA000008','1'),
	('LA000044','列表0044','levelOneCategoryList0044','1','1','1','1','1','UA000008','1'),
	('LA000045','列表0045','levelOneCategoryList0045','1','1','1','1','1','UA000008','1'),
	('LA000046','列表0046','levelOneCategoryList0046','1','1','1','1','1','UA000008','1'),
	('LA000047','列表0047','levelOneCategoryList0047','1','1','1','1','1','UA000008','1'),
	('LA000048','列表0048','levelOneCategoryList0048','1','1','1','1','1','UA000008','1'),
	('LA000049','列表0049','levelOneCategoryList0049','1','1','1','1','1','UA000009','1'),
	('LA000050','列表0050','levelOneCategoryList0050','1','1','1','1','1','UA000009','1'),
	('LA000051','列表0051','levelOneCategoryList0051','1','1','1','1','1','UA000009','1'),
	('LA000052','列表0052','levelOneCategoryList0052','1','1','1','1','1','UA000009','1'),
	('LA000053','列表0053','levelOneCategoryList0053','1','1','1','1','1','UA000009','1'),
	('LA000054','列表0054','levelOneCategoryList0054','1','1','1','1','1','UA000009','1'),
	('LA000055','列表0055','levelOneCategoryList0055','1','1','1','1','1','UA000010','1'),
	('LA000056','列表0056','levelOneCategoryList0056','1','1','1','1','1','UA000010','1'),
	('LA000057','列表0057','levelOneCategoryList0057','1','1','1','1','1','UA000010','1'),
	('LA000058','列表0058','levelOneCategoryList0058','1','1','1','1','1','UA000010','1'),
	('LA000059','列表0059','levelOneCategoryList0059','1','1','1','1','1','UA000010','1'),
	('LA000060','列表0060','levelOneCategoryList0060','1','1','1','1','1','UA000010','1'),
	('LA000061','列表0061','levelOneCategoryList0061','1','1','1','1','1','UA000011','1'),
	('LA000062','列表0062','levelOneCategoryList0062','1','1','1','1','1','UA000011','1'),
	('LA000063','列表0063','levelOneCategoryList0063','1','1','1','1','1','UA000011','1'),
	('LA000064','列表0064','levelOneCategoryList0064','1','1','1','1','1','UA000011','1'),
	('LA000065','列表0065','levelOneCategoryList0065','1','1','1','1','1','UA000011','1'),
	('LA000066','列表0066','levelOneCategoryList0066','1','1','1','1','1','UA000011','1'),
	('LA000067','列表0067','levelOneCategoryList0067','1','1','1','1','1','UA000012','1'),
	('LA000068','列表0068','levelOneCategoryList0068','1','1','1','1','1','UA000012','1'),
	('LA000069','列表0069','levelOneCategoryList0069','1','1','1','1','1','UA000012','1'),
	('LA000070','列表0070','levelOneCategoryList0070','1','1','1','1','1','UA000012','1'),
	('LA000071','列表0071','levelOneCategoryList0071','1','1','1','1','1','UA000012','1'),
	('LA000072','列表0072','levelOneCategoryList0072','1','1','1','1','1','UA000012','1'),
	('LA000073','列表0073','levelOneCategoryList0073','1','1','1','1','1','UA000013','1'),
	('LA000074','列表0074','levelOneCategoryList0074','1','1','1','1','1','UA000013','1'),
	('LA000075','列表0075','levelOneCategoryList0075','1','1','1','1','1','UA000013','1'),
	('LA000076','列表0076','levelOneCategoryList0076','1','1','1','1','1','UA000013','1'),
	('LA000077','列表0077','levelOneCategoryList0077','1','1','1','1','1','UA000013','1'),
	('LA000078','列表0078','levelOneCategoryList0078','1','1','1','1','1','UA000013','1'),
	('LA000079','列表0079','levelOneCategoryList0079','1','1','1','1','1','UA000014','1'),
	('LA000080','列表0080','levelOneCategoryList0080','1','1','1','1','1','UA000014','1'),
	('LA000081','列表0081','levelOneCategoryList0081','1','1','1','1','1','UA000014','1'),
	('LA000082','列表0082','levelOneCategoryList0082','1','1','1','1','1','UA000014','1'),
	('LA000083','列表0083','levelOneCategoryList0083','1','1','1','1','1','UA000014','1'),
	('LA000084','列表0084','levelOneCategoryList0084','1','1','1','1','1','UA000014','1'),
	('LA000085','列表0085','levelOneCategoryList0085','1','1','1','1','1','UA000015','1'),
	('LA000086','列表0086','levelOneCategoryList0086','1','1','1','1','1','UA000015','1'),
	('LA000087','列表0087','levelOneCategoryList0087','1','1','1','1','1','UA000015','1'),
	('LA000088','列表0088','levelOneCategoryList0088','1','1','1','1','1','UA000015','1'),
	('LA000089','列表0089','levelOneCategoryList0089','1','1','1','1','1','UA000015','1'),
	('LA000090','列表0090','levelOneCategoryList0090','1','1','1','1','1','UA000015','1'),
	('LA000091','列表0091','levelOneCategoryList0091','1','1','1','1','1','UA000016','1'),
	('LA000092','列表0092','levelOneCategoryList0092','1','1','1','1','1','UA000016','1'),
	('LA000093','列表0093','levelOneCategoryList0093','1','1','1','1','1','UA000016','1'),
	('LA000094','列表0094','levelOneCategoryList0094','1','1','1','1','1','UA000016','1'),
	('LA000095','列表0095','levelOneCategoryList0095','1','1','1','1','1','UA000016','1'),
	('LA000096','列表0096','levelOneCategoryList0096','1','1','1','1','1','UA000016','1'),
	('LA000097','列表0097','levelOneCategoryList0097','1','1','1','1','1','UA000017','1'),
	('LA000098','列表0098','levelOneCategoryList0098','1','1','1','1','1','UA000017','1'),
	('LA000099','列表0099','levelOneCategoryList0099','1','1','1','1','1','UA000017','1'),
	('LA000100','列表0100','levelOneCategoryList0100','1','1','1','1','1','UA000017','1'),
	('LA000101','列表0101','levelOneCategoryList0101','1','1','1','1','1','UA000017','1'),
	('LA000102','列表0102','levelOneCategoryList0102','1','1','1','1','1','UA000017','1'),
	('LA000103','列表0103','levelOneCategoryList0103','1','1','1','1','1','UA000018','1'),
	('LA000104','列表0104','levelOneCategoryList0104','1','1','1','1','1','UA000018','1'),
	('LA000105','列表0105','levelOneCategoryList0105','1','1','1','1','1','UA000018','1'),
	('LA000106','列表0106','levelOneCategoryList0106','1','1','1','1','1','UA000018','1'),
	('LA000107','列表0107','levelOneCategoryList0107','1','1','1','1','1','UA000018','1'),
	('LA000108','列表0108','levelOneCategoryList0108','1','1','1','1','1','UA000018','1'),
	('LA000109','列表0109','levelOneCategoryList0109','1','1','1','1','1','UA000019','1'),
	('LA000110','列表0110','levelOneCategoryList0110','1','1','1','1','1','UA000019','1'),
	('LA000111','列表0111','levelOneCategoryList0111','1','1','1','1','1','UA000019','1'),
	('LA000112','列表0112','levelOneCategoryList0112','1','1','1','1','1','UA000019','1'),
	('LA000113','列表0113','levelOneCategoryList0113','1','1','1','1','1','UA000019','1'),
	('LA000114','列表0114','levelOneCategoryList0114','1','1','1','1','1','UA000019','1'),
	('LA000115','列表0115','levelOneCategoryList0115','1','1','1','1','1','UA000020','1'),
	('LA000116','列表0116','levelOneCategoryList0116','1','1','1','1','1','UA000020','1'),
	('LA000117','列表0117','levelOneCategoryList0117','1','1','1','1','1','UA000020','1'),
	('LA000118','列表0118','levelOneCategoryList0118','1','1','1','1','1','UA000020','1'),
	('LA000119','列表0119','levelOneCategoryList0119','1','1','1','1','1','UA000020','1'),
	('LA000120','列表0120','levelOneCategoryList0120','1','1','1','1','1','UA000020','1'),
	('LA000121','列表0121','levelOneCategoryList0121','1','1','1','1','1','UA000021','1'),
	('LA000122','列表0122','levelOneCategoryList0122','1','1','1','1','1','UA000021','1'),
	('LA000123','列表0123','levelOneCategoryList0123','1','1','1','1','1','UA000021','1'),
	('LA000124','列表0124','levelOneCategoryList0124','1','1','1','1','1','UA000021','1'),
	('LA000125','列表0125','levelOneCategoryList0125','1','1','1','1','1','UA000021','1'),
	('LA000126','列表0126','levelOneCategoryList0126','1','1','1','1','1','UA000021','1'),
	('LA000127','列表0127','levelOneCategoryList0127','1','1','1','1','1','UA000022','1'),
	('LA000128','列表0128','levelOneCategoryList0128','1','1','1','1','1','UA000022','1'),
	('LA000129','列表0129','levelOneCategoryList0129','1','1','1','1','1','UA000022','1'),
	('LA000130','列表0130','levelOneCategoryList0130','1','1','1','1','1','UA000022','1'),
	('LA000131','列表0131','levelOneCategoryList0131','1','1','1','1','1','UA000022','1'),
	('LA000132','列表0132','levelOneCategoryList0132','1','1','1','1','1','UA000022','1'),
	('LA000133','列表0133','levelOneCategoryList0133','1','1','1','1','1','UA000023','1'),
	('LA000134','列表0134','levelOneCategoryList0134','1','1','1','1','1','UA000023','1'),
	('LA000135','列表0135','levelOneCategoryList0135','1','1','1','1','1','UA000023','1'),
	('LA000136','列表0136','levelOneCategoryList0136','1','1','1','1','1','UA000023','1'),
	('LA000137','列表0137','levelOneCategoryList0137','1','1','1','1','1','UA000023','1'),
	('LA000138','列表0138','levelOneCategoryList0138','1','1','1','1','1','UA000023','1'),
	('LA000139','列表0139','levelOneCategoryList0139','1','1','1','1','1','UA000024','1'),
	('LA000140','列表0140','levelOneCategoryList0140','1','1','1','1','1','UA000024','1'),
	('LA000141','列表0141','levelOneCategoryList0141','1','1','1','1','1','UA000024','1'),
	('LA000142','列表0142','levelOneCategoryList0142','1','1','1','1','1','UA000024','1'),
	('LA000143','列表0143','levelOneCategoryList0143','1','1','1','1','1','UA000024','1'),
	('LA000144','列表0144','levelOneCategoryList0144','1','1','1','1','1','UA000024','1'),
	('LA000145','列表0145','levelOneCategoryList0145','1','1','1','1','1','UA000025','1'),
	('LA000146','列表0146','levelOneCategoryList0146','1','1','1','1','1','UA000025','1'),
	('LA000147','列表0147','levelOneCategoryList0147','1','1','1','1','1','UA000025','1'),
	('LA000148','列表0148','levelOneCategoryList0148','1','1','1','1','1','UA000025','1'),
	('LA000149','列表0149','levelOneCategoryList0149','1','1','1','1','1','UA000025','1'),
	('LA000150','列表0150','levelOneCategoryList0150','1','1','1','1','1','UA000025','1'),
	('LA000151','列表0151','levelOneCategoryList0151','1','1','1','1','1','UA000026','1'),
	('LA000152','列表0152','levelOneCategoryList0152','1','1','1','1','1','UA000026','1'),
	('LA000153','列表0153','levelOneCategoryList0153','1','1','1','1','1','UA000026','1'),
	('LA000154','列表0154','levelOneCategoryList0154','1','1','1','1','1','UA000026','1'),
	('LA000155','列表0155','levelOneCategoryList0155','1','1','1','1','1','UA000026','1'),
	('LA000156','列表0156','levelOneCategoryList0156','1','1','1','1','1','UA000026','1'),
	('LA000157','列表0157','levelOneCategoryList0157','1','1','1','1','1','UA000027','1'),
	('LA000158','列表0158','levelOneCategoryList0158','1','1','1','1','1','UA000027','1'),
	('LA000159','列表0159','levelOneCategoryList0159','1','1','1','1','1','UA000027','1'),
	('LA000160','列表0160','levelOneCategoryList0160','1','1','1','1','1','UA000027','1'),
	('LA000161','列表0161','levelOneCategoryList0161','1','1','1','1','1','UA000027','1'),
	('LA000162','列表0162','levelOneCategoryList0162','1','1','1','1','1','UA000027','1'),
	('LA000163','列表0163','levelOneCategoryList0163','1','1','1','1','1','UA000028','1'),
	('LA000164','列表0164','levelOneCategoryList0164','1','1','1','1','1','UA000028','1'),
	('LA000165','列表0165','levelOneCategoryList0165','1','1','1','1','1','UA000028','1'),
	('LA000166','列表0166','levelOneCategoryList0166','1','1','1','1','1','UA000028','1'),
	('LA000167','列表0167','levelOneCategoryList0167','1','1','1','1','1','UA000028','1'),
	('LA000168','列表0168','levelOneCategoryList0168','1','1','1','1','1','UA000028','1'),
	('LA000169','列表0169','levelOneCategoryList0169','1','1','1','1','1','UA000029','1'),
	('LA000170','列表0170','levelOneCategoryList0170','1','1','1','1','1','UA000029','1'),
	('LA000171','列表0171','levelOneCategoryList0171','1','1','1','1','1','UA000029','1'),
	('LA000172','列表0172','levelOneCategoryList0172','1','1','1','1','1','UA000029','1'),
	('LA000173','列表0173','levelOneCategoryList0173','1','1','1','1','1','UA000029','1'),
	('LA000174','列表0174','levelOneCategoryList0174','1','1','1','1','1','UA000029','1'),
	('LA000175','列表0175','levelOneCategoryList0175','1','1','1','1','1','UA000030','1'),
	('LA000176','列表0176','levelOneCategoryList0176','1','1','1','1','1','UA000030','1'),
	('LA000177','列表0177','levelOneCategoryList0177','1','1','1','1','1','UA000030','1'),
	('LA000178','列表0178','levelOneCategoryList0178','1','1','1','1','1','UA000030','1'),
	('LA000179','列表0179','levelOneCategoryList0179','1','1','1','1','1','UA000030','1'),
	('LA000180','列表0180','levelOneCategoryList0180','1','1','1','1','1','UA000030','1'),
	('LA000181','列表0181','levelOneCategoryList0181','1','1','1','1','1','UA000031','1'),
	('LA000182','列表0182','levelOneCategoryList0182','1','1','1','1','1','UA000031','1'),
	('LA000183','列表0183','levelOneCategoryList0183','1','1','1','1','1','UA000031','1'),
	('LA000184','列表0184','levelOneCategoryList0184','1','1','1','1','1','UA000031','1'),
	('LA000185','列表0185','levelOneCategoryList0185','1','1','1','1','1','UA000031','1'),
	('LA000186','列表0186','levelOneCategoryList0186','1','1','1','1','1','UA000031','1'),
	('LA000187','列表0187','levelOneCategoryList0187','1','1','1','1','1','UA000032','1'),
	('LA000188','列表0188','levelOneCategoryList0188','1','1','1','1','1','UA000032','1'),
	('LA000189','列表0189','levelOneCategoryList0189','1','1','1','1','1','UA000032','1'),
	('LA000190','列表0190','levelOneCategoryList0190','1','1','1','1','1','UA000032','1'),
	('LA000191','列表0191','levelOneCategoryList0191','1','1','1','1','1','UA000032','1'),
	('LA000192','列表0192','levelOneCategoryList0192','1','1','1','1','1','UA000032','1'),
	('LA000193','列表0193','levelOneCategoryList0193','1','1','1','1','1','UA000033','1'),
	('LA000194','列表0194','levelOneCategoryList0194','1','1','1','1','1','UA000033','1'),
	('LA000195','列表0195','levelOneCategoryList0195','1','1','1','1','1','UA000033','1'),
	('LA000196','列表0196','levelOneCategoryList0196','1','1','1','1','1','UA000033','1'),
	('LA000197','列表0197','levelOneCategoryList0197','1','1','1','1','1','UA000033','1'),
	('LA000198','列表0198','levelOneCategoryList0198','1','1','1','1','1','UA000033','1'),
	('LA000199','列表0199','levelOneCategoryList0199','1','1','1','1','1','UA000034','1'),
	('LA000200','列表0200','levelOneCategoryList0200','1','1','1','1','1','UA000034','1'),
	('LA000201','列表0201','levelOneCategoryList0201','1','1','1','1','1','UA000034','1'),
	('LA000202','列表0202','levelOneCategoryList0202','1','1','1','1','1','UA000034','1'),
	('LA000203','列表0203','levelOneCategoryList0203','1','1','1','1','1','UA000034','1'),
	('LA000204','列表0204','levelOneCategoryList0204','1','1','1','1','1','UA000034','1'),
	('LA000205','列表0205','levelOneCategoryList0205','1','1','1','1','1','UA000035','1'),
	('LA000206','列表0206','levelOneCategoryList0206','1','1','1','1','1','UA000035','1'),
	('LA000207','列表0207','levelOneCategoryList0207','1','1','1','1','1','UA000035','1'),
	('LA000208','列表0208','levelOneCategoryList0208','1','1','1','1','1','UA000035','1'),
	('LA000209','列表0209','levelOneCategoryList0209','1','1','1','1','1','UA000035','1'),
	('LA000210','列表0210','levelOneCategoryList0210','1','1','1','1','1','UA000035','1'),
	('LA000211','列表0211','levelOneCategoryList0211','1','1','1','1','1','UA000036','1'),
	('LA000212','列表0212','levelOneCategoryList0212','1','1','1','1','1','UA000036','1'),
	('LA000213','列表0213','levelOneCategoryList0213','1','1','1','1','1','UA000036','1'),
	('LA000214','列表0214','levelOneCategoryList0214','1','1','1','1','1','UA000036','1'),
	('LA000215','列表0215','levelOneCategoryList0215','1','1','1','1','1','UA000036','1'),
	('LA000216','列表0216','levelOneCategoryList0216','1','1','1','1','1','UA000036','1');

insert into object_access_data values
	('OA000001','控制访问列表1','FranchiseeStoreCountryCenter','catalogList','catalogList','catalogList','catalogList','catalogList','catalogList','catalogList','catalogList','catalogList','UA000001','1'),
	('OA000002','控制访问列表10002','AccountSet','levelOneCategoryList','levelOneCategoryList','levelOneCategoryList','levelOneCategoryList','levelOneCategoryList','levelOneCategoryList','levelOneCategoryList','levelOneCategoryList','levelOneCategoryList','UA000001','1'),
	('OA000003','控制访问列表10003','FranchiseeStoreCountryCenter','catalogList','catalogList','catalogList','catalogList','catalogList','catalogList','catalogList','catalogList','catalogList','UA000001','1'),
	('OA000004','控制访问列表10004','AccountSet','levelOneCategoryList','levelOneCategoryList','levelOneCategoryList','levelOneCategoryList','levelOneCategoryList','levelOneCategoryList','levelOneCategoryList','levelOneCategoryList','levelOneCategoryList','UA000001','1'),
	('OA000005','控制访问列表10005','FranchiseeStoreCountryCenter','catalogList','catalogList','catalogList','catalogList','catalogList','catalogList','catalogList','catalogList','catalogList','UA000001','1'),
	('OA000006','控制访问列表10006','AccountSet','levelOneCategoryList','levelOneCategoryList','levelOneCategoryList','levelOneCategoryList','levelOneCategoryList','levelOneCategoryList','levelOneCategoryList','levelOneCategoryList','levelOneCategoryList','UA000001','1'),
	('OA000007','控制访问列表10007','FranchiseeStoreCountryCenter','catalogList','catalogList','catalogList','catalogList','catalogList','catalogList','catalogList','catalogList','catalogList','UA000002','1'),
	('OA000008','控制访问列表10008','AccountSet','levelOneCategoryList','levelOneCategoryList','levelOneCategoryList','levelOneCategoryList','levelOneCategoryList','levelOneCategoryList','levelOneCategoryList','levelOneCategoryList','levelOneCategoryList','UA000002','1'),
	('OA000009','控制访问列表10009','FranchiseeStoreCountryCenter','catalogList','catalogList','catalogList','catalogList','catalogList','catalogList','catalogList','catalogList','catalogList','UA000002','1'),
	('OA000010','控制访问列表10010','AccountSet','levelOneCategoryList','levelOneCategoryList','levelOneCategoryList','levelOneCategoryList','levelOneCategoryList','levelOneCategoryList','levelOneCategoryList','levelOneCategoryList','levelOneCategoryList','UA000002','1'),
	('OA000011','控制访问列表10011','FranchiseeStoreCountryCenter','catalogList','catalogList','catalogList','catalogList','catalogList','catalogList','catalogList','catalogList','catalogList','UA000002','1'),
	('OA000012','控制访问列表10012','AccountSet','levelOneCategoryList','levelOneCategoryList','levelOneCategoryList','levelOneCategoryList','levelOneCategoryList','levelOneCategoryList','levelOneCategoryList','levelOneCategoryList','levelOneCategoryList','UA000002','1'),
	('OA000013','控制访问列表10013','FranchiseeStoreCountryCenter','catalogList','catalogList','catalogList','catalogList','catalogList','catalogList','catalogList','catalogList','catalogList','UA000003','1'),
	('OA000014','控制访问列表10014','AccountSet','levelOneCategoryList','levelOneCategoryList','levelOneCategoryList','levelOneCategoryList','levelOneCategoryList','levelOneCategoryList','levelOneCategoryList','levelOneCategoryList','levelOneCategoryList','UA000003','1'),
	('OA000015','控制访问列表10015','FranchiseeStoreCountryCenter','catalogList','catalogList','catalogList','catalogList','catalogList','catalogList','catalogList','catalogList','catalogList','UA000003','1'),
	('OA000016','控制访问列表10016','AccountSet','levelOneCategoryList','levelOneCategoryList','levelOneCategoryList','levelOneCategoryList','levelOneCategoryList','levelOneCategoryList','levelOneCategoryList','levelOneCategoryList','levelOneCategoryList','UA000003','1'),
	('OA000017','控制访问列表10017','FranchiseeStoreCountryCenter','catalogList','catalogList','catalogList','catalogList','catalogList','catalogList','catalogList','catalogList','catalogList','UA000003','1'),
	('OA000018','控制访问列表10018','AccountSet','levelOneCategoryList','levelOneCategoryList','levelOneCategoryList','levelOneCategoryList','levelOneCategoryList','levelOneCategoryList','levelOneCategoryList','levelOneCategoryList','levelOneCategoryList','UA000003','1'),
	('OA000019','控制访问列表10019','FranchiseeStoreCountryCenter','catalogList','catalogList','catalogList','catalogList','catalogList','catalogList','catalogList','catalogList','catalogList','UA000004','1'),
	('OA000020','控制访问列表10020','AccountSet','levelOneCategoryList','levelOneCategoryList','levelOneCategoryList','levelOneCategoryList','levelOneCategoryList','levelOneCategoryList','levelOneCategoryList','levelOneCategoryList','levelOneCategoryList','UA000004','1'),
	('OA000021','控制访问列表10021','FranchiseeStoreCountryCenter','catalogList','catalogList','catalogList','catalogList','catalogList','catalogList','catalogList','catalogList','catalogList','UA000004','1'),
	('OA000022','控制访问列表10022','AccountSet','levelOneCategoryList','levelOneCategoryList','levelOneCategoryList','levelOneCategoryList','levelOneCategoryList','levelOneCategoryList','levelOneCategoryList','levelOneCategoryList','levelOneCategoryList','UA000004','1'),
	('OA000023','控制访问列表10023','FranchiseeStoreCountryCenter','catalogList','catalogList','catalogList','catalogList','catalogList','catalogList','catalogList','catalogList','catalogList','UA000004','1'),
	('OA000024','控制访问列表10024','AccountSet','levelOneCategoryList','levelOneCategoryList','levelOneCategoryList','levelOneCategoryList','levelOneCategoryList','levelOneCategoryList','levelOneCategoryList','levelOneCategoryList','levelOneCategoryList','UA000004','1'),
	('OA000025','控制访问列表10025','FranchiseeStoreCountryCenter','catalogList','catalogList','catalogList','catalogList','catalogList','catalogList','catalogList','catalogList','catalogList','UA000005','1'),
	('OA000026','控制访问列表10026','AccountSet','levelOneCategoryList','levelOneCategoryList','levelOneCategoryList','levelOneCategoryList','levelOneCategoryList','levelOneCategoryList','levelOneCategoryList','levelOneCategoryList','levelOneCategoryList','UA000005','1'),
	('OA000027','控制访问列表10027','FranchiseeStoreCountryCenter','catalogList','catalogList','catalogList','catalogList','catalogList','catalogList','catalogList','catalogList','catalogList','UA000005','1'),
	('OA000028','控制访问列表10028','AccountSet','levelOneCategoryList','levelOneCategoryList','levelOneCategoryList','levelOneCategoryList','levelOneCategoryList','levelOneCategoryList','levelOneCategoryList','levelOneCategoryList','levelOneCategoryList','UA000005','1'),
	('OA000029','控制访问列表10029','FranchiseeStoreCountryCenter','catalogList','catalogList','catalogList','catalogList','catalogList','catalogList','catalogList','catalogList','catalogList','UA000005','1'),
	('OA000030','控制访问列表10030','AccountSet','levelOneCategoryList','levelOneCategoryList','levelOneCategoryList','levelOneCategoryList','levelOneCategoryList','levelOneCategoryList','levelOneCategoryList','levelOneCategoryList','levelOneCategoryList','UA000005','1'),
	('OA000031','控制访问列表10031','FranchiseeStoreCountryCenter','catalogList','catalogList','catalogList','catalogList','catalogList','catalogList','catalogList','catalogList','catalogList','UA000006','1'),
	('OA000032','控制访问列表10032','AccountSet','levelOneCategoryList','levelOneCategoryList','levelOneCategoryList','levelOneCategoryList','levelOneCategoryList','levelOneCategoryList','levelOneCategoryList','levelOneCategoryList','levelOneCategoryList','UA000006','1'),
	('OA000033','控制访问列表10033','FranchiseeStoreCountryCenter','catalogList','catalogList','catalogList','catalogList','catalogList','catalogList','catalogList','catalogList','catalogList','UA000006','1'),
	('OA000034','控制访问列表10034','AccountSet','levelOneCategoryList','levelOneCategoryList','levelOneCategoryList','levelOneCategoryList','levelOneCategoryList','levelOneCategoryList','levelOneCategoryList','levelOneCategoryList','levelOneCategoryList','UA000006','1'),
	('OA000035','控制访问列表10035','FranchiseeStoreCountryCenter','catalogList','catalogList','catalogList','catalogList','catalogList','catalogList','catalogList','catalogList','catalogList','UA000006','1'),
	('OA000036','控制访问列表10036','AccountSet','levelOneCategoryList','levelOneCategoryList','levelOneCategoryList','levelOneCategoryList','levelOneCategoryList','levelOneCategoryList','levelOneCategoryList','levelOneCategoryList','levelOneCategoryList','UA000006','1'),
	('OA000037','控制访问列表10037','FranchiseeStoreCountryCenter','catalogList','catalogList','catalogList','catalogList','catalogList','catalogList','catalogList','catalogList','catalogList','UA000007','1'),
	('OA000038','控制访问列表10038','AccountSet','levelOneCategoryList','levelOneCategoryList','levelOneCategoryList','levelOneCategoryList','levelOneCategoryList','levelOneCategoryList','levelOneCategoryList','levelOneCategoryList','levelOneCategoryList','UA000007','1'),
	('OA000039','控制访问列表10039','FranchiseeStoreCountryCenter','catalogList','catalogList','catalogList','catalogList','catalogList','catalogList','catalogList','catalogList','catalogList','UA000007','1'),
	('OA000040','控制访问列表10040','AccountSet','levelOneCategoryList','levelOneCategoryList','levelOneCategoryList','levelOneCategoryList','levelOneCategoryList','levelOneCategoryList','levelOneCategoryList','levelOneCategoryList','levelOneCategoryList','UA000007','1'),
	('OA000041','控制访问列表10041','FranchiseeStoreCountryCenter','catalogList','catalogList','catalogList','catalogList','catalogList','catalogList','catalogList','catalogList','catalogList','UA000007','1'),
	('OA000042','控制访问列表10042','AccountSet','levelOneCategoryList','levelOneCategoryList','levelOneCategoryList','levelOneCategoryList','levelOneCategoryList','levelOneCategoryList','levelOneCategoryList','levelOneCategoryList','levelOneCategoryList','UA000007','1'),
	('OA000043','控制访问列表10043','FranchiseeStoreCountryCenter','catalogList','catalogList','catalogList','catalogList','catalogList','catalogList','catalogList','catalogList','catalogList','UA000008','1'),
	('OA000044','控制访问列表10044','AccountSet','levelOneCategoryList','levelOneCategoryList','levelOneCategoryList','levelOneCategoryList','levelOneCategoryList','levelOneCategoryList','levelOneCategoryList','levelOneCategoryList','levelOneCategoryList','UA000008','1'),
	('OA000045','控制访问列表10045','FranchiseeStoreCountryCenter','catalogList','catalogList','catalogList','catalogList','catalogList','catalogList','catalogList','catalogList','catalogList','UA000008','1'),
	('OA000046','控制访问列表10046','AccountSet','levelOneCategoryList','levelOneCategoryList','levelOneCategoryList','levelOneCategoryList','levelOneCategoryList','levelOneCategoryList','levelOneCategoryList','levelOneCategoryList','levelOneCategoryList','UA000008','1'),
	('OA000047','控制访问列表10047','FranchiseeStoreCountryCenter','catalogList','catalogList','catalogList','catalogList','catalogList','catalogList','catalogList','catalogList','catalogList','UA000008','1'),
	('OA000048','控制访问列表10048','AccountSet','levelOneCategoryList','levelOneCategoryList','levelOneCategoryList','levelOneCategoryList','levelOneCategoryList','levelOneCategoryList','levelOneCategoryList','levelOneCategoryList','levelOneCategoryList','UA000008','1'),
	('OA000049','控制访问列表10049','FranchiseeStoreCountryCenter','catalogList','catalogList','catalogList','catalogList','catalogList','catalogList','catalogList','catalogList','catalogList','UA000009','1'),
	('OA000050','控制访问列表10050','AccountSet','levelOneCategoryList','levelOneCategoryList','levelOneCategoryList','levelOneCategoryList','levelOneCategoryList','levelOneCategoryList','levelOneCategoryList','levelOneCategoryList','levelOneCategoryList','UA000009','1'),
	('OA000051','控制访问列表10051','FranchiseeStoreCountryCenter','catalogList','catalogList','catalogList','catalogList','catalogList','catalogList','catalogList','catalogList','catalogList','UA000009','1'),
	('OA000052','控制访问列表10052','AccountSet','levelOneCategoryList','levelOneCategoryList','levelOneCategoryList','levelOneCategoryList','levelOneCategoryList','levelOneCategoryList','levelOneCategoryList','levelOneCategoryList','levelOneCategoryList','UA000009','1'),
	('OA000053','控制访问列表10053','FranchiseeStoreCountryCenter','catalogList','catalogList','catalogList','catalogList','catalogList','catalogList','catalogList','catalogList','catalogList','UA000009','1'),
	('OA000054','控制访问列表10054','AccountSet','levelOneCategoryList','levelOneCategoryList','levelOneCategoryList','levelOneCategoryList','levelOneCategoryList','levelOneCategoryList','levelOneCategoryList','levelOneCategoryList','levelOneCategoryList','UA000009','1'),
	('OA000055','控制访问列表10055','FranchiseeStoreCountryCenter','catalogList','catalogList','catalogList','catalogList','catalogList','catalogList','catalogList','catalogList','catalogList','UA000010','1'),
	('OA000056','控制访问列表10056','AccountSet','levelOneCategoryList','levelOneCategoryList','levelOneCategoryList','levelOneCategoryList','levelOneCategoryList','levelOneCategoryList','levelOneCategoryList','levelOneCategoryList','levelOneCategoryList','UA000010','1'),
	('OA000057','控制访问列表10057','FranchiseeStoreCountryCenter','catalogList','catalogList','catalogList','catalogList','catalogList','catalogList','catalogList','catalogList','catalogList','UA000010','1'),
	('OA000058','控制访问列表10058','AccountSet','levelOneCategoryList','levelOneCategoryList','levelOneCategoryList','levelOneCategoryList','levelOneCategoryList','levelOneCategoryList','levelOneCategoryList','levelOneCategoryList','levelOneCategoryList','UA000010','1'),
	('OA000059','控制访问列表10059','FranchiseeStoreCountryCenter','catalogList','catalogList','catalogList','catalogList','catalogList','catalogList','catalogList','catalogList','catalogList','UA000010','1'),
	('OA000060','控制访问列表10060','AccountSet','levelOneCategoryList','levelOneCategoryList','levelOneCategoryList','levelOneCategoryList','levelOneCategoryList','levelOneCategoryList','levelOneCategoryList','levelOneCategoryList','levelOneCategoryList','UA000010','1'),
	('OA000061','控制访问列表10061','FranchiseeStoreCountryCenter','catalogList','catalogList','catalogList','catalogList','catalogList','catalogList','catalogList','catalogList','catalogList','UA000011','1'),
	('OA000062','控制访问列表10062','AccountSet','levelOneCategoryList','levelOneCategoryList','levelOneCategoryList','levelOneCategoryList','levelOneCategoryList','levelOneCategoryList','levelOneCategoryList','levelOneCategoryList','levelOneCategoryList','UA000011','1'),
	('OA000063','控制访问列表10063','FranchiseeStoreCountryCenter','catalogList','catalogList','catalogList','catalogList','catalogList','catalogList','catalogList','catalogList','catalogList','UA000011','1'),
	('OA000064','控制访问列表10064','AccountSet','levelOneCategoryList','levelOneCategoryList','levelOneCategoryList','levelOneCategoryList','levelOneCategoryList','levelOneCategoryList','levelOneCategoryList','levelOneCategoryList','levelOneCategoryList','UA000011','1'),
	('OA000065','控制访问列表10065','FranchiseeStoreCountryCenter','catalogList','catalogList','catalogList','catalogList','catalogList','catalogList','catalogList','catalogList','catalogList','UA000011','1'),
	('OA000066','控制访问列表10066','AccountSet','levelOneCategoryList','levelOneCategoryList','levelOneCategoryList','levelOneCategoryList','levelOneCategoryList','levelOneCategoryList','levelOneCategoryList','levelOneCategoryList','levelOneCategoryList','UA000011','1'),
	('OA000067','控制访问列表10067','FranchiseeStoreCountryCenter','catalogList','catalogList','catalogList','catalogList','catalogList','catalogList','catalogList','catalogList','catalogList','UA000012','1'),
	('OA000068','控制访问列表10068','AccountSet','levelOneCategoryList','levelOneCategoryList','levelOneCategoryList','levelOneCategoryList','levelOneCategoryList','levelOneCategoryList','levelOneCategoryList','levelOneCategoryList','levelOneCategoryList','UA000012','1'),
	('OA000069','控制访问列表10069','FranchiseeStoreCountryCenter','catalogList','catalogList','catalogList','catalogList','catalogList','catalogList','catalogList','catalogList','catalogList','UA000012','1'),
	('OA000070','控制访问列表10070','AccountSet','levelOneCategoryList','levelOneCategoryList','levelOneCategoryList','levelOneCategoryList','levelOneCategoryList','levelOneCategoryList','levelOneCategoryList','levelOneCategoryList','levelOneCategoryList','UA000012','1'),
	('OA000071','控制访问列表10071','FranchiseeStoreCountryCenter','catalogList','catalogList','catalogList','catalogList','catalogList','catalogList','catalogList','catalogList','catalogList','UA000012','1'),
	('OA000072','控制访问列表10072','AccountSet','levelOneCategoryList','levelOneCategoryList','levelOneCategoryList','levelOneCategoryList','levelOneCategoryList','levelOneCategoryList','levelOneCategoryList','levelOneCategoryList','levelOneCategoryList','UA000012','1'),
	('OA000073','控制访问列表10073','FranchiseeStoreCountryCenter','catalogList','catalogList','catalogList','catalogList','catalogList','catalogList','catalogList','catalogList','catalogList','UA000013','1'),
	('OA000074','控制访问列表10074','AccountSet','levelOneCategoryList','levelOneCategoryList','levelOneCategoryList','levelOneCategoryList','levelOneCategoryList','levelOneCategoryList','levelOneCategoryList','levelOneCategoryList','levelOneCategoryList','UA000013','1'),
	('OA000075','控制访问列表10075','FranchiseeStoreCountryCenter','catalogList','catalogList','catalogList','catalogList','catalogList','catalogList','catalogList','catalogList','catalogList','UA000013','1'),
	('OA000076','控制访问列表10076','AccountSet','levelOneCategoryList','levelOneCategoryList','levelOneCategoryList','levelOneCategoryList','levelOneCategoryList','levelOneCategoryList','levelOneCategoryList','levelOneCategoryList','levelOneCategoryList','UA000013','1'),
	('OA000077','控制访问列表10077','FranchiseeStoreCountryCenter','catalogList','catalogList','catalogList','catalogList','catalogList','catalogList','catalogList','catalogList','catalogList','UA000013','1'),
	('OA000078','控制访问列表10078','AccountSet','levelOneCategoryList','levelOneCategoryList','levelOneCategoryList','levelOneCategoryList','levelOneCategoryList','levelOneCategoryList','levelOneCategoryList','levelOneCategoryList','levelOneCategoryList','UA000013','1'),
	('OA000079','控制访问列表10079','FranchiseeStoreCountryCenter','catalogList','catalogList','catalogList','catalogList','catalogList','catalogList','catalogList','catalogList','catalogList','UA000014','1'),
	('OA000080','控制访问列表10080','AccountSet','levelOneCategoryList','levelOneCategoryList','levelOneCategoryList','levelOneCategoryList','levelOneCategoryList','levelOneCategoryList','levelOneCategoryList','levelOneCategoryList','levelOneCategoryList','UA000014','1'),
	('OA000081','控制访问列表10081','FranchiseeStoreCountryCenter','catalogList','catalogList','catalogList','catalogList','catalogList','catalogList','catalogList','catalogList','catalogList','UA000014','1'),
	('OA000082','控制访问列表10082','AccountSet','levelOneCategoryList','levelOneCategoryList','levelOneCategoryList','levelOneCategoryList','levelOneCategoryList','levelOneCategoryList','levelOneCategoryList','levelOneCategoryList','levelOneCategoryList','UA000014','1'),
	('OA000083','控制访问列表10083','FranchiseeStoreCountryCenter','catalogList','catalogList','catalogList','catalogList','catalogList','catalogList','catalogList','catalogList','catalogList','UA000014','1'),
	('OA000084','控制访问列表10084','AccountSet','levelOneCategoryList','levelOneCategoryList','levelOneCategoryList','levelOneCategoryList','levelOneCategoryList','levelOneCategoryList','levelOneCategoryList','levelOneCategoryList','levelOneCategoryList','UA000014','1'),
	('OA000085','控制访问列表10085','FranchiseeStoreCountryCenter','catalogList','catalogList','catalogList','catalogList','catalogList','catalogList','catalogList','catalogList','catalogList','UA000015','1'),
	('OA000086','控制访问列表10086','AccountSet','levelOneCategoryList','levelOneCategoryList','levelOneCategoryList','levelOneCategoryList','levelOneCategoryList','levelOneCategoryList','levelOneCategoryList','levelOneCategoryList','levelOneCategoryList','UA000015','1'),
	('OA000087','控制访问列表10087','FranchiseeStoreCountryCenter','catalogList','catalogList','catalogList','catalogList','catalogList','catalogList','catalogList','catalogList','catalogList','UA000015','1'),
	('OA000088','控制访问列表10088','AccountSet','levelOneCategoryList','levelOneCategoryList','levelOneCategoryList','levelOneCategoryList','levelOneCategoryList','levelOneCategoryList','levelOneCategoryList','levelOneCategoryList','levelOneCategoryList','UA000015','1'),
	('OA000089','控制访问列表10089','FranchiseeStoreCountryCenter','catalogList','catalogList','catalogList','catalogList','catalogList','catalogList','catalogList','catalogList','catalogList','UA000015','1'),
	('OA000090','控制访问列表10090','AccountSet','levelOneCategoryList','levelOneCategoryList','levelOneCategoryList','levelOneCategoryList','levelOneCategoryList','levelOneCategoryList','levelOneCategoryList','levelOneCategoryList','levelOneCategoryList','UA000015','1'),
	('OA000091','控制访问列表10091','FranchiseeStoreCountryCenter','catalogList','catalogList','catalogList','catalogList','catalogList','catalogList','catalogList','catalogList','catalogList','UA000016','1'),
	('OA000092','控制访问列表10092','AccountSet','levelOneCategoryList','levelOneCategoryList','levelOneCategoryList','levelOneCategoryList','levelOneCategoryList','levelOneCategoryList','levelOneCategoryList','levelOneCategoryList','levelOneCategoryList','UA000016','1'),
	('OA000093','控制访问列表10093','FranchiseeStoreCountryCenter','catalogList','catalogList','catalogList','catalogList','catalogList','catalogList','catalogList','catalogList','catalogList','UA000016','1'),
	('OA000094','控制访问列表10094','AccountSet','levelOneCategoryList','levelOneCategoryList','levelOneCategoryList','levelOneCategoryList','levelOneCategoryList','levelOneCategoryList','levelOneCategoryList','levelOneCategoryList','levelOneCategoryList','UA000016','1'),
	('OA000095','控制访问列表10095','FranchiseeStoreCountryCenter','catalogList','catalogList','catalogList','catalogList','catalogList','catalogList','catalogList','catalogList','catalogList','UA000016','1'),
	('OA000096','控制访问列表10096','AccountSet','levelOneCategoryList','levelOneCategoryList','levelOneCategoryList','levelOneCategoryList','levelOneCategoryList','levelOneCategoryList','levelOneCategoryList','levelOneCategoryList','levelOneCategoryList','UA000016','1'),
	('OA000097','控制访问列表10097','FranchiseeStoreCountryCenter','catalogList','catalogList','catalogList','catalogList','catalogList','catalogList','catalogList','catalogList','catalogList','UA000017','1'),
	('OA000098','控制访问列表10098','AccountSet','levelOneCategoryList','levelOneCategoryList','levelOneCategoryList','levelOneCategoryList','levelOneCategoryList','levelOneCategoryList','levelOneCategoryList','levelOneCategoryList','levelOneCategoryList','UA000017','1'),
	('OA000099','控制访问列表10099','FranchiseeStoreCountryCenter','catalogList','catalogList','catalogList','catalogList','catalogList','catalogList','catalogList','catalogList','catalogList','UA000017','1'),
	('OA000100','控制访问列表10100','AccountSet','levelOneCategoryList','levelOneCategoryList','levelOneCategoryList','levelOneCategoryList','levelOneCategoryList','levelOneCategoryList','levelOneCategoryList','levelOneCategoryList','levelOneCategoryList','UA000017','1'),
	('OA000101','控制访问列表10101','FranchiseeStoreCountryCenter','catalogList','catalogList','catalogList','catalogList','catalogList','catalogList','catalogList','catalogList','catalogList','UA000017','1'),
	('OA000102','控制访问列表10102','AccountSet','levelOneCategoryList','levelOneCategoryList','levelOneCategoryList','levelOneCategoryList','levelOneCategoryList','levelOneCategoryList','levelOneCategoryList','levelOneCategoryList','levelOneCategoryList','UA000017','1'),
	('OA000103','控制访问列表10103','FranchiseeStoreCountryCenter','catalogList','catalogList','catalogList','catalogList','catalogList','catalogList','catalogList','catalogList','catalogList','UA000018','1'),
	('OA000104','控制访问列表10104','AccountSet','levelOneCategoryList','levelOneCategoryList','levelOneCategoryList','levelOneCategoryList','levelOneCategoryList','levelOneCategoryList','levelOneCategoryList','levelOneCategoryList','levelOneCategoryList','UA000018','1'),
	('OA000105','控制访问列表10105','FranchiseeStoreCountryCenter','catalogList','catalogList','catalogList','catalogList','catalogList','catalogList','catalogList','catalogList','catalogList','UA000018','1'),
	('OA000106','控制访问列表10106','AccountSet','levelOneCategoryList','levelOneCategoryList','levelOneCategoryList','levelOneCategoryList','levelOneCategoryList','levelOneCategoryList','levelOneCategoryList','levelOneCategoryList','levelOneCategoryList','UA000018','1'),
	('OA000107','控制访问列表10107','FranchiseeStoreCountryCenter','catalogList','catalogList','catalogList','catalogList','catalogList','catalogList','catalogList','catalogList','catalogList','UA000018','1'),
	('OA000108','控制访问列表10108','AccountSet','levelOneCategoryList','levelOneCategoryList','levelOneCategoryList','levelOneCategoryList','levelOneCategoryList','levelOneCategoryList','levelOneCategoryList','levelOneCategoryList','levelOneCategoryList','UA000018','1'),
	('OA000109','控制访问列表10109','FranchiseeStoreCountryCenter','catalogList','catalogList','catalogList','catalogList','catalogList','catalogList','catalogList','catalogList','catalogList','UA000019','1'),
	('OA000110','控制访问列表10110','AccountSet','levelOneCategoryList','levelOneCategoryList','levelOneCategoryList','levelOneCategoryList','levelOneCategoryList','levelOneCategoryList','levelOneCategoryList','levelOneCategoryList','levelOneCategoryList','UA000019','1'),
	('OA000111','控制访问列表10111','FranchiseeStoreCountryCenter','catalogList','catalogList','catalogList','catalogList','catalogList','catalogList','catalogList','catalogList','catalogList','UA000019','1'),
	('OA000112','控制访问列表10112','AccountSet','levelOneCategoryList','levelOneCategoryList','levelOneCategoryList','levelOneCategoryList','levelOneCategoryList','levelOneCategoryList','levelOneCategoryList','levelOneCategoryList','levelOneCategoryList','UA000019','1'),
	('OA000113','控制访问列表10113','FranchiseeStoreCountryCenter','catalogList','catalogList','catalogList','catalogList','catalogList','catalogList','catalogList','catalogList','catalogList','UA000019','1'),
	('OA000114','控制访问列表10114','AccountSet','levelOneCategoryList','levelOneCategoryList','levelOneCategoryList','levelOneCategoryList','levelOneCategoryList','levelOneCategoryList','levelOneCategoryList','levelOneCategoryList','levelOneCategoryList','UA000019','1'),
	('OA000115','控制访问列表10115','FranchiseeStoreCountryCenter','catalogList','catalogList','catalogList','catalogList','catalogList','catalogList','catalogList','catalogList','catalogList','UA000020','1'),
	('OA000116','控制访问列表10116','AccountSet','levelOneCategoryList','levelOneCategoryList','levelOneCategoryList','levelOneCategoryList','levelOneCategoryList','levelOneCategoryList','levelOneCategoryList','levelOneCategoryList','levelOneCategoryList','UA000020','1'),
	('OA000117','控制访问列表10117','FranchiseeStoreCountryCenter','catalogList','catalogList','catalogList','catalogList','catalogList','catalogList','catalogList','catalogList','catalogList','UA000020','1'),
	('OA000118','控制访问列表10118','AccountSet','levelOneCategoryList','levelOneCategoryList','levelOneCategoryList','levelOneCategoryList','levelOneCategoryList','levelOneCategoryList','levelOneCategoryList','levelOneCategoryList','levelOneCategoryList','UA000020','1'),
	('OA000119','控制访问列表10119','FranchiseeStoreCountryCenter','catalogList','catalogList','catalogList','catalogList','catalogList','catalogList','catalogList','catalogList','catalogList','UA000020','1'),
	('OA000120','控制访问列表10120','AccountSet','levelOneCategoryList','levelOneCategoryList','levelOneCategoryList','levelOneCategoryList','levelOneCategoryList','levelOneCategoryList','levelOneCategoryList','levelOneCategoryList','levelOneCategoryList','UA000020','1'),
	('OA000121','控制访问列表10121','FranchiseeStoreCountryCenter','catalogList','catalogList','catalogList','catalogList','catalogList','catalogList','catalogList','catalogList','catalogList','UA000021','1'),
	('OA000122','控制访问列表10122','AccountSet','levelOneCategoryList','levelOneCategoryList','levelOneCategoryList','levelOneCategoryList','levelOneCategoryList','levelOneCategoryList','levelOneCategoryList','levelOneCategoryList','levelOneCategoryList','UA000021','1'),
	('OA000123','控制访问列表10123','FranchiseeStoreCountryCenter','catalogList','catalogList','catalogList','catalogList','catalogList','catalogList','catalogList','catalogList','catalogList','UA000021','1'),
	('OA000124','控制访问列表10124','AccountSet','levelOneCategoryList','levelOneCategoryList','levelOneCategoryList','levelOneCategoryList','levelOneCategoryList','levelOneCategoryList','levelOneCategoryList','levelOneCategoryList','levelOneCategoryList','UA000021','1'),
	('OA000125','控制访问列表10125','FranchiseeStoreCountryCenter','catalogList','catalogList','catalogList','catalogList','catalogList','catalogList','catalogList','catalogList','catalogList','UA000021','1'),
	('OA000126','控制访问列表10126','AccountSet','levelOneCategoryList','levelOneCategoryList','levelOneCategoryList','levelOneCategoryList','levelOneCategoryList','levelOneCategoryList','levelOneCategoryList','levelOneCategoryList','levelOneCategoryList','UA000021','1'),
	('OA000127','控制访问列表10127','FranchiseeStoreCountryCenter','catalogList','catalogList','catalogList','catalogList','catalogList','catalogList','catalogList','catalogList','catalogList','UA000022','1'),
	('OA000128','控制访问列表10128','AccountSet','levelOneCategoryList','levelOneCategoryList','levelOneCategoryList','levelOneCategoryList','levelOneCategoryList','levelOneCategoryList','levelOneCategoryList','levelOneCategoryList','levelOneCategoryList','UA000022','1'),
	('OA000129','控制访问列表10129','FranchiseeStoreCountryCenter','catalogList','catalogList','catalogList','catalogList','catalogList','catalogList','catalogList','catalogList','catalogList','UA000022','1'),
	('OA000130','控制访问列表10130','AccountSet','levelOneCategoryList','levelOneCategoryList','levelOneCategoryList','levelOneCategoryList','levelOneCategoryList','levelOneCategoryList','levelOneCategoryList','levelOneCategoryList','levelOneCategoryList','UA000022','1'),
	('OA000131','控制访问列表10131','FranchiseeStoreCountryCenter','catalogList','catalogList','catalogList','catalogList','catalogList','catalogList','catalogList','catalogList','catalogList','UA000022','1'),
	('OA000132','控制访问列表10132','AccountSet','levelOneCategoryList','levelOneCategoryList','levelOneCategoryList','levelOneCategoryList','levelOneCategoryList','levelOneCategoryList','levelOneCategoryList','levelOneCategoryList','levelOneCategoryList','UA000022','1'),
	('OA000133','控制访问列表10133','FranchiseeStoreCountryCenter','catalogList','catalogList','catalogList','catalogList','catalogList','catalogList','catalogList','catalogList','catalogList','UA000023','1'),
	('OA000134','控制访问列表10134','AccountSet','levelOneCategoryList','levelOneCategoryList','levelOneCategoryList','levelOneCategoryList','levelOneCategoryList','levelOneCategoryList','levelOneCategoryList','levelOneCategoryList','levelOneCategoryList','UA000023','1'),
	('OA000135','控制访问列表10135','FranchiseeStoreCountryCenter','catalogList','catalogList','catalogList','catalogList','catalogList','catalogList','catalogList','catalogList','catalogList','UA000023','1'),
	('OA000136','控制访问列表10136','AccountSet','levelOneCategoryList','levelOneCategoryList','levelOneCategoryList','levelOneCategoryList','levelOneCategoryList','levelOneCategoryList','levelOneCategoryList','levelOneCategoryList','levelOneCategoryList','UA000023','1'),
	('OA000137','控制访问列表10137','FranchiseeStoreCountryCenter','catalogList','catalogList','catalogList','catalogList','catalogList','catalogList','catalogList','catalogList','catalogList','UA000023','1'),
	('OA000138','控制访问列表10138','AccountSet','levelOneCategoryList','levelOneCategoryList','levelOneCategoryList','levelOneCategoryList','levelOneCategoryList','levelOneCategoryList','levelOneCategoryList','levelOneCategoryList','levelOneCategoryList','UA000023','1'),
	('OA000139','控制访问列表10139','FranchiseeStoreCountryCenter','catalogList','catalogList','catalogList','catalogList','catalogList','catalogList','catalogList','catalogList','catalogList','UA000024','1'),
	('OA000140','控制访问列表10140','AccountSet','levelOneCategoryList','levelOneCategoryList','levelOneCategoryList','levelOneCategoryList','levelOneCategoryList','levelOneCategoryList','levelOneCategoryList','levelOneCategoryList','levelOneCategoryList','UA000024','1'),
	('OA000141','控制访问列表10141','FranchiseeStoreCountryCenter','catalogList','catalogList','catalogList','catalogList','catalogList','catalogList','catalogList','catalogList','catalogList','UA000024','1'),
	('OA000142','控制访问列表10142','AccountSet','levelOneCategoryList','levelOneCategoryList','levelOneCategoryList','levelOneCategoryList','levelOneCategoryList','levelOneCategoryList','levelOneCategoryList','levelOneCategoryList','levelOneCategoryList','UA000024','1'),
	('OA000143','控制访问列表10143','FranchiseeStoreCountryCenter','catalogList','catalogList','catalogList','catalogList','catalogList','catalogList','catalogList','catalogList','catalogList','UA000024','1'),
	('OA000144','控制访问列表10144','AccountSet','levelOneCategoryList','levelOneCategoryList','levelOneCategoryList','levelOneCategoryList','levelOneCategoryList','levelOneCategoryList','levelOneCategoryList','levelOneCategoryList','levelOneCategoryList','UA000024','1'),
	('OA000145','控制访问列表10145','FranchiseeStoreCountryCenter','catalogList','catalogList','catalogList','catalogList','catalogList','catalogList','catalogList','catalogList','catalogList','UA000025','1'),
	('OA000146','控制访问列表10146','AccountSet','levelOneCategoryList','levelOneCategoryList','levelOneCategoryList','levelOneCategoryList','levelOneCategoryList','levelOneCategoryList','levelOneCategoryList','levelOneCategoryList','levelOneCategoryList','UA000025','1'),
	('OA000147','控制访问列表10147','FranchiseeStoreCountryCenter','catalogList','catalogList','catalogList','catalogList','catalogList','catalogList','catalogList','catalogList','catalogList','UA000025','1'),
	('OA000148','控制访问列表10148','AccountSet','levelOneCategoryList','levelOneCategoryList','levelOneCategoryList','levelOneCategoryList','levelOneCategoryList','levelOneCategoryList','levelOneCategoryList','levelOneCategoryList','levelOneCategoryList','UA000025','1'),
	('OA000149','控制访问列表10149','FranchiseeStoreCountryCenter','catalogList','catalogList','catalogList','catalogList','catalogList','catalogList','catalogList','catalogList','catalogList','UA000025','1'),
	('OA000150','控制访问列表10150','AccountSet','levelOneCategoryList','levelOneCategoryList','levelOneCategoryList','levelOneCategoryList','levelOneCategoryList','levelOneCategoryList','levelOneCategoryList','levelOneCategoryList','levelOneCategoryList','UA000025','1'),
	('OA000151','控制访问列表10151','FranchiseeStoreCountryCenter','catalogList','catalogList','catalogList','catalogList','catalogList','catalogList','catalogList','catalogList','catalogList','UA000026','1'),
	('OA000152','控制访问列表10152','AccountSet','levelOneCategoryList','levelOneCategoryList','levelOneCategoryList','levelOneCategoryList','levelOneCategoryList','levelOneCategoryList','levelOneCategoryList','levelOneCategoryList','levelOneCategoryList','UA000026','1'),
	('OA000153','控制访问列表10153','FranchiseeStoreCountryCenter','catalogList','catalogList','catalogList','catalogList','catalogList','catalogList','catalogList','catalogList','catalogList','UA000026','1'),
	('OA000154','控制访问列表10154','AccountSet','levelOneCategoryList','levelOneCategoryList','levelOneCategoryList','levelOneCategoryList','levelOneCategoryList','levelOneCategoryList','levelOneCategoryList','levelOneCategoryList','levelOneCategoryList','UA000026','1'),
	('OA000155','控制访问列表10155','FranchiseeStoreCountryCenter','catalogList','catalogList','catalogList','catalogList','catalogList','catalogList','catalogList','catalogList','catalogList','UA000026','1'),
	('OA000156','控制访问列表10156','AccountSet','levelOneCategoryList','levelOneCategoryList','levelOneCategoryList','levelOneCategoryList','levelOneCategoryList','levelOneCategoryList','levelOneCategoryList','levelOneCategoryList','levelOneCategoryList','UA000026','1'),
	('OA000157','控制访问列表10157','FranchiseeStoreCountryCenter','catalogList','catalogList','catalogList','catalogList','catalogList','catalogList','catalogList','catalogList','catalogList','UA000027','1'),
	('OA000158','控制访问列表10158','AccountSet','levelOneCategoryList','levelOneCategoryList','levelOneCategoryList','levelOneCategoryList','levelOneCategoryList','levelOneCategoryList','levelOneCategoryList','levelOneCategoryList','levelOneCategoryList','UA000027','1'),
	('OA000159','控制访问列表10159','FranchiseeStoreCountryCenter','catalogList','catalogList','catalogList','catalogList','catalogList','catalogList','catalogList','catalogList','catalogList','UA000027','1'),
	('OA000160','控制访问列表10160','AccountSet','levelOneCategoryList','levelOneCategoryList','levelOneCategoryList','levelOneCategoryList','levelOneCategoryList','levelOneCategoryList','levelOneCategoryList','levelOneCategoryList','levelOneCategoryList','UA000027','1'),
	('OA000161','控制访问列表10161','FranchiseeStoreCountryCenter','catalogList','catalogList','catalogList','catalogList','catalogList','catalogList','catalogList','catalogList','catalogList','UA000027','1'),
	('OA000162','控制访问列表10162','AccountSet','levelOneCategoryList','levelOneCategoryList','levelOneCategoryList','levelOneCategoryList','levelOneCategoryList','levelOneCategoryList','levelOneCategoryList','levelOneCategoryList','levelOneCategoryList','UA000027','1'),
	('OA000163','控制访问列表10163','FranchiseeStoreCountryCenter','catalogList','catalogList','catalogList','catalogList','catalogList','catalogList','catalogList','catalogList','catalogList','UA000028','1'),
	('OA000164','控制访问列表10164','AccountSet','levelOneCategoryList','levelOneCategoryList','levelOneCategoryList','levelOneCategoryList','levelOneCategoryList','levelOneCategoryList','levelOneCategoryList','levelOneCategoryList','levelOneCategoryList','UA000028','1'),
	('OA000165','控制访问列表10165','FranchiseeStoreCountryCenter','catalogList','catalogList','catalogList','catalogList','catalogList','catalogList','catalogList','catalogList','catalogList','UA000028','1'),
	('OA000166','控制访问列表10166','AccountSet','levelOneCategoryList','levelOneCategoryList','levelOneCategoryList','levelOneCategoryList','levelOneCategoryList','levelOneCategoryList','levelOneCategoryList','levelOneCategoryList','levelOneCategoryList','UA000028','1'),
	('OA000167','控制访问列表10167','FranchiseeStoreCountryCenter','catalogList','catalogList','catalogList','catalogList','catalogList','catalogList','catalogList','catalogList','catalogList','UA000028','1'),
	('OA000168','控制访问列表10168','AccountSet','levelOneCategoryList','levelOneCategoryList','levelOneCategoryList','levelOneCategoryList','levelOneCategoryList','levelOneCategoryList','levelOneCategoryList','levelOneCategoryList','levelOneCategoryList','UA000028','1'),
	('OA000169','控制访问列表10169','FranchiseeStoreCountryCenter','catalogList','catalogList','catalogList','catalogList','catalogList','catalogList','catalogList','catalogList','catalogList','UA000029','1'),
	('OA000170','控制访问列表10170','AccountSet','levelOneCategoryList','levelOneCategoryList','levelOneCategoryList','levelOneCategoryList','levelOneCategoryList','levelOneCategoryList','levelOneCategoryList','levelOneCategoryList','levelOneCategoryList','UA000029','1'),
	('OA000171','控制访问列表10171','FranchiseeStoreCountryCenter','catalogList','catalogList','catalogList','catalogList','catalogList','catalogList','catalogList','catalogList','catalogList','UA000029','1'),
	('OA000172','控制访问列表10172','AccountSet','levelOneCategoryList','levelOneCategoryList','levelOneCategoryList','levelOneCategoryList','levelOneCategoryList','levelOneCategoryList','levelOneCategoryList','levelOneCategoryList','levelOneCategoryList','UA000029','1'),
	('OA000173','控制访问列表10173','FranchiseeStoreCountryCenter','catalogList','catalogList','catalogList','catalogList','catalogList','catalogList','catalogList','catalogList','catalogList','UA000029','1'),
	('OA000174','控制访问列表10174','AccountSet','levelOneCategoryList','levelOneCategoryList','levelOneCategoryList','levelOneCategoryList','levelOneCategoryList','levelOneCategoryList','levelOneCategoryList','levelOneCategoryList','levelOneCategoryList','UA000029','1'),
	('OA000175','控制访问列表10175','FranchiseeStoreCountryCenter','catalogList','catalogList','catalogList','catalogList','catalogList','catalogList','catalogList','catalogList','catalogList','UA000030','1'),
	('OA000176','控制访问列表10176','AccountSet','levelOneCategoryList','levelOneCategoryList','levelOneCategoryList','levelOneCategoryList','levelOneCategoryList','levelOneCategoryList','levelOneCategoryList','levelOneCategoryList','levelOneCategoryList','UA000030','1'),
	('OA000177','控制访问列表10177','FranchiseeStoreCountryCenter','catalogList','catalogList','catalogList','catalogList','catalogList','catalogList','catalogList','catalogList','catalogList','UA000030','1'),
	('OA000178','控制访问列表10178','AccountSet','levelOneCategoryList','levelOneCategoryList','levelOneCategoryList','levelOneCategoryList','levelOneCategoryList','levelOneCategoryList','levelOneCategoryList','levelOneCategoryList','levelOneCategoryList','UA000030','1'),
	('OA000179','控制访问列表10179','FranchiseeStoreCountryCenter','catalogList','catalogList','catalogList','catalogList','catalogList','catalogList','catalogList','catalogList','catalogList','UA000030','1'),
	('OA000180','控制访问列表10180','AccountSet','levelOneCategoryList','levelOneCategoryList','levelOneCategoryList','levelOneCategoryList','levelOneCategoryList','levelOneCategoryList','levelOneCategoryList','levelOneCategoryList','levelOneCategoryList','UA000030','1'),
	('OA000181','控制访问列表10181','FranchiseeStoreCountryCenter','catalogList','catalogList','catalogList','catalogList','catalogList','catalogList','catalogList','catalogList','catalogList','UA000031','1'),
	('OA000182','控制访问列表10182','AccountSet','levelOneCategoryList','levelOneCategoryList','levelOneCategoryList','levelOneCategoryList','levelOneCategoryList','levelOneCategoryList','levelOneCategoryList','levelOneCategoryList','levelOneCategoryList','UA000031','1'),
	('OA000183','控制访问列表10183','FranchiseeStoreCountryCenter','catalogList','catalogList','catalogList','catalogList','catalogList','catalogList','catalogList','catalogList','catalogList','UA000031','1'),
	('OA000184','控制访问列表10184','AccountSet','levelOneCategoryList','levelOneCategoryList','levelOneCategoryList','levelOneCategoryList','levelOneCategoryList','levelOneCategoryList','levelOneCategoryList','levelOneCategoryList','levelOneCategoryList','UA000031','1'),
	('OA000185','控制访问列表10185','FranchiseeStoreCountryCenter','catalogList','catalogList','catalogList','catalogList','catalogList','catalogList','catalogList','catalogList','catalogList','UA000031','1'),
	('OA000186','控制访问列表10186','AccountSet','levelOneCategoryList','levelOneCategoryList','levelOneCategoryList','levelOneCategoryList','levelOneCategoryList','levelOneCategoryList','levelOneCategoryList','levelOneCategoryList','levelOneCategoryList','UA000031','1'),
	('OA000187','控制访问列表10187','FranchiseeStoreCountryCenter','catalogList','catalogList','catalogList','catalogList','catalogList','catalogList','catalogList','catalogList','catalogList','UA000032','1'),
	('OA000188','控制访问列表10188','AccountSet','levelOneCategoryList','levelOneCategoryList','levelOneCategoryList','levelOneCategoryList','levelOneCategoryList','levelOneCategoryList','levelOneCategoryList','levelOneCategoryList','levelOneCategoryList','UA000032','1'),
	('OA000189','控制访问列表10189','FranchiseeStoreCountryCenter','catalogList','catalogList','catalogList','catalogList','catalogList','catalogList','catalogList','catalogList','catalogList','UA000032','1'),
	('OA000190','控制访问列表10190','AccountSet','levelOneCategoryList','levelOneCategoryList','levelOneCategoryList','levelOneCategoryList','levelOneCategoryList','levelOneCategoryList','levelOneCategoryList','levelOneCategoryList','levelOneCategoryList','UA000032','1'),
	('OA000191','控制访问列表10191','FranchiseeStoreCountryCenter','catalogList','catalogList','catalogList','catalogList','catalogList','catalogList','catalogList','catalogList','catalogList','UA000032','1'),
	('OA000192','控制访问列表10192','AccountSet','levelOneCategoryList','levelOneCategoryList','levelOneCategoryList','levelOneCategoryList','levelOneCategoryList','levelOneCategoryList','levelOneCategoryList','levelOneCategoryList','levelOneCategoryList','UA000032','1'),
	('OA000193','控制访问列表10193','FranchiseeStoreCountryCenter','catalogList','catalogList','catalogList','catalogList','catalogList','catalogList','catalogList','catalogList','catalogList','UA000033','1'),
	('OA000194','控制访问列表10194','AccountSet','levelOneCategoryList','levelOneCategoryList','levelOneCategoryList','levelOneCategoryList','levelOneCategoryList','levelOneCategoryList','levelOneCategoryList','levelOneCategoryList','levelOneCategoryList','UA000033','1'),
	('OA000195','控制访问列表10195','FranchiseeStoreCountryCenter','catalogList','catalogList','catalogList','catalogList','catalogList','catalogList','catalogList','catalogList','catalogList','UA000033','1'),
	('OA000196','控制访问列表10196','AccountSet','levelOneCategoryList','levelOneCategoryList','levelOneCategoryList','levelOneCategoryList','levelOneCategoryList','levelOneCategoryList','levelOneCategoryList','levelOneCategoryList','levelOneCategoryList','UA000033','1'),
	('OA000197','控制访问列表10197','FranchiseeStoreCountryCenter','catalogList','catalogList','catalogList','catalogList','catalogList','catalogList','catalogList','catalogList','catalogList','UA000033','1'),
	('OA000198','控制访问列表10198','AccountSet','levelOneCategoryList','levelOneCategoryList','levelOneCategoryList','levelOneCategoryList','levelOneCategoryList','levelOneCategoryList','levelOneCategoryList','levelOneCategoryList','levelOneCategoryList','UA000033','1'),
	('OA000199','控制访问列表10199','FranchiseeStoreCountryCenter','catalogList','catalogList','catalogList','catalogList','catalogList','catalogList','catalogList','catalogList','catalogList','UA000034','1'),
	('OA000200','控制访问列表10200','AccountSet','levelOneCategoryList','levelOneCategoryList','levelOneCategoryList','levelOneCategoryList','levelOneCategoryList','levelOneCategoryList','levelOneCategoryList','levelOneCategoryList','levelOneCategoryList','UA000034','1'),
	('OA000201','控制访问列表10201','FranchiseeStoreCountryCenter','catalogList','catalogList','catalogList','catalogList','catalogList','catalogList','catalogList','catalogList','catalogList','UA000034','1'),
	('OA000202','控制访问列表10202','AccountSet','levelOneCategoryList','levelOneCategoryList','levelOneCategoryList','levelOneCategoryList','levelOneCategoryList','levelOneCategoryList','levelOneCategoryList','levelOneCategoryList','levelOneCategoryList','UA000034','1'),
	('OA000203','控制访问列表10203','FranchiseeStoreCountryCenter','catalogList','catalogList','catalogList','catalogList','catalogList','catalogList','catalogList','catalogList','catalogList','UA000034','1'),
	('OA000204','控制访问列表10204','AccountSet','levelOneCategoryList','levelOneCategoryList','levelOneCategoryList','levelOneCategoryList','levelOneCategoryList','levelOneCategoryList','levelOneCategoryList','levelOneCategoryList','levelOneCategoryList','UA000034','1'),
	('OA000205','控制访问列表10205','FranchiseeStoreCountryCenter','catalogList','catalogList','catalogList','catalogList','catalogList','catalogList','catalogList','catalogList','catalogList','UA000035','1'),
	('OA000206','控制访问列表10206','AccountSet','levelOneCategoryList','levelOneCategoryList','levelOneCategoryList','levelOneCategoryList','levelOneCategoryList','levelOneCategoryList','levelOneCategoryList','levelOneCategoryList','levelOneCategoryList','UA000035','1'),
	('OA000207','控制访问列表10207','FranchiseeStoreCountryCenter','catalogList','catalogList','catalogList','catalogList','catalogList','catalogList','catalogList','catalogList','catalogList','UA000035','1'),
	('OA000208','控制访问列表10208','AccountSet','levelOneCategoryList','levelOneCategoryList','levelOneCategoryList','levelOneCategoryList','levelOneCategoryList','levelOneCategoryList','levelOneCategoryList','levelOneCategoryList','levelOneCategoryList','UA000035','1'),
	('OA000209','控制访问列表10209','FranchiseeStoreCountryCenter','catalogList','catalogList','catalogList','catalogList','catalogList','catalogList','catalogList','catalogList','catalogList','UA000035','1'),
	('OA000210','控制访问列表10210','AccountSet','levelOneCategoryList','levelOneCategoryList','levelOneCategoryList','levelOneCategoryList','levelOneCategoryList','levelOneCategoryList','levelOneCategoryList','levelOneCategoryList','levelOneCategoryList','UA000035','1'),
	('OA000211','控制访问列表10211','FranchiseeStoreCountryCenter','catalogList','catalogList','catalogList','catalogList','catalogList','catalogList','catalogList','catalogList','catalogList','UA000036','1'),
	('OA000212','控制访问列表10212','AccountSet','levelOneCategoryList','levelOneCategoryList','levelOneCategoryList','levelOneCategoryList','levelOneCategoryList','levelOneCategoryList','levelOneCategoryList','levelOneCategoryList','levelOneCategoryList','UA000036','1'),
	('OA000213','控制访问列表10213','FranchiseeStoreCountryCenter','catalogList','catalogList','catalogList','catalogList','catalogList','catalogList','catalogList','catalogList','catalogList','UA000036','1'),
	('OA000214','控制访问列表10214','AccountSet','levelOneCategoryList','levelOneCategoryList','levelOneCategoryList','levelOneCategoryList','levelOneCategoryList','levelOneCategoryList','levelOneCategoryList','levelOneCategoryList','levelOneCategoryList','UA000036','1'),
	('OA000215','控制访问列表10215','FranchiseeStoreCountryCenter','catalogList','catalogList','catalogList','catalogList','catalogList','catalogList','catalogList','catalogList','catalogList','UA000036','1'),
	('OA000216','控制访问列表10216','AccountSet','levelOneCategoryList','levelOneCategoryList','levelOneCategoryList','levelOneCategoryList','levelOneCategoryList','levelOneCategoryList','levelOneCategoryList','levelOneCategoryList','levelOneCategoryList','UA000036','1');

insert into login_history_data values
	('LH000001','2019-11-04 16:04:27','192.168.1.1','登陆成功','SU000001','1'),
	('LH000002','2019-10-21 01:26:58','192.168.1.2','登陆成功0002','SU000001','1'),
	('LH000003','2019-11-03 01:22:31','192.168.1.1','登陆成功0003','SU000001','1'),
	('LH000004','2019-11-05 04:47:26','192.168.1.2','登陆成功0004','SU000001','1'),
	('LH000005','2019-10-18 14:44:43','192.168.1.1','登陆成功0005','SU000001','1'),
	('LH000006','2019-10-23 01:40:07','192.168.1.2','登陆成功0006','SU000001','1'),
	('LH000007','2019-10-19 02:59:53','192.168.1.1','登陆成功0007','SU000002','1'),
	('LH000008','2019-10-29 17:55:08','192.168.1.2','登陆成功0008','SU000002','1'),
	('LH000009','2019-10-23 14:27:03','192.168.1.1','登陆成功0009','SU000002','1'),
	('LH000010','2019-10-23 13:57:51','192.168.1.2','登陆成功0010','SU000002','1'),
	('LH000011','2019-11-06 03:11:49','192.168.1.1','登陆成功0011','SU000002','1'),
	('LH000012','2019-11-06 13:06:26','192.168.1.2','登陆成功0012','SU000002','1'),
	('LH000013','2019-10-30 18:38:31','192.168.1.1','登陆成功0013','SU000003','1'),
	('LH000014','2019-10-21 16:32:01','192.168.1.2','登陆成功0014','SU000003','1'),
	('LH000015','2019-10-23 02:46:57','192.168.1.1','登陆成功0015','SU000003','1'),
	('LH000016','2019-10-29 19:04:14','192.168.1.2','登陆成功0016','SU000003','1'),
	('LH000017','2019-11-06 05:16:37','192.168.1.1','登陆成功0017','SU000003','1'),
	('LH000018','2019-10-21 01:59:01','192.168.1.2','登陆成功0018','SU000003','1'),
	('LH000019','2019-10-25 10:38:20','192.168.1.1','登陆成功0019','SU000004','1'),
	('LH000020','2019-10-28 19:22:22','192.168.1.2','登陆成功0020','SU000004','1'),
	('LH000021','2019-11-06 04:07:22','192.168.1.1','登陆成功0021','SU000004','1'),
	('LH000022','2019-10-19 18:04:48','192.168.1.2','登陆成功0022','SU000004','1'),
	('LH000023','2019-11-05 20:56:38','192.168.1.1','登陆成功0023','SU000004','1'),
	('LH000024','2019-10-23 14:49:47','192.168.1.2','登陆成功0024','SU000004','1'),
	('LH000025','2019-11-05 21:44:04','192.168.1.1','登陆成功0025','SU000005','1'),
	('LH000026','2019-10-20 06:11:12','192.168.1.2','登陆成功0026','SU000005','1'),
	('LH000027','2019-10-26 19:24:57','192.168.1.1','登陆成功0027','SU000005','1'),
	('LH000028','2019-11-08 07:54:18','192.168.1.2','登陆成功0028','SU000005','1'),
	('LH000029','2019-11-03 11:13:48','192.168.1.1','登陆成功0029','SU000005','1'),
	('LH000030','2019-10-31 10:53:35','192.168.1.2','登陆成功0030','SU000005','1'),
	('LH000031','2019-10-29 03:51:26','192.168.1.1','登陆成功0031','SU000006','1'),
	('LH000032','2019-10-18 21:20:10','192.168.1.2','登陆成功0032','SU000006','1'),
	('LH000033','2019-10-27 00:46:37','192.168.1.1','登陆成功0033','SU000006','1'),
	('LH000034','2019-10-31 03:56:56','192.168.1.2','登陆成功0034','SU000006','1'),
	('LH000035','2019-10-22 13:44:53','192.168.1.1','登陆成功0035','SU000006','1'),
	('LH000036','2019-10-21 03:12:46','192.168.1.2','登陆成功0036','SU000006','1');

insert into generic_form_data values
	('GF000001','登记输入单','姓名就是你身份证上的名字','1');

insert into form_message_data values
	('FM000001','字段组合错误','GF000001','success','1'),
	('FM000002','字段组合错误0002','GF000001','info','1'),
	('FM000003','字段组合错误0003','GF000001','warning','1'),
	('FM000004','字段组合错误0004','GF000001','danger','1'),
	('FM000005','字段组合错误0005','GF000001','success','1'),
	('FM000006','字段组合错误0006','GF000001','info','1');

insert into form_field_message_data values
	('FFM000001','输入错误','name','GF000001','success','1'),
	('FFM000002','输入错误0002','name0002','GF000001','info','1'),
	('FFM000003','输入错误0003','name0003','GF000001','warning','1'),
	('FFM000004','输入错误0004','name0004','GF000001','danger','1'),
	('FFM000005','输入错误0005','name0005','GF000001','success','1'),
	('FFM000006','输入错误0006','name0006','GF000001','info','1');

insert into form_field_data values
	('FF000001','姓名','name','name','text','GF000001','姓名就是你身份证上的名字','李一一','姓名就是你身份证上的名字','基础信息','maybe any value','a value expression','1','1','1','','','1'),
	('FF000002','年龄','age','name0002','longtext','GF000001','姓名就是你身份证上的名字0002','李一一0002','姓名就是你身份证上的名字0002','扩展信息','maybe any value0002','a value expression0002','1','1','1','','','1'),
	('FF000003','出生地','birth_place','name0003','date','GF000001','姓名就是你身份证上的名字0003','李一一0003','姓名就是你身份证上的名字0003','基础信息','maybe any value0003','a value expression0003','1','1','1','','','1'),
	('FF000004','国籍','country','name0004','date_time','GF000001','姓名就是你身份证上的名字0004','李一一0004','姓名就是你身份证上的名字0004','扩展信息','maybe any value0004','a value expression0004','1','1','1','男,女','男,女','1'),
	('FF000005','姓名','name','name0005','money','GF000001','姓名就是你身份证上的名字0005','李一一0005','姓名就是你身份证上的名字0005','基础信息','maybe any value0005','a value expression0005','1','1','1','高,矮','高,矮','1'),
	('FF000006','年龄','age','name0006','url','GF000001','姓名就是你身份证上的名字0006','李一一0006','姓名就是你身份证上的名字0006','扩展信息','maybe any value0006','a value expression0006','1','1','1','','','1');

insert into form_action_data values
	('FA000001','功能','name','save','default','genericFormManager/name/name0002/name0003/','GF000001','1'),
	('FA000002','功能0002','name0002','update','warning','genericFormManager/name/name0002/name0003/0002','GF000001','1'),
	('FA000003','功能0003','name0003','remove','danger','genericFormManager/name/name0002/name0003/0003','GF000001','1'),
	('FA000004','功能0004','name0004','save','primary','genericFormManager/name/name0002/name0003/0004','GF000001','1'),
	('FA000005','功能0005','name0005','update','default','genericFormManager/name/name0002/name0003/0005','GF000001','1'),
	('FA000006','功能0006','name0006','remove','warning','genericFormManager/name/name0002/name0003/0006','GF000001','1');

insert into candidate_container_data values
	('CC000001','我只是一个容器','1');

insert into candidate_element_data values
	('CE000001','搜索到的匹配字段','类型描述','https://demo.doublechaintech.com/demodata/imageManager/genImage/100/400/200/grey/','CC000001','1'),
	('CE000002','搜索到的匹配字段0002','类型描述0002','https://demo.doublechaintech.com/demodata/imageManager/genImage/100/400/200/grey/','CC000001','1'),
	('CE000003','搜索到的匹配字段0003','类型描述0003','https://demo.doublechaintech.com/demodata/imageManager/genImage/100/400/200/grey/','CC000001','1'),
	('CE000004','搜索到的匹配字段0004','类型描述0004','https://demo.doublechaintech.com/demodata/imageManager/genImage/100/400/200/grey/','CC000001','1'),
	('CE000005','搜索到的匹配字段0005','类型描述0005','https://demo.doublechaintech.com/demodata/imageManager/genImage/100/400/200/grey/','CC000001','1'),
	('CE000006','搜索到的匹配字段0006','类型描述0006','https://demo.doublechaintech.com/demodata/imageManager/genImage/100/400/200/grey/','CC000001','1');



-- Mysql innodb's foreign key has index automatically 
create unique index idx4id_ver_of_platform on platform_data (id, version);

create unique index idx4id_ver_of_change_request_type on change_request_type_data (id, version);
create unique index idx4code_of_change_request_type on change_request_type_data (code);
create  index idx4display_order_of_change_request_type on change_request_type_data (display_order);

create unique index idx4id_ver_of_change_request on change_request_data (id, version);
create  index idx4create_time_of_change_request on change_request_data (create_time);

create unique index idx4id_ver_of_registration on registration_data (id, version);

create unique index idx4id_ver_of_start_exam on start_exam_data (id, version);

create unique index idx4id_ver_of_answer_question on answer_question_data (id, version);

create unique index idx4id_ver_of_exam_status on exam_status_data (id, version);
create unique index idx4code_of_exam_status on exam_status_data (code);

create unique index idx4id_ver_of_question on question_data (id, version);

create unique index idx4id_ver_of_exam_ranking on exam_ranking_data (id, version);

create unique index idx4id_ver_of_answer on answer_data (id, version);

create unique index idx4id_ver_of_wechat_user on wechat_user_data (id, version);
create  index idx4create_time_of_wechat_user on wechat_user_data (create_time);

create unique index idx4id_ver_of_wechat_login_info on wechat_login_info_data (id, version);
create  index idx4app_id_of_wechat_login_info on wechat_login_info_data (app_id);
create  index idx4open_id_of_wechat_login_info on wechat_login_info_data (open_id);
create  index idx4last_update_time_of_wechat_login_info on wechat_login_info_data (last_update_time);

create unique index idx4id_ver_of_exam on exam_data (id, version);
create  index idx4create_time_of_exam on exam_data (create_time);
create  index idx4score_of_exam on exam_data (score);

create unique index idx4id_ver_of_user_answer on user_answer_data (id, version);

create unique index idx4id_ver_of_fault_answer on fault_answer_data (id, version);
create  index idx4create_time_of_fault_answer on fault_answer_data (create_time);

create unique index idx4id_ver_of_user_domain on user_domain_data (id, version);

create unique index idx4id_ver_of_user_white_list on user_white_list_data (id, version);

create unique index idx4id_ver_of_sec_user on sec_user_data (id, version);
create unique index idx4login_of_sec_user on sec_user_data (login);
create unique index idx4email_of_sec_user on sec_user_data (email);
create unique index idx4mobile_of_sec_user on sec_user_data (mobile);
create  index idx4verification_code_of_sec_user on sec_user_data (verification_code);
create  index idx4verification_code_expire_of_sec_user on sec_user_data (verification_code_expire);
create  index idx4last_login_time_of_sec_user on sec_user_data (last_login_time);

create unique index idx4id_ver_of_sec_user_blocking on sec_user_blocking_data (id, version);
create  index idx4block_time_of_sec_user_blocking on sec_user_blocking_data (block_time);

create unique index idx4id_ver_of_user_app on user_app_data (id, version);
create  index idx4object_id_of_user_app on user_app_data (object_id);

create unique index idx4id_ver_of_quick_link on quick_link_data (id, version);
create  index idx4create_time_of_quick_link on quick_link_data (create_time);

create unique index idx4id_ver_of_list_access on list_access_data (id, version);

create unique index idx4id_ver_of_object_access on object_access_data (id, version);

create unique index idx4id_ver_of_login_history on login_history_data (id, version);
create  index idx4login_time_of_login_history on login_history_data (login_time);

create unique index idx4id_ver_of_generic_form on generic_form_data (id, version);

create unique index idx4id_ver_of_form_message on form_message_data (id, version);

create unique index idx4id_ver_of_form_field_message on form_field_message_data (id, version);

create unique index idx4id_ver_of_form_field on form_field_data (id, version);

create unique index idx4id_ver_of_form_action on form_action_data (id, version);

create unique index idx4id_ver_of_candidate_container on candidate_container_data (id, version);

create unique index idx4id_ver_of_candidate_element on candidate_element_data (id, version);
alter table platform_data add constraint pk4id_of_platform_data primary key (id);

alter table change_request_type_data add constraint pk4id_of_change_request_type_data primary key (id);
alter table change_request_type_data add constraint 
	fk4platform_of_change_request_type_data foreign key (platform) references platform_data(id) ON DELETE CASCADE ON UPDATE CASCADE;

alter table change_request_data add constraint pk4id_of_change_request_data primary key (id);
alter table change_request_data add constraint 
	fk4request_type_of_change_request_data foreign key (request_type) references change_request_type_data(id) ON DELETE CASCADE ON UPDATE CASCADE;
alter table change_request_data add constraint 
	fk4platform_of_change_request_data foreign key (platform) references platform_data(id) ON DELETE CASCADE ON UPDATE CASCADE;

alter table registration_data add constraint pk4id_of_registration_data primary key (id);
alter table registration_data add constraint 
	fk4change_request_of_registration_data foreign key (change_request) references change_request_data(id) ON DELETE CASCADE ON UPDATE CASCADE;

alter table start_exam_data add constraint pk4id_of_start_exam_data primary key (id);
alter table start_exam_data add constraint 
	fk4user_of_start_exam_data foreign key (user) references wechat_user_data(id) ON DELETE CASCADE ON UPDATE CASCADE;
alter table start_exam_data add constraint 
	fk4change_request_of_start_exam_data foreign key (change_request) references change_request_data(id) ON DELETE CASCADE ON UPDATE CASCADE;

alter table answer_question_data add constraint pk4id_of_answer_question_data primary key (id);
alter table answer_question_data add constraint 
	fk4user_of_answer_question_data foreign key (user) references wechat_user_data(id) ON DELETE CASCADE ON UPDATE CASCADE;
alter table answer_question_data add constraint 
	fk4user_answer_of_answer_question_data foreign key (user_answer) references user_answer_data(id) ON DELETE CASCADE ON UPDATE CASCADE;
alter table answer_question_data add constraint 
	fk4change_request_of_answer_question_data foreign key (change_request) references change_request_data(id) ON DELETE CASCADE ON UPDATE CASCADE;

alter table exam_status_data add constraint pk4id_of_exam_status_data primary key (id);
alter table exam_status_data add constraint 
	fk4platform_of_exam_status_data foreign key (platform) references platform_data(id) ON DELETE CASCADE ON UPDATE CASCADE;

alter table question_data add constraint pk4id_of_question_data primary key (id);
alter table question_data add constraint 
	fk4platform_of_question_data foreign key (platform) references platform_data(id) ON DELETE CASCADE ON UPDATE CASCADE;

alter table exam_ranking_data add constraint pk4id_of_exam_ranking_data primary key (id);
alter table exam_ranking_data add constraint 
	fk4platform_of_exam_ranking_data foreign key (platform) references platform_data(id) ON DELETE CASCADE ON UPDATE CASCADE;

alter table answer_data add constraint pk4id_of_answer_data primary key (id);
alter table answer_data add constraint 
	fk4question_of_answer_data foreign key (question) references question_data(id) ON DELETE CASCADE ON UPDATE CASCADE;

alter table wechat_user_data add constraint pk4id_of_wechat_user_data primary key (id);
alter table wechat_user_data add constraint 
	fk4platform_of_wechat_user_data foreign key (platform) references platform_data(id) ON DELETE CASCADE ON UPDATE CASCADE;

alter table wechat_login_info_data add constraint pk4id_of_wechat_login_info_data primary key (id);
alter table wechat_login_info_data add constraint 
	fk4wechat_user_of_wechat_login_info_data foreign key (wechat_user) references wechat_user_data(id) ON DELETE CASCADE ON UPDATE CASCADE;

alter table exam_data add constraint pk4id_of_exam_data primary key (id);
alter table exam_data add constraint 
	fk4status_of_exam_data foreign key (status) references exam_status_data(id) ON DELETE CASCADE ON UPDATE CASCADE;
alter table exam_data add constraint 
	fk4user_of_exam_data foreign key (user) references wechat_user_data(id) ON DELETE CASCADE ON UPDATE CASCADE;

alter table user_answer_data add constraint pk4id_of_user_answer_data primary key (id);
alter table user_answer_data add constraint 
	fk4question_of_user_answer_data foreign key (question) references question_data(id) ON DELETE CASCADE ON UPDATE CASCADE;
alter table user_answer_data add constraint 
	fk4exam_of_user_answer_data foreign key (exam) references exam_data(id) ON DELETE CASCADE ON UPDATE CASCADE;

alter table fault_answer_data add constraint pk4id_of_fault_answer_data primary key (id);
alter table fault_answer_data add constraint 
	fk4user_of_fault_answer_data foreign key (user) references wechat_user_data(id) ON DELETE CASCADE ON UPDATE CASCADE;
alter table fault_answer_data add constraint 
	fk4exam_of_fault_answer_data foreign key (exam) references exam_data(id) ON DELETE CASCADE ON UPDATE CASCADE;

alter table user_domain_data add constraint pk4id_of_user_domain_data primary key (id);

alter table user_white_list_data add constraint pk4id_of_user_white_list_data primary key (id);
alter table user_white_list_data add constraint 
	fk4domain_of_user_white_list_data foreign key (domain) references user_domain_data(id) ON DELETE CASCADE ON UPDATE CASCADE;

alter table sec_user_data add constraint pk4id_of_sec_user_data primary key (id);
alter table sec_user_data add constraint 
	fk4domain_of_sec_user_data foreign key (domain) references user_domain_data(id) ON DELETE CASCADE ON UPDATE CASCADE;

alter table sec_user_blocking_data add constraint pk4id_of_sec_user_blocking_data primary key (id);

alter table user_app_data add constraint pk4id_of_user_app_data primary key (id);
alter table user_app_data add constraint 
	fk4sec_user_of_user_app_data foreign key (sec_user) references sec_user_data(id) ON DELETE CASCADE ON UPDATE CASCADE;

alter table quick_link_data add constraint pk4id_of_quick_link_data primary key (id);
alter table quick_link_data add constraint 
	fk4app_of_quick_link_data foreign key (app) references user_app_data(id) ON DELETE CASCADE ON UPDATE CASCADE;

alter table list_access_data add constraint pk4id_of_list_access_data primary key (id);
alter table list_access_data add constraint 
	fk4app_of_list_access_data foreign key (app) references user_app_data(id) ON DELETE CASCADE ON UPDATE CASCADE;

alter table object_access_data add constraint pk4id_of_object_access_data primary key (id);
alter table object_access_data add constraint 
	fk4app_of_object_access_data foreign key (app) references user_app_data(id) ON DELETE CASCADE ON UPDATE CASCADE;

alter table login_history_data add constraint pk4id_of_login_history_data primary key (id);
alter table login_history_data add constraint 
	fk4sec_user_of_login_history_data foreign key (sec_user) references sec_user_data(id) ON DELETE CASCADE ON UPDATE CASCADE;

alter table generic_form_data add constraint pk4id_of_generic_form_data primary key (id);

alter table form_message_data add constraint pk4id_of_form_message_data primary key (id);
alter table form_message_data add constraint 
	fk4form_of_form_message_data foreign key (form) references generic_form_data(id) ON DELETE CASCADE ON UPDATE CASCADE;

alter table form_field_message_data add constraint pk4id_of_form_field_message_data primary key (id);
alter table form_field_message_data add constraint 
	fk4form_of_form_field_message_data foreign key (form) references generic_form_data(id) ON DELETE CASCADE ON UPDATE CASCADE;

alter table form_field_data add constraint pk4id_of_form_field_data primary key (id);
alter table form_field_data add constraint 
	fk4form_of_form_field_data foreign key (form) references generic_form_data(id) ON DELETE CASCADE ON UPDATE CASCADE;

alter table form_action_data add constraint pk4id_of_form_action_data primary key (id);
alter table form_action_data add constraint 
	fk4form_of_form_action_data foreign key (form) references generic_form_data(id) ON DELETE CASCADE ON UPDATE CASCADE;

alter table candidate_container_data add constraint pk4id_of_candidate_container_data primary key (id);

alter table candidate_element_data add constraint pk4id_of_candidate_element_data primary key (id);
alter table candidate_element_data add constraint 
	fk4container_of_candidate_element_data foreign key (container) references candidate_container_data(id) ON DELETE CASCADE ON UPDATE CASCADE;
-- create extra index for time, number and mobile phone







delete from list_access_data ;
delete from object_access_data ;
delete from user_app_data ;
delete from login_history_data ;
delete from sec_user_data ;
delete from user_domain_data ;
insert into user_domain_data values ('UD000001','用户区域','1');



insert into sec_user_data values('SU000001','User000001','13900000001','1000001@qq.com','24327F1C00D22210298A18D0DB9AA6C4C22DEAC4BEAE7C02E616442CA7764246', 'weixin_openid_000001', 'weixin_appid_000001', 'jwt_token_000001' ,'9292993','2019-09-09 09:09:09','2019-09-09 09:09:09','UD000001',NULL,'INIT',1);
insert into user_app_data values('UA000001','链问链答考试中台','SU000001','university',1,'MXWR','Platform','P000001','/link/to/app','1');
insert into user_app_data values('UA000002','我的账户','SU000001','lock',1,'MXWR','SecUser','SU000001','/link/to/app','1');

/* ------------------------------------------------------------------------ */
insert into sec_user_data values('SU000002','User000002','13900000002','1000002@qq.com','BB5210DAE99659C7164D7DBCFC51FB2D167D0DA372D58EF26A9F8533EEA2967C', 'weixin_openid_000002', 'weixin_appid_000002', 'jwt_token_000002' ,'9292993','2019-09-09 09:09:09','2019-09-09 09:09:09','UD000001',NULL,'INIT',1);
insert into user_app_data values('UA000003','微信用户: 张三','SU000002','store',1,'MXWR','WechatUser','WU000001','/link/to/app','1');
insert into user_app_data values('UA000004','我的账户','SU000002','lock',1,'MXWR','SecUser','SU000002','/link/to/app','1');
insert into sec_user_data values('SU000003','User000003','13900000003','1000003@qq.com','9D4104DF2774FDEAAE074CA35B052D8F664F4F99064C7BEAB0B589C2605C4EDA', 'weixin_openid_000003', 'weixin_appid_000003', 'jwt_token_000003' ,'9292993','2019-09-09 09:09:09','2019-09-09 09:09:09','UD000001',NULL,'INIT',1);
insert into user_app_data values('UA000005','微信用户: 李四','SU000003','store',1,'MXWR','WechatUser','WU000002','/link/to/app','1');
insert into user_app_data values('UA000006','我的账户','SU000003','lock',1,'MXWR','SecUser','SU000003','/link/to/app','1');
insert into sec_user_data values('SU000004','User000004','13900000004','1000004@qq.com','9B223EBD008D7B544A3A640739EBE47459D3A4C5296DDA00F594FAF60FE88B28', 'weixin_openid_000004', 'weixin_appid_000004', 'jwt_token_000004' ,'9292993','2019-09-09 09:09:09','2019-09-09 09:09:09','UD000001',NULL,'INIT',1);
insert into user_app_data values('UA000007','微信用户: 王五','SU000004','store',1,'MXWR','WechatUser','WU000003','/link/to/app','1');
insert into user_app_data values('UA000008','我的账户','SU000004','lock',1,'MXWR','SecUser','SU000004','/link/to/app','1');


select mobile as `可用于登录的账号`, 'admin123' as `密码` from sec_user_data;

/*
| 角色        | 用户名           | 密码         |
| ------------- |:-------------:|:-------------------:|
|平台|13900000001|admin123|


*/


create table info_lines(line varchar(400));

insert into info_lines values( '   SSSSSSSSSSSSSSS                                                                                                                  !!! ');
insert into info_lines values( ' SS:::::::::::::::S                                                                                                                !!:!!');
insert into info_lines values( 'S:::::SSSSSS::::::S                                                                                                                !:::!');
insert into info_lines values( 'S:::::S     SSSSSSS                                                                                                                !:::!');
insert into info_lines values( 'S:::::S            uuuuuu    uuuuuu      cccccccccccccccc    cccccccccccccccc    eeeeeeeeeeee        ssssssssss       ssssssssss   !:::!');
insert into info_lines values( 'S:::::S            u::::u    u::::u    cc:::::::::::::::c  cc:::::::::::::::c  ee::::::::::::ee    ss::::::::::s    ss::::::::::s  !:::!');
insert into info_lines values( ' S::::SSSS         u::::u    u::::u   c:::::::::::::::::c c:::::::::::::::::c e::::::eeeee:::::eess:::::::::::::s ss:::::::::::::s !:::!');
insert into info_lines values( '  SS::::::SSSSS    u::::u    u::::u  c:::::::cccccc:::::cc:::::::cccccc:::::ce::::::e     e:::::es::::::ssss:::::ss::::::ssss:::::s!:::!');
insert into info_lines values( '    SSS::::::::SS  u::::u    u::::u  c::::::c     cccccccc::::::c     ccccccce:::::::eeeee::::::e s:::::s  ssssss  s:::::s  ssssss !:::!');
insert into info_lines values( '       SSSSSS::::S u::::u    u::::u  c:::::c             c:::::c             e:::::::::::::::::e    s::::::s         s::::::s      !:::!');
insert into info_lines values( '            S:::::Su::::u    u::::u  c:::::c             c:::::c             e::::::eeeeeeeeeee        s::::::s         s::::::s   !!:!!');
insert into info_lines values( '            S:::::Su:::::uuuu:::::u  c::::::c     cccccccc::::::c     ccccccce:::::::e           ssssss   s:::::s ssssss   s:::::s  !!! ');
insert into info_lines values( 'SSSSSSS     S:::::Su:::::::::::::::uuc:::::::cccccc:::::cc:::::::cccccc:::::ce::::::::e          s:::::ssss::::::ss:::::ssss::::::s     ');
insert into info_lines values( 'S::::::SSSSSS:::::S u:::::::::::::::u c:::::::::::::::::c c:::::::::::::::::c e::::::::eeeeeeee  s::::::::::::::s s::::::::::::::s  !!! ');
insert into info_lines values( 'S:::::::::::::::SS   uu::::::::uu:::u  cc:::::::::::::::c  cc:::::::::::::::c  ee:::::::::::::e   s:::::::::::ss   s:::::::::::ss  !!:!!');
insert into info_lines values( ' SSSSSSSSSSSSSSS       uuuuuuuu  uuuu    cccccccccccccccc    cccccccccccccccc    eeeeeeeeeeeeee    sssssssssss      sssssssssss     !!! ');

select * from info_lines;
/* start with data patch */
/* The sql file is not found from: /works/jobs/bcex_v1/workspace/web-code-generator/sky/data-patch/bcex.sql */



/*
http://patorjk.com/software/taag/#p=testall&h=0&v=0&f=Graceful&t=Success!
   _____                                            _ 
  / ____|                                          | |
 | (___    _   _    ___    ___    ___   ___   ___  | |
  \\___   | | | |  / __|  / __|  / _  / __| / __| | |
  ____) | | |_| | | (__  | (__  |  __/ \\__  \\__  |_|
 |_____/   \\__,_|  \\___|  \\___|  \\___| |___/ |___/ (_)  
+----------+---------------------------------+---------------------+--------+
| Charset  | Description                     | Default collation   | Maxlen |
+----------+---------------------------------+---------------------+--------+
| gb2312   | GB2312 Simplified Chinese       | gb2312_chinese_ci   |      2 |
| gbk      | GBK Simplified Chinese          | gbk_chinese_ci      |      2 |
| utf8mb4  | UTF-8 Unicode                   | utf8mb4_general_ci  |      4 |
| utf32    | UTF-32 Unicode                  | utf32_general_ci    |      4 |
| gb18030  | China National Standard GB18030 | gb18030_chinese_ci  |      4 |
+----------+---------------------------------+---------------------+--------+

*/

